L12_arith,L12_typ,S_arith,S_typ,disorder_full_width,disorder_over_W,interaction,interaction_over_W,point_index_arith,point_index_typ,selection,sigma_arith,sigma_typ,sigma_typ_over_arith,target_filling,temperature,temperature_over_W
-4.805326021593029e-06,-6.268513449535657e-06,0.03647778896934045,0.09832537097525187,0.6,0.6,0.9375,0.9375,872,876,metallic,0.02634658600405798,0.01275055133250078,0.48395459398560786,0.4,0.005,0.005
2.4513156924417593e-07,1.638581572677364e-07,-0.003232884264179225,-0.21793668561464585,1.95,1.95,0.9375,0.9375,944,948,max_abs_S_typ,0.01516488368979152,0.00015037225770925898,0.009915820047501217,0.4,0.005,0.005
-5.294896485023756e-07,-4.770778429054926e-07,0.00597508473765885,0.03878614650379559,0.9,0.9,0.9375,0.9375,888,892,compensation,0.01772325152696795,0.0024600424940838398,0.1388031135449725,0.4,0.005,0.005
5.56975597019958e-08,-1.571990156272921e-10,-0.0010669596220716168,0.024434405405755692,2.4,2.4,0.9375,0.9375,968,972,localized_edge,0.010440425026366603,1.2867021973062851e-06,0.0001232423195470303,0.4,0.005,0.005
-4.6375443459358565e-06,-6.4317814148281345e-06,0.03670199744301577,0.11681478940051072,0.6,0.6,1.125,1.125,1040,1044,metallic,0.02527134580692071,0.011011929992487773,0.43574766760035744,0.4,0.005,0.005
4.5472776871334896e-06,1.8662075450363995e-06,-0.06897533340893792,-0.8511055075405151,1.35,1.35,1.125,1.125,1080,1084,max_abs_S_typ,0.01318522858069794,0.00043853729731564744,0.03325974173535596,0.4,0.005,0.005
-4.504602523493456e-07,-1.3689599845404249e-08,0.006952327367758748,0.11771434126103693,1.05,1.05,1.125,1.125,1064,1068,compensation,0.012958545491926753,2.325901788813809e-05,0.0017948787464325058,0.4,0.005,0.005
5.669497736684797e-08,3.47465423667386e-10,-0.0012293740208264266,-0.07996024793483289,2.55,2.55,1.125,1.125,1144,1148,localized_edge,0.009223389530996547,8.690954133873326e-07,9.422733480642995e-05,0.4,0.005,0.005
-4.495111178931123e-06,-6.4720438989650516e-06,0.036228333735349796,0.1271145131529747,0.6,0.6,1.3125,1.3125,1208,1212,metallic,0.024815445346000102,0.010183013313635296,0.4103498112427248,0.4,0.005,0.005
4.713551195399416e-06,4.0864451010044874e-08,-0.08337699291131752,-0.8005463149987404,1.65,1.65,1.3125,1.3125,1264,1268,max_abs_S_typ,0.01130659917277876,1.0209140993949656e-05,0.0009029364920380928,0.4,0.005,0.005
1.4827706172618806e-07,7.991044304188917e-11,-0.0034162449929793317,-0.012895039927917223,1.35,1.35,1.3125,1.3125,1248,1252,compensation,0.008680704225306427,1.2393981482583298e-06,0.0001427762213859532,0.4,0.005,0.005
9.262022772934235e-08,-1.1564966747667364e-10,-0.002037798602456939,0.028780002777217754,2.55,2.55,1.3125,1.3125,1312,1316,localized_edge,0.009090223893339775,8.036807249248905e-07,8.841154347295353e-05,0.4,0.005,0.005
-1.934187432032483e-05,-2.4987658765176357e-05,0.0735617381234287,0.1964810181661913,0.6,0.6,0.9375,0.9375,873,877,metallic,0.026293389489888394,0.012717594299130119,0.4836802917334375,0.4,0.01,0.01
9.8854768707245e-07,6.490161763654228e-07,-0.0065198432488455796,-0.42090753948326,1.95,1.95,0.9375,0.9375,945,949,max_abs_S_typ,0.015162138863499285,0.0001541944763361111,0.010169704797211203,0.4,0.01,0.01
-2.166378437535953e-06,-1.9087860912461527e-06,0.012230023308756681,0.0777416151934323,0.9,0.9,0.9375,0.9375,889,893,compensation,0.017713608411398764,0.00245529512925197,0.13861066995655044,0.4,0.01,0.01
2.2448104519776513e-07,1.2653635496434001e-09,-0.0021502108243742347,-0.09464974952676389,2.4,2.4,0.9375,0.9375,969,973,localized_edge,0.0104399551268697,1.3368905422043364e-06,0.00012805520004233845,0.4,0.01,0.01
-1.8651842977670098e-05,-2.5599302920492655e-05,0.07394904140747982,0.23304587328477172,0.6,0.6,1.125,1.125,1041,1045,metallic,0.025222562216720628,0.010984662615849645,0.43550938724883603,0.4,0.01,0.01
1.7685985047320816e-05,6.653340868402826e-06,-0.1337360499791616,-1.3339099269551014,1.35,1.35,1.125,1.125,1081,1085,max_abs_S_typ,0.013224545700337792,0.0004987848680000694,0.03771659755293742,0.4,0.01,0.01
-1.838229274734755e-06,-5.373434342828307e-08,0.014193270073379822,0.23057720287337288,1.05,1.05,1.125,1.125,1065,1069,compensation,0.01295141475664896,2.3304274125396775e-05,0.0017993612715887192,0.4,0.01,0.01
2.2743351951581413e-07,7.290583194684541e-10,-0.0024659869380855683,-0.08960531287012717,2.55,2.55,1.125,1.125,1145,1149,localized_edge,0.009222819310323626,8.136329154111009e-07,8.821954415829825e-05,0.4,0.01,0.01
-1.8076399064237528e-05,-2.5737533013839345e-05,0.07298020325142934,0.25335489889454477,0.6,0.6,1.3125,1.3125,1209,1213,metallic,0.0247689075377897,0.010158687724665712,0.4101387075375324,0.4,0.01,0.01
1.812797000474391e-05,1.7895848406959118e-07,-0.16065188970435204,-1.535179615049138,1.65,1.65,1.3125,1.3125,1265,1269,max_abs_S_typ,0.011284006704250317,1.1657169123097241e-05,0.0010330700281050316,0.4,0.01,0.01
6.086272307587716e-07,5.150323196310212e-10,-0.007009465364226186,-0.041614604943296885,1.35,1.35,1.3125,1.3125,1249,1253,compensation,0.008682933706541844,1.2376239551782183e-06,0.00014253523025815283,0.4,0.01,0.01
3.7547016642881597e-07,7.089231808893455e-10,-0.004130886799510068,-0.08877692643712012,2.55,2.55,1.3125,1.3125,1313,1317,localized_edge,0.009089335647574453,7.985444071342898e-07,8.785509063551707e-05,0.4,0.01,0.01
-7.929075111791676e-05,-9.823966462567786e-05,0.1520319365911645,0.3901777417935142,0.6,0.6,0.9375,0.9375,874,878,metallic,0.02607700490297011,0.012589091342589606,0.4827659997546627,0.4,0.02,0.02
4.091832762465633e-06,2.4516634373022417e-06,-0.013503678570694247,-0.7676713067806105,1.95,1.95,0.9375,0.9375,946,950,max_abs_S_typ,0.015150807763396227,0.00015968184662155753,0.010539493940867152,0.4,0.02,0.02
-9.450690093984221e-06,-7.655570094218066e-06,0.026737773484889964,0.15714778921032638,0.9,0.9,0.9375,0.9375,890,894,compensation,0.017672918987298978,0.002435786762476137,0.137825945121271,0.4,0.02,0.02
9.149073605349859e-07,5.2324686953626326e-09,-0.004382584573139402,-0.19394596961985291,2.4,2.4,0.9375,0.9375,970,974,localized_edge,0.010437988648780427,1.3489500982202986e-06,0.00012923467763858028,0.4,0.02,0.02
-7.622034870203285e-05,-9.982758793469159e-05,0.15228973353865105,0.45866419159323274,0.6,0.6,1.125,1.125,1042,1046,metallic,0.02502478234446715,0.010882426594926324,0.4348659838526976,0.4,0.02,0.02
6.488236386572723e-05,2.0391441498485762e-05,-0.2431519288456218,-1.8703516501726756,1.35,1.35,1.125,1.125,1082,1086,max_abs_S_typ,0.013341938962557299,0.0005451231990680248,0.0408578693545109,0.4,0.02,0.02
-8.00876294126726e-06,-2.077924446394238e-07,0.030991723868542605,0.4421751124373637,1.05,1.05,1.125,1.125,1066,1070,compensation,0.012920809076703796,2.3496623712495652e-05,0.001818510247540151,0.4,0.02,0.02
9.284161640049518e-07,2.6412576530301004e-09,-0.00503436707340718,-0.16467899224301427,2.55,2.55,1.125,1.125,1146,1150,localized_edge,0.009220783372244393,8.019412849977965e-07,8.697105794847442e-05,0.4,0.02,0.02
-7.383561276073876e-05,-9.990440492597467e-05,0.15019629380945462,0.4959695641481399,0.6,0.6,1.3125,1.3125,1210,1214,metallic,0.024579705293663816,0.010071626582325369,0.4097537566864825,0.4,0.02,0.02
6.447026530447661e-05,1.015490977502012e-06,-0.2870998050302089,-2.343597593589356,1.65,1.65,1.3125,1.3125,1266,1270,max_abs_S_typ,0.01122784902234486,2.1665216338328982e-05,0.0019295963363251875,0.4,0.02,0.02
2.7325824284599127e-06,2.1648526944125977e-09,-0.01571722903132688,-0.08719484329333183,1.35,1.35,1.3125,1.3125,1250,1254,compensation,0.008692952246905136,1.2413880297541365e-06,0.0001428039628534823,0.4,0.02,0.02
1.54898665427844e-06,3.276394733072374e-09,-0.008524424777284672,-0.2048052163462164,2.55,2.55,1.3125,1.3125,1314,1318,localized_edge,0.009085578761901202,7.998806845656064e-07,8.803849545829345e-05,0.4,0.02,0.02
-0.0005216557803428815,-0.0005028629393669707,0.4245525353508256,0.8483674891511354,0.6,0.6,0.9375,0.9375,875,879,metallic,0.024574380643461017,0.011854837574460292,0.48240636240062224,0.4,0.05,0.05
3.395749400025665e-05,1.1328974366415401e-05,-0.045117741310503244,-1.2609854949789312,1.95,1.95,0.9375,0.9375,947,951,max_abs_S_typ,0.015052834212847206,0.00017968445174866484,0.011936918271198974,0.4,0.05,0.05
-6.586173714256418e-05,-4.09143856808693e-05,0.07564869814876418,0.35419494811782093,0.9,0.9,0.9375,0.9375,891,895,compensation,0.017412523613571294,0.002310274943123094,0.13267892663889738,0.4,0.05,0.05
6.752828434810937e-06,2.7529249734617406e-08,-0.012958430936495673,-0.4116414195697984,2.4,2.4,0.9375,0.9375,971,975,localized_edge,0.010422293359287052,1.3375354580881537e-06,0.00012833408271858979,0.4,0.05,0.05
-0.0005044656225419082,-0.0004927542037581589,0.4269506875479696,0.9517689675954563,0.6,0.6,1.125,1.125,1043,1047,metallic,0.02363109545222266,0.010354491910007327,0.4381723196430751,0.4,0.05,0.05
9.900395436054173e-05,7.311508386453657e-06,-0.1640233950649308,-2.6585484155439216,1.2,1.2,1.125,1.125,1075,1079,max_abs_S_typ,0.012071930875635115,5.50037632845424e-05,0.004556335175473626,0.4,0.05,0.05
-7.094600939073207e-05,-1.009611477588967e-06,0.11209014613999754,0.8425513844220288,1.05,1.05,1.125,1.125,1067,1071,compensation,0.012658741527934565,2.396557637328049e-05,0.001893203705944597,0.4,0.05,0.05
7.053824048648845e-06,1.521181864899284e-08,-0.015327282373322905,-0.38400661680561476,2.55,2.55,1.125,1.125,1147,1151,localized_edge,0.009204272325439775,7.922685695123377e-07,8.607617652973815e-05,0.4,0.05,0.05
-0.0004897425205046793,-0.0004842022372951595,0.42143603697740284,1.003148420126627,0.6,0.6,1.3125,1.3125,1211,1215,metallic,0.02324160620041798,0.009653650996809402,0.41536075061093625,0.4,0.05,0.05
0.000172350690254615,1.134675240659429e-06,-0.373401112104156,-2.913156522846432,1.5,1.5,1.3125,1.3125,1259,1263,max_abs_S_typ,0.009231396729559806,7.790005320762807e-06,0.0008438598783018904,0.4,0.05,0.05
2.6890654871438878e-05,1.9441912233751422e-08,-0.061199925534430176,-0.3024476657480427,1.35,1.35,1.3125,1.3125,1251,1255,compensation,0.00878780640225145,1.285638107714656e-06,0.00014629795524230866,0.4,0.05,0.05
1.2898069132301674e-05,1.7868514650949922e-08,-0.02849685752652562,-0.45044714299583144,2.55,2.55,1.3125,1.3125,1315,1319,localized_edge,0.009052274708041624,7.933678758448816e-07,8.764292969811114e-05,0.4,0.05,0.05
