branch,crossing_index,disorder_full_width,disorder_over_W,interaction,interaction_over_W,target_filling,temperature,temperature_over_W
arith,0,2.780661589328752,2.780661589328752,0.0,0.0,0.4,0.005,0.005
arith,0,2.807616292351993,2.807616292351993,0.1875,0.1875,0.4,0.005,0.005
arith,0,0.36717988975529614,0.36717988975529614,0.375,0.375,0.4,0.005,0.005
arith,1,2.854964371183311,2.854964371183311,0.375,0.375,0.4,0.005,0.005
arith,0,0.5559237798313404,0.5559237798313404,0.5625,0.5625,0.4,0.005,0.005
arith,1,2.9056132824560477,2.9056132824560477,0.5625,0.5625,0.4,0.005,0.005
arith,0,0.7450751925765158,0.7450751925765158,0.75,0.75,0.4,0.005,0.005
arith,0,0.9227670572142497,0.9227670572142497,0.9375,0.9375,0.4,0.005,0.005
arith,0,1.1061854206436161,1.1061854206436161,1.125,1.125,0.4,0.005,0.005
arith,0,1.3008982850745472,1.3008982850745472,1.3125,1.3125,0.4,0.005,0.005
arith,0,1.4956742555544098,1.4956742555544098,1.5,1.5,0.4,0.005,0.005
arith,0,1.6756123713833497,1.6756123713833497,1.6875,1.6875,0.4,0.005,0.005
arith,0,1.8628302170018396,1.8628302170018396,1.875,1.875,0.4,0.005,0.005
arith,0,2.0556522420011936,2.0556522420011936,2.0625,2.0625,0.4,0.005,0.005
arith,0,2.2631744912349703,2.2631744912349703,2.25,2.25,0.4,0.005,0.005
arith,0,2.660241191582701,2.660241191582701,2.4375,2.4375,0.4,0.005,0.005
typ,0,1.7568230098995736,1.7568230098995736,0.0,0.0,0.4,0.005,0.005
typ,1,2.4688674652092644,2.4688674652092644,0.0,0.0,0.4,0.005,0.005
typ,2,2.682910836765078,2.682910836765078,0.0,0.0,0.4,0.005,0.005
typ,0,1.896968072358185,1.896968072358185,0.1875,0.1875,0.4,0.005,0.005
typ,1,2.1503365415793425,2.1503365415793425,0.1875,0.1875,0.4,0.005,0.005
typ,2,2.6545823961665915,2.6545823961665915,0.1875,0.1875,0.4,0.005,0.005
typ,0,0.3745339949481196,0.3745339949481196,0.375,0.375,0.4,0.005,0.005
typ,1,1.9451059466654907,1.9451059466654907,0.375,0.375,0.4,0.005,0.005
typ,2,2.0555434772634213,2.0555434772634213,0.375,0.375,0.4,0.005,0.005
typ,3,2.2673138496327927,2.2673138496327927,0.375,0.375,0.4,0.005,0.005
typ,4,2.487026544749083,2.487026544749083,0.375,0.375,0.4,0.005,0.005
typ,5,2.823099707474566,2.823099707474566,0.375,0.375,0.4,0.005,0.005
typ,0,0.5632662692866784,0.5632662692866784,0.5625,0.5625,0.4,0.005,0.005
typ,1,2.0578140708661024,2.0578140708661024,0.5625,0.5625,0.4,0.005,0.005
typ,2,2.3416544892571984,2.3416544892571984,0.5625,0.5625,0.4,0.005,0.005
typ,3,2.5201056887153843,2.5201056887153843,0.5625,0.5625,0.4,0.005,0.005
typ,4,2.6131138379560332,2.6131138379560332,0.5625,0.5625,0.4,0.005,0.005
typ,5,2.8445651663884566,2.8445651663884566,0.5625,0.5625,0.4,0.005,0.005
typ,0,0.7463240325023851,0.7463240325023851,0.75,0.75,0.4,0.005,0.005
typ,1,2.093236566692994,2.093236566692994,0.75,0.75,0.4,0.005,0.005
typ,2,2.1956310641314216,2.1956310641314216,0.75,0.75,0.4,0.005,0.005
typ,3,2.430947612272905,2.430947612272905,0.75,0.75,0.4,0.005,0.005
typ,4,2.710019348970907,2.710019348970907,0.75,0.75,0.4,0.005,0.005
typ,5,2.9662612208555403,2.9662612208555403,0.75,0.75,0.4,0.005,0.005
typ,0,0.9216357960883957,0.9216357960883957,0.9375,0.9375,0.4,0.005,0.005
typ,1,2.2139412085058265,2.2139412085058265,0.9375,0.9375,0.4,0.005,0.005
typ,2,2.438956160162371,2.438956160162371,0.9375,0.9375,0.4,0.005,0.005
typ,0,1.136263421631366,1.136263421631366,1.125,1.125,0.4,0.005,0.005
typ,1,2.63514655188401,2.63514655188401,1.125,1.125,0.4,0.005,0.005
typ,2,2.817453612893803,2.817453612893803,1.125,1.125,0.4,0.005,0.005
typ,0,1.3288908830518091,1.3288908830518091,1.3125,1.3125,0.4,0.005,0.005
typ,1,2.5254846882245325,2.5254846882245325,1.3125,1.3125,0.4,0.005,0.005
typ,2,2.7146581794522873,2.7146581794522873,1.3125,1.3125,0.4,0.005,0.005
typ,0,1.5301349020117254,1.5301349020117254,1.5,1.5,0.4,0.005,0.005
typ,0,1.7726712690981745,1.7726712690981745,1.6875,1.6875,0.4,0.005,0.005
typ,0,2.0085356175931275,2.0085356175931275,1.875,1.875,0.4,0.005,0.005
typ,1,2.8060073359290723,2.8060073359290723,1.875,1.875,0.4,0.005,0.005
typ,2,2.8916033176065854,2.8916033176065854,1.875,1.875,0.4,0.005,0.005
typ,0,2.26235469693803,2.26235469693803,2.0625,2.0625,0.4,0.005,0.005
typ,0,2.3145892798477727,2.3145892798477727,2.25,2.25,0.4,0.005,0.005
typ,0,2.3677719179079895,2.3677719179079895,2.4375,2.4375,0.4,0.005,0.005
typ,1,2.6511372771191137,2.6511372771191137,2.4375,2.4375,0.4,0.005,0.005
typ,2,2.772945921324037,2.772945921324037,2.4375,2.4375,0.4,0.005,0.005
typ,0,2.3968143893231773,2.3968143893231773,2.625,2.625,0.4,0.005,0.005
typ,1,2.625692923439483,2.625692923439483,2.625,2.625,0.4,0.005,0.005
typ,0,2.4283608171892843,2.4283608171892843,2.8125,2.8125,0.4,0.005,0.005
typ,1,2.610282671621248,2.610282671621248,2.8125,2.8125,0.4,0.005,0.005
typ,0,2.453997255632325,2.453997255632325,3.0,3.0,0.4,0.005,0.005
typ,1,2.5991144345340693,2.5991144345340693,3.0,3.0,0.4,0.005,0.005
arith,0,0.36648690204225326,0.36648690204225326,0.375,0.375,0.4,0.01,0.01
arith,0,0.5564360349872179,0.5564360349872179,0.5625,0.5625,0.4,0.01,0.01
arith,0,0.7451063576096928,0.7451063576096928,0.75,0.75,0.4,0.01,0.01
arith,0,0.9231296493278026,0.9231296493278026,0.9375,0.9375,0.4,0.01,0.01
arith,0,1.1057120368329354,1.1057120368329354,1.125,1.125,0.4,0.01,0.01
arith,0,1.300598366302603,1.300598366302603,1.3125,1.3125,0.4,0.01,0.01
arith,0,1.4957288380713372,1.4957288380713372,1.5,1.5,0.4,0.01,0.01
arith,0,1.6754235866261578,1.6754235866261578,1.6875,1.6875,0.4,0.01,0.01
arith,0,1.8625493229226817,1.8625493229226817,1.875,1.875,0.4,0.01,0.01
arith,0,2.053349924933834,2.053349924933834,2.0625,2.0625,0.4,0.01,0.01
arith,0,2.2450630905484,2.2450630905484,2.25,2.25,0.4,0.01,0.01
arith,0,2.4337863556950237,2.4337863556950237,2.4375,2.4375,0.4,0.01,0.01
arith,0,2.6609432547250047,2.6609432547250047,2.625,2.625,0.4,0.01,0.01
typ,0,2.987047570301648,2.987047570301648,0.0,0.0,0.4,0.01,0.01
typ,0,2.8057555825368317,2.8057555825368317,0.1875,0.1875,0.4,0.01,0.01
typ,0,0.37359961691949,0.37359961691949,0.375,0.375,0.4,0.01,0.01
typ,1,2.860657454095293,2.860657454095293,0.375,0.375,0.4,0.01,0.01
typ,0,0.56333281576238,0.56333281576238,0.5625,0.5625,0.4,0.01,0.01
typ,1,2.964438300665896,2.964438300665896,0.5625,0.5625,0.4,0.01,0.01
typ,0,0.7461887732495598,0.7461887732495598,0.75,0.75,0.4,0.01,0.01
typ,0,0.9219031508482306,0.9219031508482306,0.9375,0.9375,0.4,0.01,0.01
typ,0,1.132367642997818,1.132367642997818,1.125,1.125,0.4,0.01,0.01
typ,0,1.3168053583426973,1.3168053583426973,1.3125,1.3125,0.4,0.01,0.01
typ,0,1.4963270420074664,1.4963270420074664,1.5,1.5,0.4,0.01,0.01
typ,0,1.6805077121019092,1.6805077121019092,1.6875,1.6875,0.4,0.01,0.01
typ,0,1.8721873326631975,1.8721873326631975,1.875,1.875,0.4,0.01,0.01
typ,0,2.0630531778239947,2.0630531778239947,2.0625,2.0625,0.4,0.01,0.01
typ,0,2.2564371189587513,2.2564371189587513,2.25,2.25,0.4,0.01,0.01
typ,0,2.4179483130219013,2.4179483130219013,2.4375,2.4375,0.4,0.01,0.01
typ,0,2.6021308470536972,2.6021308470536972,2.625,2.625,0.4,0.01,0.01
typ,0,2.8853353809108606,2.8853353809108606,2.8125,2.8125,0.4,0.01,0.01
arith,0,0.36347143232749074,0.36347143232749074,0.375,0.375,0.4,0.02,0.02
arith,0,0.5578902391974331,0.5578902391974331,0.5625,0.5625,0.4,0.02,0.02
arith,0,0.7452236821803877,0.7452236821803877,0.75,0.75,0.4,0.02,0.02
arith,0,0.9251099417595388,0.9251099417595388,0.9375,0.9375,0.4,0.02,0.02
arith,0,1.1047352571383775,1.1047352571383775,1.125,1.125,0.4,0.02,0.02
arith,0,1.2991583792871069,1.2991583792871069,1.3125,1.3125,0.4,0.02,0.02
arith,0,1.4959568684504432,1.4959568684504432,1.5,1.5,0.4,0.02,0.02
arith,0,1.6743854459708172,1.6743854459708172,1.6875,1.6875,0.4,0.02,0.02
arith,0,1.861729257905987,1.861729257905987,1.875,1.875,0.4,0.02,0.02
arith,0,2.0530481099749394,2.0530481099749394,2.0625,2.0625,0.4,0.02,0.02
arith,0,2.244374173594999,2.244374173594999,2.25,2.25,0.4,0.02,0.02
arith,0,2.427331683373446,2.427331683373446,2.4375,2.4375,0.4,0.02,0.02
arith,0,2.614123355831819,2.614123355831819,2.625,2.625,0.4,0.02,0.02
arith,0,2.8042058664144105,2.8042058664144105,2.8125,2.8125,0.4,0.02,0.02
arith,0,2.9985355620945957,2.9985355620945957,3.0,3.0,0.4,0.02,0.02
typ,0,0.3697635923545525,0.3697635923545525,0.375,0.375,0.4,0.02,0.02
typ,0,0.563191829342273,0.563191829342273,0.5625,0.5625,0.4,0.02,0.02
typ,0,0.7456558544685445,0.7456558544685445,0.75,0.75,0.4,0.02,0.02
typ,0,0.9231309959112629,0.9231309959112629,0.9375,0.9375,0.4,0.02,0.02
typ,0,1.1082568063024152,1.1082568063024152,1.125,1.125,0.4,0.02,0.02
typ,0,1.3151106414686577,1.3151106414686577,1.3125,1.3125,0.4,0.02,0.02
typ,0,1.4958032521563402,1.4958032521563402,1.5,1.5,0.4,0.02,0.02
typ,0,1.6791212006022205,1.6791212006022205,1.6875,1.6875,0.4,0.02,0.02
typ,0,1.8684245375372137,1.8684245375372137,1.875,1.875,0.4,0.02,0.02
typ,0,2.056375760239923,2.056375760239923,2.0625,2.0625,0.4,0.02,0.02
typ,0,2.2429683215602427,2.2429683215602427,2.25,2.25,0.4,0.02,0.02
typ,0,2.430652019399608,2.430652019399608,2.4375,2.4375,0.4,0.02,0.02
typ,0,2.6142005376468216,2.6142005376468216,2.625,2.625,0.4,0.02,0.02
typ,0,2.8032880707030245,2.8032880707030245,2.8125,2.8125,0.4,0.02,0.02
typ,0,2.990889385421847,2.990889385421847,3.0,3.0,0.4,0.02,0.02
arith,0,0.33992345412631236,0.33992345412631236,0.375,0.375,0.4,0.05,0.05
arith,0,0.555895252651377,0.555895252651377,0.5625,0.5625,0.4,0.05,0.05
arith,0,0.7445062824944306,0.7445062824944306,0.75,0.75,0.4,0.05,0.05
arith,0,0.9333810480456699,0.9333810480456699,0.9375,0.9375,0.4,0.05,0.05
arith,0,1.1126178504173412,1.1126178504173412,1.125,1.125,0.4,0.05,0.05
arith,0,1.2985684404881042,1.2985684404881042,1.3125,1.3125,0.4,0.05,0.05
arith,0,1.4973164438089115,1.4973164438089115,1.5,1.5,0.4,0.05,0.05
arith,0,1.6731066306526226,1.6731066306526226,1.6875,1.6875,0.4,0.05,0.05
arith,0,1.8549031008776684,1.8549031008776684,1.875,1.875,0.4,0.05,0.05
arith,0,2.047538003025072,2.047538003025072,2.0625,2.0625,0.4,0.05,0.05
arith,0,2.2460817636040247,2.2460817636040247,2.25,2.25,0.4,0.05,0.05
arith,0,2.4235700059310274,2.4235700059310274,2.4375,2.4375,0.4,0.05,0.05
arith,0,2.6089173948758693,2.6089173948758693,2.625,2.625,0.4,0.05,0.05
arith,0,2.801160432574896,2.801160432574896,2.8125,2.8125,0.4,0.05,0.05
arith,0,2.99540117656696,2.99540117656696,3.0,3.0,0.4,0.05,0.05
typ,0,0.3412157942689642,0.3412157942689642,0.375,0.375,0.4,0.05,0.05
typ,0,0.554641090730422,0.554641090730422,0.5625,0.5625,0.4,0.05,0.05
typ,0,0.7411112430489708,0.7411112430489708,0.75,0.75,0.4,0.05,0.05
typ,0,0.9267728799118643,0.9267728799118643,0.9375,0.9375,0.4,0.05,0.05
typ,0,1.0681996803450409,1.0681996803450409,1.125,1.125,0.4,0.05,0.05
typ,0,1.3008419189612077,1.3008419189612077,1.3125,1.3125,0.4,0.05,0.05
typ,0,1.49413910438987,1.49413910438987,1.5,1.5,0.4,0.05,0.05
typ,0,1.6727833761282815,1.6727833761282815,1.6875,1.6875,0.4,0.05,0.05
typ,0,1.8628424805369515,1.8628424805369515,1.875,1.875,0.4,0.05,0.05
typ,0,2.0532291948210233,2.0532291948210233,2.0625,2.0625,0.4,0.05,0.05
typ,0,2.2418623498778123,2.2418623498778123,2.25,2.25,0.4,0.05,0.05
typ,0,2.4288819798047263,2.4288819798047263,2.4375,2.4375,0.4,0.05,0.05
typ,0,2.611990107991416,2.611990107991416,2.625,2.625,0.4,0.05,0.05
typ,0,2.8017145865302524,2.8017145865302524,2.8125,2.8125,0.4,0.05,0.05
typ,0,2.9892877083788147,2.9892877083788147,3.0,3.0,0.4,0.05,0.05
