L11_arith,L11_typ,L12_balance_arith,L12_balance_typ,L12_negative_arith,L12_negative_typ,L12_positive_arith,L12_positive_typ,abs_delta_disorder,abs_delta_disorder_over_W,delta_disorder,disorder_arith,disorder_over_W_arith,disorder_over_W_typ,disorder_typ,interaction,interaction_over_W,point_index_arith,point_index_typ,sampled_disorder_arith,sampled_disorder_typ,target_filling,temperature,temperature_over_W,transport_distribution_L1_distance
0.008453270919320386,4.304303590493021e-08,5.1570979628063425e-09,-2.7846040531510177e-12,-2.891473047845926e-05,-1.4224833842179166e-10,2.8919887576422067e-05,1.3946373436864064e-10,0.09775075256367405,0.09775075256367405,-0.09775075256367405,2.780661589328752,2.780661589328752,2.682910836765078,2.682910836765078,0.0,0.0,144,148,2.7,2.7,0.4,0.005,0.005,0.02880810357442084
0.008449815012365303,7.135065541853995e-08,8.341155174426836e-09,-1.5251543073811747e-11,-2.890099284211779e-05,-2.5633794752541205e-10,2.8909333997292216e-05,2.410864044516003e-10,0.15303389618540164,0.15303389618540164,-0.15303389618540164,2.807616292351993,2.807616292351993,2.6545823961665915,2.6545823961665915,0.1875,0.1875,312,316,2.7,2.7,0.4,0.005,0.005,0.026526146336220212
0.09941613269465373,0.09870477153742621,-6.112310914976231e-06,-6.486339632111272e-06,-0.0003431009386550922,-0.0003408845769415141,0.00033698862774011594,0.00033439823730940283,0.007354105192823479,0.007354105192823479,0.007354105192823479,0.36717988975529614,0.36717988975529614,0.3745339949481196,0.3745339949481196,0.375,0.375,352,356,0.3,0.3,0.4,0.005,0.005,0.00018093717281065342
0.046823777606105704,0.04159435237458871,3.122857422840642e-06,2.7263155716537835e-06,-0.00015861569430209325,-0.00014089582044870917,0.0001617385517249339,0.00014362213602036296,0.007342489455337997,0.007342489455337997,0.007342489455337997,0.5559237798313404,0.5559237798313404,0.5632662692866784,0.5632662692866784,0.5625,0.5625,536,540,0.6,0.6,0.4,0.005,0.005,9.025661436649256e-05
0.026657749892023783,0.014445163726636914,1.5281084190529133e-07,1.3687634761269554e-07,-9.111073704374399e-05,-4.9339016927815774e-05,9.126354788564928e-05,4.947589327542847e-05,0.0012488399258693272,0.0012488399258693272,0.0012488399258693272,0.7450751925765158,0.7450751925765158,0.7463240325023851,0.7463240325023851,0.75,0.75,712,716,0.75,0.75,0.4,0.005,0.005,0.00015817830787334778
0.01772325152696795,0.0024600424940838398,-5.288752223716741e-07,-4.7652015701771884e-07,-6.087633751295036e-05,-8.645931867778481e-06,6.0347462290578685e-05,8.169411710760762e-06,0.001131261125853933,0.001131261125853933,-0.001131261125853933,0.9227670572142497,0.9227670572142497,0.9216357960883957,0.9216357960883957,0.9375,0.9375,888,892,0.9,0.9,0.4,0.005,0.005,0.006918326528438783
0.012958545491926753,2.325901788813809e-05,-4.499370439778677e-07,-1.3625494484917121e-08,-4.454194306835005e-05,-8.621117283802178e-08,4.409200602437218e-05,7.258567835310466e-08,0.03007800098774993,0.03007800098774993,0.03007800098774993,1.1061854206436161,1.1061854206436161,1.136263421631366,1.136263421631366,1.125,1.125,1064,1068,1.05,1.05,0.4,0.005,0.005,0.029417106513361373
0.008680704225306427,1.2393981482583298e-06,1.4810515790608414e-07,8.435922201624297e-11,-2.9624045246848968e-05,-4.157445307877656e-09,2.9772150404755052e-05,4.241804529893899e-09,0.027992597977261946,0.027992597977261946,0.027992597977261946,1.3008982850745472,1.3008982850745472,1.3288908830518091,1.3288908830518091,1.3125,1.3125,1248,1252,1.35,1.35,0.4,0.005,0.005,0.028691874359838755
0.006864854152897736,3.7753444348734865e-07,5.888154300298838e-09,-2.0425023874847597e-11,-2.3479998210239202e-05,-1.3028329101947945e-09,2.34858863645395e-05,1.282407886319947e-09,0.034460646457315613,0.034460646457315613,0.034460646457315613,1.4956742555544098,1.4956742555544098,1.5301349020117254,1.5301349020117254,1.5,1.5,1424,1428,1.5,1.5,0.4,0.005,0.005,0.024322104352931688
0.005619068300481491,1.691492739905306e-07,-2.5402017146722002e-08,-8.409538167090385e-12,-1.9233574939729127e-05,-5.704543247117329e-10,1.9208172922582405e-05,5.620447865446425e-10,0.09705889771482479,0.09705889771482479,0.09705889771482479,1.6756123713833497,1.6756123713833497,1.7726712690981745,1.7726712690981745,1.6875,1.6875,1600,1604,1.65,1.65,0.4,0.005,0.005,0.023338669360009476
0.004161853387915571,8.364847555899866e-08,3.9533575050803907e-08,-4.5939763943067115e-12,-1.4217672140228959e-05,-2.9159849961037466e-10,1.4257205715279762e-05,2.8700452321606795e-10,0.1457054005912879,0.1457054005912879,0.1457054005912879,1.8628302170018396,1.8628302170018396,2.0085356175931275,2.0085356175931275,1.875,1.875,1784,1788,1.95,1.95,0.4,0.005,0.005,0.019302036013729318
0.003546445468924637,4.922569284988176e-08,1.0427942518332356e-08,-3.5150185665328844e-12,-1.212642085395174e-05,-1.730984199119292e-10,1.2136848796470073e-05,1.695834013453963e-10,0.2067024549368366,0.2067024549368366,0.2067024549368366,2.0556522420011936,2.0556522420011936,2.26235469693803,2.26235469693803,2.0625,2.0625,1960,1964,2.1,2.1,0.4,0.005,0.005,0.01713736733670073
0.003070125751763848,3.157461088637283e-08,-2.095461030130548e-09,-4.025797406052282e-12,-1.0503087691571558e-05,-1.1149053511758244e-10,1.0500992230541428e-05,1.0746473771153016e-10,0.051414788612802464,0.051414788612802464,0.051414788612802464,2.2631744912349703,2.2631744912349703,2.3145892798477727,2.3145892798477727,2.25,2.25,2136,2140,2.25,2.25,0.4,0.005,0.005,0.017002855842917358
0.0022268949649828073,2.1682754190028408e-08,2.931324460330351e-09,-2.315460838122378e-12,-7.617348412852201e-06,-7.54080626955655e-11,7.620279737312532e-06,7.309260185744312e-11,0.00910391446358716,0.00910391446358716,-0.00910391446358716,2.660241191582701,2.660241191582701,2.6511372771191137,2.6511372771191137,2.4375,2.4375,2328,2332,2.7,2.7,0.4,0.005,0.005,0.01598632403526846
0.0993959367910073,0.09870247228971926,-2.3739405727346628e-05,-2.519914784678977e-05,-0.000698345426227809,-0.000694502977969395,0.0006746060205004623,0.0006693038301226052,0.007112714877236748,0.007112714877236748,0.007112714877236748,0.36648690204225326,0.36648690204225326,0.37359961691949,0.37359961691949,0.375,0.375,353,357,0.3,0.3,0.4,0.01,0.01,0.0003659063625026059
0.04682416927096193,0.04157705118704916,1.2319713260346566e-05,1.0827021317241791e-05,-0.0003173546037636945,-0.00028162663014855675,0.00032967431702404104,0.00029245365146579854,0.006896780775162092,0.006896780775162092,0.006896780775162092,0.5564360349872179,0.5564360349872179,0.56333281576238,0.56333281576238,0.5625,0.5625,537,541,0.6,0.6,0.4,0.01,0.01,0.000309160298532022
0.026656150660712315,0.014441426387210868,6.137485610380005e-07,5.685326096732554e-07,-0.00018383385168399476,-9.944038358439581e-05,0.00018444760024503276,0.00010000891619406907,0.001082415639866996,0.001082415639866996,0.001082415639866996,0.7451063576096928,0.7451063576096928,0.7461887732495598,0.7461887732495598,0.75,0.75,713,717,0.75,0.75,0.4,0.01,0.01,0.0003463013343170306
0.017713608411398764,0.00245529512925197,-2.1660675413296315e-06,-1.9085039681338765e-06,-0.00012333978092776623,-1.7856805365529803e-05,0.0001211737133864366,1.5948301397395926e-05,0.0012264984795720135,0.0012264984795720135,-0.0012264984795720135,0.9231296493278026,0.9231296493278026,0.9219031508482306,0.9219031508482306,0.9375,0.9375,889,893,0.9,0.9,0.4,0.01,0.01,0.013855900740898461
0.01295141475664896,2.3304274125396775e-05,-1.8379645350347985e-06,-5.370187175261532e-08,-9.030702669815328e-05,-1.8845022098521496e-07,8.846906216311848e-05,1.3474834923259965e-07,0.026655606164882606,0.026655606164882606,0.026655606164882606,1.1057120368329354,1.1057120368329354,1.132367642997818,1.132367642997818,1.125,1.125,1065,1069,1.05,1.05,0.4,0.01,0.01,0.04869110874490617
0.008682933706541844,1.2376239551782183e-06,6.085402787637628e-07,5.172747709275352e-10,-5.97132648164861e-05,-8.288745120392583e-09,6.032180509524986e-05,8.806019891320119e-09,0.016206992040094237,0.016206992040094237,0.016206992040094237,1.300598366302603,1.300598366302603,1.3168053583426973,1.3168053583426973,1.3125,1.3125,1249,1253,1.35,1.35,0.4,0.01,0.01,0.02914724475817459
0.006864820190647653,3.773874654963749e-07,2.3602357309799812e-08,9.572491532891538e-12,-4.7415163183507674e-05,-2.6024118476020974e-09,4.7438765540817474e-05,2.611984339134989e-09,0.0005982039361291935,0.0005982039361291935,0.0005982039361291935,1.4957288380713372,1.4957288380713372,1.4963270420074664,1.4963270420074664,1.5,1.5,1425,1429,1.5,1.5,0.4,0.01,0.01,0.024355361091354125
0.005618692304129426,1.6807943141725611e-07,-1.0344668394403323e-07,-1.7836397049546123e-11,-3.886511167162856e-05,-1.1647057951214516e-09,3.876166498768453e-05,1.1468693980719055e-09,0.005084125475751433,0.005084125475751433,0.005084125475751433,1.6754235866261578,1.6754235866261578,1.6805077121019092,1.6805077121019092,1.6875,1.6875,1601,1605,1.65,1.65,0.4,0.01,0.01,0.022279034759859668
0.004705110300267367,8.974978789132879e-08,-1.1548464892460443e-07,-1.5907230980706023e-11,-3.255977823450698e-05,-6.285850100849649e-10,3.2444293585582375e-05,6.126777791042589e-10,0.009638009740515763,0.009638009740515763,0.009638009740515763,1.8625493229226817,1.8625493229226817,1.8721873326631975,1.8721873326631975,1.875,1.875,1777,1781,1.8,1.8,0.4,0.01,0.01,0.020728672118330623
0.0035465399190870417,4.961764830583961e-08,4.506709611601712e-08,3.716135684157323e-12,-2.4480983268792758e-05,-3.425292958692786e-10,2.4526050364908775e-05,3.462454315534359e-10,0.00970325289016083,0.00970325289016083,0.00970325289016083,2.053349924933834,2.053349924933834,2.0630531778239947,2.0630531778239947,2.0625,2.0625,1961,1965,2.1,2.1,0.4,0.01,0.01,0.019636355200524237
0.0030700915228506044,3.1769015416539635e-08,2.7456587033560626e-09,-3.8000897197310615e-13,-2.1208958273018416e-05,-2.2047943797223806e-10,2.1211703931721772e-05,2.2009942900026495e-10,0.0113740284103514,0.0113740284103514,0.0113740284103514,2.2450630905484,2.2450630905484,2.2564371189587513,2.2564371189587513,2.25,2.25,2137,2141,2.25,2.25,0.4,0.01,0.01,0.01891312307806004
0.002689329192720695,2.1509555013286912e-08,-1.3466932028613477e-08,-5.806019741522971e-13,-1.858594019940763e-05,-1.499770021574187e-10,1.8572473267379016e-05,1.493964001832664e-10,0.015838042673122388,0.015838042673122388,-0.015838042673122388,2.4337863556950237,2.4337863556950237,2.4179483130219013,2.4179483130219013,2.4375,2.4375,2313,2317,2.4,2.4,0.4,0.01,0.01,0.01827456206648149
0.002150528195926174,1.4672272933039504e-08,7.731160558699864e-09,4.665214082835817e-13,-1.4853681929807322e-05,-1.0102135610072935e-10,1.4861413090366022e-05,1.0148787750901293e-10,0.058812407671307465,0.058812407671307465,-0.058812407671307465,2.6609432547250047,2.6609432547250047,2.6021308470536972,2.6021308470536972,2.625,2.625,2497,2501,2.7,2.7,0.4,0.01,0.01,0.016877868583668923
0.09934141184245096,0.09870567287486942,-8.373687448582343e-05,-8.922861156557011e-05,-0.0014169508452583478,-0.0014121406210604052,0.0013332139707725244,0.0013229120094948351,0.006292160027061733,0.006292160027061733,0.006292160027061733,0.36347143232749074,0.36347143232749074,0.3697635923545525,0.3697635923545525,0.375,0.375,354,358,0.3,0.3,0.4,0.02,0.02,0.0007401840677767066
0.04681471471138202,0.04150382910817906,4.651038287265918e-05,4.203062247675306e-05,-0.0006249326918817857,-0.0005520925326437268,0.0006714430747544449,0.0005941231551204798,0.005301590144839885,0.005301590144839885,0.005301590144839885,0.5578902391974331,0.5578902391974331,0.563191829342273,0.563191829342273,0.5625,0.5625,538,542,0.6,0.6,0.4,0.02,0.02,0.0010854661602207342
0.0266496923836251,0.014426065116980597,2.4861224993320244e-06,2.598149915432991e-06,-0.0003677329715184281,-0.00019812708737447092,0.00037021909401776013,0.0002007252372899039,0.00043217228815684017,0.00043217228815684017,0.00043217228815684017,0.7452236821803877,0.7452236821803877,0.7456558544685445,0.7456558544685445,0.75,0.75,714,718,0.75,0.75,0.4,0.02,0.02,0.0009145269277464816
0.017672918987298978,0.002435786762476137,-9.450534042426234e-06,-7.655428610497141e-06,-0.0002484725680400095,-3.7064502878839776e-05,0.0002390220339975833,2.9409074268342635e-05,0.001978945848275848,0.001978945848275848,-0.001978945848275848,0.9251099417595388,0.9251099417595388,0.9231309959112629,0.9231309959112629,0.9375,0.9375,890,894,0.9,0.9,0.4,0.02,0.02,0.027865470310414746
0.012920809076703796,2.3496623712495652e-05,-8.008630043673668e-06,-2.0777616120469427e-07,-0.00018217447715893032,-4.3365982255454116e-07,0.00017416584711525665,2.258836613498469e-07,0.003521549164037685,0.003521549164037685,0.003521549164037685,1.1047352571383775,1.1047352571383775,1.1082568063024152,1.1082568063024152,1.125,1.125,1066,1070,1.05,1.05,0.4,0.02,0.02,0.09023858247206525
0.008692952246905136,1.2413880297541365e-06,2.7325388495328382e-06,2.1659772070399724e-09,-0.00011932497508947291,-1.6210148634356777e-08,0.00012205751393900575,1.837612584139675e-08,0.01595226218155088,0.01595226218155088,0.01595226218155088,1.2991583792871069,1.2991583792871069,1.3151106414686577,1.3151106414686577,1.3125,1.3125,1250,1254,1.35,1.35,0.4,0.02,0.02,0.031804348913146735
0.006864683498576524,3.7721320940728464e-07,9.48368546251912e-08,4.2357095131202664e-11,-9.503568817962051e-05,-5.1997880609104375e-09,9.51305250342457e-05,5.24214515604164e-09,0.00015361629410293176,0.00015361629410293176,-0.00015361629410293176,1.4959568684504432,1.4959568684504432,1.4958032521563402,1.4958032521563402,1.5,1.5,1426,1430,1.5,1.5,0.4,0.02,0.02,0.024320032666538524
0.0056170956364316495,1.6789760567640862e-07,-4.457628396898266e-07,-7.244728675559355e-11,-7.798583356947022e-05,-2.3558419602167867e-09,7.75400707297804e-05,2.283394673461193e-09,0.0047357546314032994,0.0047357546314032994,0.0047357546314032994,1.6743854459708172,1.6743854459708172,1.6791212006022205,1.6791212006022205,1.6875,1.6875,1602,1606,1.65,1.65,0.4,0.02,0.02,0.022381013752942554
0.0047036490131456225,8.96699504483417e-08,-4.88031342376827e-07,-6.179695440345338e-11,-6.535843385413218e-05,-1.2711818457425234e-09,6.487040251175535e-05,1.20938489133907e-09,0.006695279631226736,0.006695279631226736,0.006695279631226736,1.861729257905987,1.861729257905987,1.8684245375372137,1.8684245375372137,1.875,1.875,1778,1782,1.8,1.8,0.4,0.02,0.02,0.021233634308476416
0.003546993214306767,4.964843266545965e-08,1.9005929895482852e-07,1.7757075414797625e-11,-4.9048522507514654e-05,-6.79662081919865e-10,4.923858180646948e-05,6.974191573346626e-10,0.003327650264983717,0.003327650264983717,0.003327650264983717,2.0530481099749394,2.0530481099749394,2.056375760239923,2.056375760239923,2.0625,2.0625,1962,1966,2.1,2.1,0.4,0.02,0.02,0.019879014416336976
0.0030700729236148704,3.177707154039246e-08,1.2971343972804255e-08,1.469916382206737e-12,-4.2518440315934025e-05,-4.3961885974710175e-10,4.253141165990683e-05,4.410887761293085e-10,0.0014058520347561831,0.0014058520347561831,-0.0014058520347561831,2.244374173594999,2.244374173594999,2.2429683215602427,2.2429683215602427,2.25,2.25,2138,2142,2.25,2.25,0.4,0.02,0.02,0.018987314318756058
0.002689176956838282,2.15293626051814e-08,-4.820842312931777e-08,-3.338405632378223e-12,-3.726975489261639e-05,-3.001126425475608e-10,3.7221546469487074e-05,2.967742369151826e-10,0.0033203360261619963,0.0033203360261619963,0.0033203360261619963,2.427331683373446,2.427331683373446,2.430652019399608,2.430652019399608,2.4375,2.4375,2314,2318,2.4,2.4,0.4,0.02,0.02,0.01859248193913903
0.002377985578196908,1.5313524784259965e-08,-6.552688573108309e-08,-4.006625368010875e-12,-3.2967456267943164e-05,-2.1398449472017481e-10,3.290192938221208e-05,2.0997786935216394e-10,7.71818150027137e-05,7.71818150027137e-05,7.71818150027137e-05,2.614123355831819,2.614123355831819,2.6142005376468216,2.6142005376468216,2.625,2.625,2490,2494,2.55,2.55,0.4,0.02,0.02,0.0195140609152014
0.001922570740853004,1.0671332374740758e-08,2.9148450871586376e-08,1.838095945966937e-12,-2.6617035164160628e-05,-1.4697660887180574e-10,2.6646183615032215e-05,1.4881470481777268e-10,0.0009177957113859492,0.0009177957113859492,-0.0009177957113859492,2.8042058664144105,2.8042058664144105,2.8032880707030245,2.8032880707030245,2.8125,2.8125,2674,2678,2.85,2.85,0.4,0.02,0.02,0.015134161412830343
0.0017309129083058889,7.991415197918375e-09,7.359383124268064e-10,2.3073922346160384e-13,-2.3975228444873773e-05,-1.1063347304923094e-10,2.39759643831862e-05,1.1086421227269254e-10,0.007646176672748695,0.007646176672748695,-0.007646176672748695,2.9985355620945957,2.9985355620945957,2.990889385421847,2.990889385421847,3.0,3.0,2850,2854,3.0,3.0,0.4,0.02,0.02,0.012874646498690481
0.09921943049056703,0.09871277533981405,-0.000208845597194229,-0.00022227090918440582,-0.0035320954592651063,-0.0035223529550249275,0.0033232498620708773,0.0033000820458405217,0.0012923401426518377,0.0012923401426518377,0.0012923401426518377,0.33992345412631236,0.33992345412631236,0.3412157942689642,0.3412157942689642,0.375,0.375,355,359,0.3,0.3,0.4,0.05,0.05,0.0016065406720995935
0.046541813188778466,0.04091494599523919,0.00021537949264916292,0.00023239569239740334,-0.001487083801888841,-0.0012677794248126904,0.001702463294538004,0.0015001751172100937,0.0012541619209549548,0.0012541619209549548,-0.0012541619209549548,0.555895252651377,0.555895252651377,0.554641090730422,0.554641090730422,0.5625,0.5625,539,543,0.6,0.6,0.4,0.05,0.05,0.00528473827805039
0.02660164129766774,0.014302415861993292,1.7123529165488627e-05,2.901972125975231e-05,-0.0009104046523883369,-0.00047347221058211935,0.0009275281815538255,0.0005024919318418717,0.0033950394454598243,0.0033950394454598243,-0.0033950394454598243,0.7445062824944306,0.7445062824944306,0.7411112430489708,0.7411112430489708,0.75,0.75,715,719,0.75,0.75,0.4,0.05,0.05,0.005606824232151442
0.017412523613571294,0.002310274943123094,-6.586167416590069e-05,-4.0914328988196774e-05,-0.0006252701645789282,-9.478407250175966e-05,0.0005594084904130275,5.386974351356289e-05,0.006608168133805603,0.006608168133805603,-0.006608168133805603,0.9333810480456699,0.9333810480456699,0.9267728799118643,0.9267728799118643,0.9375,0.9375,891,895,0.9,0.9,0.4,0.05,0.05,0.07040938815457785
0.012658741527934565,2.396557637328049e-05,-7.094595565366465e-05,-1.0096047331516345e-06,-0.00046040095266447684,-1.3431284086794337e-06,0.0003894549970108122,3.335236755277993e-07,0.04441817007230031,0.04441817007230031,-0.04441817007230031,1.1126178504173412,1.1126178504173412,1.0681996803450409,1.0681996803450409,1.125,1.125,1067,1071,1.05,1.05,0.4,0.05,0.05,0.1841052686810693
0.00878780640225145,1.285638107714656e-06,2.68906375145326e-05,1.9442365993865695e-08,-0.00029637048901303033,-3.755990151755445e-08,0.00032326112652756293,5.700226751142014e-08,0.0022734784731035518,0.0022734784731035518,0.0022734784731035518,1.2985684404881042,1.2985684404881042,1.3008419189612077,1.3008419189612077,1.3125,1.3125,1251,1255,1.35,1.35,0.4,0.05,0.05,0.054461160286204555
0.00686370710459684,3.759771127099343e-07,6.119804509194791e-07,3.512426340587255e-10,-0.00023748446425504068,-1.2780838310391708e-08,0.00023809644470596016,1.3132080944450434e-08,0.003177339419041525,0.003177339419041525,-0.003177339419041525,1.4973164438089115,1.4973164438089115,1.49413910438987,1.49413910438987,1.5,1.5,1427,1431,1.5,1.5,0.4,0.05,0.05,0.02408037597453532
0.0055987118999318766,1.6670226460170082e-07,-5.418032758659075e-06,-4.699389810887022e-10,-0.00019536277870527645,-5.939528252120061e-09,0.00018994474594661738,5.469589271031359e-09,0.0003232545243410101,0.0003232545243410101,-0.0003232545243410101,1.6731066306526226,1.6731066306526226,1.6727833761282815,1.6727833761282815,1.6875,1.6875,1603,1607,1.65,1.65,0.4,0.05,0.05,0.02322452282185905
0.004687647326731265,8.897528615757284e-08,-5.348408750685714e-06,-3.9907643311494697e-10,-0.00016388838713747144,-3.244722364944783e-09,0.00015853997838678573,2.845645931829836e-09,0.007939379659283041,0.007939379659283041,0.007939379659283041,1.8549031008776684,1.8549031008776684,1.8628424805369515,1.8628424805369515,1.875,1.875,1779,1783,1.8,1.8,0.4,0.05,0.05,0.02447449089489976
0.003552904971242742,4.974473209291241e-08,2.2353294909528134e-06,1.2465179856297193e-10,-0.00012250494920113203,-1.668172924128565e-09,0.00012474027869208485,1.7928247226915369e-09,0.005691191795951234,0.005691191795951234,0.005691191795951234,2.047538003025072,2.047538003025072,2.0532291948210233,2.0532291948210233,2.0625,2.0625,1963,1967,2.1,2.1,0.4,0.05,0.05,0.021132165578553214
0.0030699831250749782,3.174857993983251e-08,8.22523249402018e-08,1.081964922152033e-11,-0.00010633725587428036,-1.0931932755459082e-09,0.00010641950819922057,1.1040129247674286e-09,0.004219413726212373,0.004219413726212373,-0.004219413726212373,2.2460817636040247,2.2460817636040247,2.2418623498778123,2.2418623498778123,2.25,2.25,2139,2143,2.25,2.25,0.4,0.05,0.05,0.018864843818658265
0.002687816284485863,2.148640063157459e-08,-4.897236693876132e-07,-2.1262830543232855e-11,-9.32753654633971e-05,-7.527389988096625e-10,9.278564179400948e-05,7.314761682664297e-10,0.005311973873698861,0.005311973873698861,0.005311973873698861,2.4235700059310274,2.4235700059310274,2.4288819798047263,2.4288819798047263,2.4375,2.4375,2315,2319,2.4,2.4,0.4,0.05,0.05,0.018698433773222167
0.0023765708936209743,1.5276808921824478e-08,-5.815281487798915e-07,-2.53569439349927e-11,-8.25375242416151e-05,-5.399302520834902e-10,8.19559960928352e-05,5.145733081484975e-10,0.003072713115546577,0.003072713115546577,0.003072713115546577,2.6089173948758693,2.6089173948758693,2.611990107991416,2.611990107991416,2.625,2.625,2491,2495,2.55,2.55,0.4,0.05,0.05,0.02009075650416615
0.0019230696664731374,1.0675326139848109e-08,2.6100434285072135e-07,1.2162185958612789e-11,-6.65516507597954e-05,-3.6413271132179366e-10,6.681265510264612e-05,3.7629489728040645e-10,0.0005541539553561847,0.0005541539553561847,0.0005541539553561847,2.801160432574896,2.801160432574896,2.8017145865302524,2.8017145865302524,2.8125,2.8125,2675,2679,2.85,2.85,0.4,0.05,0.05,0.01558991920488733
0.001730895389599823,7.987263120174239e-09,1.4865368465420258e-08,1.7260575103951971e-12,-5.997245250854266e-05,-2.757232392885361e-10,5.998731787700808e-05,2.7744929679893127e-10,0.006113468188145177,0.006113468188145177,-0.006113468188145177,2.99540117656696,2.99540117656696,2.9892877083788147,2.9892877083788147,3.0,3.0,2851,2855,3.0,3.0,0.4,0.05,0.05,0.01284401412546345
