L11,L12,L22,branch,cauchy_schwarz_determinant,cauchy_schwarz_ok,chemical_potential,disorder_full_width,filling_error,filling_solver_evaluations,final_residual,half_filling,ill_conditioned,index,interaction,iterations,kappa_e,kappa_half_filling_formula,kappa_half_relative_difference,lorenz,lorenz_over_L0,max_imag_sigma_global,max_imag_sigma_relevant,obtained_filling,rho_arith_zero,rho_floor_count_final,rho_typ_zero,rho_zero,sigma,sigma_T0,status,sum_rule_arith_bath,sum_rule_medium,target_filling,tau_symmetry_relative_error,temperature,temperatures,thermopower
12.853442348464506,-0.012215861922699467,0.004206566766887813,arith,0.05391963614064478,True,0.2026519775390625,0.0,6.989444298555192e-06,19,9.551925928893761e-09,False,False,0,0.0,463,0.4194956858937179,0.42065667668878126,0.0027599485742201223,3.2636835683464325,0.9920408465367274,5.551115123125783e-17,5.551115123125783e-17,0.7500069894442986,1.1614295099427918,0.0,1.1614295099427918,1.1614295099427918,12.853442348464506,37.61766609450511,success,0.9998726752739671,0.9998726752739671,0.75,0.9819357678169253,0.01,[0.01],0.09503961344766754
12.843453705608074,-0.012249113375314175,0.0042034965589927255,typ,0.05383737267862461,True,0.2026519775390625,0.0,4.805730883461479e-06,19,9.24930418440793e-09,False,False,1,0.0,282,0.4191814282408835,0.42034965589927253,0.0027791807177522027,3.2637749771142057,0.9920686314703656,9.97291980023296e-06,9.97291980023296e-06,0.7500048057308835,1.1614258817174037,0.0,1.1614258817174037,1.1614258817174037,12.843453705608074,37.65011554371579,success,0.999867943674245,0.999867943674245,0.75,0.9819510964790378,0.01,[0.01],0.09537242595397544
0.13380975841418447,-5.32892993925099e-05,4.387600570200186e-05,arith,5.868197973734505e-06,True,0.24814224243164062,0.6,-4.810516662789865e-07,21,9.434120674504918e-09,False,False,2,0.0,270,0.004385478341251117,0.004387600570200186,0.0004836878186868118,3.2773979963977244,0.9962095327861311,-1.0995793834961062e-06,-1.0995793834961062e-06,0.7499995189483337,0.9556169432872109,0.0,0.7967440006255245,0.9556169432872109,0.13380975841418447,0.13394775445380092,success,0.9998723680077013,0.9998723680077013,0.75,0.9780703036686926,0.01,[0.01],0.03982467349471052
0.08950683566902817,-8.347818270421103e-05,2.9280472836169298e-05,typ,2.613833863470851e-06,True,0.23810577392578125,0.6,-4.864494333123304e-06,20,8.812334834891124e-09,False,False,3,0.0,195,0.002920261725189453,0.00292804728361693,0.0026589592562383316,3.2626130768244153,0.9917154561324578,-0.0007269176138882134,-0.0007269176138882134,0.7499951355056669,1.0360719225974098,0.0,0.8545167757445036,0.8545167757445036,0.08950683566902817,0.0896636303558573,success,0.9998687697742493,0.7619835782411195,0.75,0.9962781466306312,0.01,[0.01],0.09326458932465286
0.03859355954472039,-5.8494563261613105e-06,1.2680520028066689e-05,arith,4.893521886218997e-07,True,0.3563232421875,1.2,-3.640188116493803e-07,16,9.042945703198386e-09,False,False,4,0.0,281,0.0012679633451660797,0.001268052002806669,6.991640752348753e-05,3.285427309955237,0.998650151446579,-4.253266869105876e-06,-4.253266869105876e-06,0.7499996359811884,0.6811390038061986,0.0,0.35568903591889856,0.6811390038061986,0.03859355954472039,0.038608892875185354,success,0.9998710855425641,0.9998710855425641,0.75,0.9949974226923044,0.01,[0.01],0.015156560823013065
0.0004439168622000118,-3.378709505946882e-06,1.71775354580065e-07,typ,6.483829848290105e-11,True,0.31432342529296875,1.2,6.829210075998127e-06,20,8.468775636723812e-09,False,False,5,0.0,91,1.460595530468663e-05,1.71775354580065e-05,0.1497060017490022,3.290245662735323,1.0001147550672331,-0.04981649897034249,-0.04981649897034249,0.750006829210076,0.7953448887979542,0.0,0.08081160059278582,0.08081160059278582,0.0004439168622000118,0.0004153185296503436,success,0.9998574227594954,0.14023445649543997,0.75,0.9999432552341386,0.01,[0.01],0.7611131258232235
0.018166381943731845,-1.091827017816419e-06,5.973904066343309e-06,arith,1.085230308781685e-07,True,0.488433837890625,1.8,-4.087781713013605e-06,18,8.514869770890965e-09,False,False,6,0.0,188,0.000597383844588897,0.0005973904066343309,1.0984517596800366e-05,3.2884029766588676,0.99955464566419,-9.219897080051066e-06,-9.219897080051066e-06,0.749995912218287,0.5037837476750315,0.0,0.15999539874122817,0.5037837476750315,0.018166381943731845,0.018168833873106492,success,0.9998699435369667,0.9998699435369667,0.75,0.998740583227903,0.01,[0.01],0.006010151174836135
9.788103077359133e-07,-1.5461782430217182e-09,3.226688252979647e-10,typ,3.1344090502749275e-16,True,0.45053672790527344,1.8,-1.0731485429182896e-06,22,5.375960625881696e-09,False,False,7,0.0,17,3.202264039827217e-08,3.2266882529796466e-08,0.007569436907911764,3.271587982388923,0.9944435002970802,-13.816509476860077,-13.816509476860077,0.7499989268514571,0.16250602307000403,0.0,0.0038841946543789695,0.0038841946543789695,9.788103077359133e-07,9.429473774651745e-07,success,1.000214385430901,0.007849102720273863,0.75,0.9832659648038694,0.01,[0.01],0.15796505521056312
0.010472134616670816,-3.053086447581257e-07,3.444522437238834e-06,arith,3.607140943953956e-08,True,0.6291046142578125,2.4,-3.6577801323378623e-06,19,8.654214739158485e-09,False,False,8,0.0,150,0.00034445135361530497,0.0003444522437238834,2.5841276828420628e-06,3.2892181606123114,0.9998024318733374,-1.5820322530751395e-05,-1.5820322530751395e-05,0.7499963422198677,0.3936806703399937,0.0,0.08061064861656747,0.3936806703399937,0.010472134616670816,0.010472972010618283,success,0.9998671192719737,0.9998671192719737,0.75,0.9995087221737312,0.01,[0.01],0.002915438503551113
1.7582363120815007e-07,-1.9645028840250116e-10,5.693588864251527e-11,typ,9.97208197137648e-18,True,0.5970869064331055,2.4,4.313037305525569e-06,23,3.1523598173855196e-09,False,False,9,0.0,6,5.6716391891434425e-09,5.693588864251527e-09,0.0038551563225614257,3.225754780612528,0.9805118775347729,-39.754000409657614,-39.754000409657614,0.7500043130373055,0.10869067934881209,0.0,0.001665484647682019,0.001665484647682019,1.7582363120815007e-07,1.7336527693012178e-07,success,0.9998649212759505,0.004325751566193119,0.75,0.9792583565747143,0.01,[0.01],0.11173144761748896
0.11525267625911069,3.9133530103572806e-05,3.7563440759254926e-05,arith,4.3277556438263234e-06,True,0.560211181640625,0.0,4.737227473960992e-06,18,9.392378862349778e-09,False,False,10,0.5,419,0.0037550153144354564,0.0037563440759254925,0.00035373795988288674,3.2580721214607142,0.9903351712155062,-2.2313454597741762e-06,-2.2313454597741762e-06,0.750004737227474,0.9511237130056706,0.0,0.9511237130056706,0.9511237130056706,0.11525267625911069,0.11558807514862628,success,0.9998703830664883,0.9998703830664883,0.75,0.9999998412654915,0.01,[0.01],-0.03395455218375401
0.11525218901586376,3.9129925028068085e-05,3.756326576963909e-05,typ,4.327717455502868e-06,True,0.560211181640625,0.0,4.105010967592193e-06,18,9.106688542836071e-09,False,False,11,0.5,312,0.0037549980546635717,0.003756326576963909,0.0003536759312900265,3.258070919717385,0.9903348059293364,-4.442715272062617e-06,-4.442715272062617e-06,0.7500041050109676,0.9511374642675989,0.0,0.9511374642675989,0.9511374642675989,0.11525218901586376,0.11561774676660232,success,0.9998672562119352,0.9998672562119352,0.75,0.9998816391451704,0.01,[0.01],-0.033951567742181527
0.04475686075829453,-1.7688889151966814e-05,1.4750536641114483e-05,arith,6.598748177570518e-07,True,0.5693435668945312,0.6,1.1345704276077839e-07,20,8.955684813138485e-09,False,False,12,0.5,208,0.0014743545605681494,0.0014750536641114484,0.00047395126042422365,3.2941420278117155,1.0012991080315614,-3.3224682025425386e-06,-3.3224682025425386e-06,0.7500001134570428,0.7134639880297157,0.0,0.6494903831434118,0.7134639880297157,0.04475686075829453,0.04473201135671288,success,0.9998711282895578,0.9998711282895578,0.75,0.8928971393971307,0.01,[0.01],0.039522184648950465
0.03907166943803782,-3.288886425890621e-05,1.284771227202593e-05,typ,5.008998895353783e-07,True,0.5652694702148438,0.6,-3.651673800009192e-06,20,8.036975907519557e-09,False,False,13,0.5,96,0.0012820027829364576,0.001284771227202593,0.002154814964344488,3.2811569133730876,0.9973521065376023,-0.0006002241367968138,-0.0006002241367968138,0.7499963483262,0.7328573127953766,0.0,0.667590736982096,0.667590736982096,0.03907166943803782,0.039077064956934165,success,0.9998684172236981,0.793358325458746,0.75,0.9933199738451164,0.01,[0.01],0.08417573329202975
0.02847732588722298,-2.441751109627448e-05,9.30050192797937e-06,arith,2.6425720946967744e-07,True,0.6253509521484375,1.2,1.7122033006966575e-06,19,8.481132020179853e-09,False,False,14,0.5,153,0.000927956545204417,0.0009300501927979369,0.002251112477297013,3.2585803487284823,0.9904896537804949,-6.512338689176932e-06,-6.512338689176932e-06,0.7500017122033007,0.6002044493816775,0.0,0.3981356909910006,0.6002044493816775,0.02847732588722298,0.028544979555514393,success,0.9998707387548271,0.9998707387548271,0.75,0.9055314407692892,0.01,[0.01],0.0857436937476983
0.010608880868390697,-2.5967499136057258e-05,3.4720357446819903e-06,typ,3.616010257474428e-08,True,0.604156494140625,1.2,6.413727390075508e-06,18,8.538479604386956e-09,False,False,15,0.5,143,0.0003408474750855558,0.000347203574468199,0.018306549384978752,3.2128504345931095,0.9765894266963195,-0.004020887479571485,-0.004020887479571485,0.7500064137273901,0.6904632399788475,0.0,0.38118464677862773,0.38118464677862773,0.010608880868390697,0.010626637354283378,success,0.9999441228110305,0.4488601458068491,0.75,0.9999527378189644,0.01,[0.01],0.24477133317075667
0.017133848206770667,-3.1049479804104007e-06,5.625162380382645e-06,arith,9.637103766195193e-08,True,0.7439346313476562,1.8,1.0238812944152187e-06,20,8.13514073866869e-09,False,False,16,0.5,110,0.0005624599710406542,0.0005625162380382644,0.00010002733042242556,3.2827416483028644,0.9978338081941354,-1.1523188820049268e-05,-1.1523188820049268e-05,0.7500010238812944,0.48989731442305395,0.0,0.21020817498956346,0.48989731442305395,0.017133848206770667,0.017144720033240586,success,0.9998690374708574,0.9998690374708574,0.75,0.9820414396236543,0.01,[0.01],0.018121719901682327
1.5732745627291444e-05,-6.356064827828854e-08,5.475103982154244e-09,typ,8.209846222464685e-14,True,0.7045726776123047,1.8,-1.3681575248281064e-06,22,8.573086335329507e-09,False,False,17,0.5,55,5.218317525088019e-07,5.475103982154244e-07,0.0469007452467029,3.3168511388348216,1.0082018500565404,-0.2949774889889289,-0.2949774889889289,0.7499986318424752,1.0332943314656453,0.0,0.01714711239147694,0.01714711239147694,1.5732745627291444e-05,1.839527778812005e-05,success,0.9998086902568413,0.058036463528820637,0.75,0.9998203904411554,0.01,[0.01],0.4040022624406415
0.010293628387592728,-5.596593569223794e-07,3.3854966574668266e-06,arith,3.4848731280805034e-08,True,0.8813323974609375,2.4,-1.024898559576215e-06,19,7.847303556540554e-09,False,False,18,0.5,100,0.00033854662290713186,0.00033854966574668266,8.987867538107294e-06,3.2888949373303,0.9997041837767949,-1.8189238125207972e-05,-1.8189238125207972e-05,0.7499989751014404,0.3902292838725671,0.0,0.10898877484612914,0.3902292838725671,0.010293628387592728,0.01029251336785701,success,0.9998670462731367,0.9998670462731367,0.75,0.9953837365109471,0.01,[0.01],0.005436949303483273
6.7982778235164e-07,-5.838981310007278e-10,2.3929300873442925e-10,typ,1.6233709843279254e-16,True,0.8517665863037109,2.4,-1.400136045881517e-06,22,4.862214216638646e-09,False,False,19,0.5,17,2.3879150374119874e-08,2.3929300873442923e-08,0.0020957778745097732,3.512529348464964,1.067680893494759,-11.764811588065447,-11.764811588065447,0.7499985998639541,0.056818365427856996,0.0,0.003113825812898389,0.003113825812898389,6.7982778235164e-07,6.059995970680401e-07,success,0.9991117363604165,0.008582023095691208,0.75,0.9929840740094958,0.01,[0.01],0.08588912459283803
0.09044514840606697,2.144374780948849e-05,2.949434431658196e-05,arith,2.6671605145327763e-06,True,1.0311813354492188,0.0,5.5962316156676906e-06,20,9.369468469134802e-09,False,False,20,1.0,348,0.0029489260192908985,0.0029494344316581956,0.0001723762229938273,3.260457936396163,0.9910603719951399,-8.222671609441025e-06,-8.222671609441025e-06,0.7500055962316157,0.9117800428045739,0.0,0.9117800428045739,0.9117800428045739,0.09044514840606697,0.09069299987223384,success,0.9998693953710214,0.9998693953710214,0.75,0.9999952422308913,0.01,[0.01],-0.023709118938269182
0.0904449292371372,2.144031683456711e-05,2.9494262185574804e-05,typ,2.667146769089918e-06,True,1.0311813354492188,0.0,5.100185940909441e-06,20,8.650112769087095e-09,False,False,21,1.0,220,0.0029489179676363466,0.0029494262185574805,0.00017232196484049276,3.260456934964911,0.9910600675965404,-1.153900399431169e-05,-1.153900399431169e-05,0.7500051001859409,0.911780484563104,0.0,0.911780484563104,0.911780484563104,0.0904449292371372,0.09069481639192513,success,0.9998652790164841,0.9998652790164841,0.75,0.9999999785365726,0.01,[0.01],-0.02370538295005221
0.032153699588787416,9.795635818043449e-07,1.0549028509165813e-05,arith,3.391893340924607e-07,True,1.0324172973632812,0.6,1.52200073133546e-06,20,9.190658865800459e-09,False,False,22,1.0,213,0.0010548998666727056,0.0010549028509165813,2.8289276809480566e-06,3.2808040137333636,0.997244837909991,-9.30669622716462e-06,-9.30669622716462e-06,0.7500015220007313,0.6424397015451427,0.0,0.5491003976301433,0.6424397015451427,0.032153699588787416,0.03218118095796435,success,0.9998694422370863,0.9998694422370863,0.75,0.9999994322055372,0.01,[0.01],-0.0030465034951870254
0.02104828014623568,-1.005300165519171e-06,6.852132065989846e-06,typ,1.4422458469553616e-07,True,1.021087646484375,0.6,-2.74388406096282e-06,18,8.367744586974571e-09,False,False,23,1.0,129,0.0006852084051215443,0.0006852132065989846,7.007275099368352e-06,3.2554127955394416,0.9895268330654039,-0.0019216316623009051,-0.0019216316623009051,0.749997256115939,0.6698447826501619,0.0,0.5407928314888227,0.5407928314888227,0.02104828014623568,0.021117294333102162,success,0.9998652411371067,0.5887611024236785,0.75,0.9999998785522682,0.01,[0.01],0.004776162985929096
0.010964442547922794,-9.527776441899685e-07,3.6087534826696703e-06,arith,3.9567062445108627e-08,True,1.0366058349609375,1.2,1.1154641276212018e-06,19,8.779782908201302e-09,False,False,24,1.0,151,0.00036086706891090033,0.000360875348266967,2.2942426260012718e-05,3.29124866434059,1.0004196309967555,-1.2585736921848917e-05,-1.2585736921848917e-05,0.7500011154641276,0.40105486381941535,0.0,0.21012050680559943,0.40105486381941535,0.010964442547922794,0.010962957833190113,success,0.9998683509237277,0.9998683509237277,0.75,0.7026637486671214,0.01,[0.01],0.008689704378728052
1.6591393811062652e-05,-3.9634910125197824e-08,5.62774888795388e-09,typ,9.180127196918021e-14,True,1.009735107421875,1.2,-1.8291234934464384e-06,18,8.256611815402002e-09,False,False,25,1.0,118,5.533065697468396e-07,5.62774888795388e-07,0.01682434528806922,3.33490107008316,1.0136883712527738,-0.040302252643066735,-0.040302252643066735,0.7499981708765066,0.5768551412967386,0.0,0.016891515294894133,0.016891515294894133,1.6591393811062652e-05,1.7916097433155608e-05,success,0.9998487282112627,0.15753238284385784,0.75,0.9999615924901696,0.01,[0.01],0.23888836933501292
0.006514835442009599,-6.974532088510457e-06,2.2078934715762935e-06,arith,1.4335418542953188e-08,True,1.0513916015625,1.8,-6.2494338517460335e-06,16,8.243808556712235e-09,False,False,26,1.0,150,0.00022004268059503296,0.00022078934715762935,0.003381805201241508,3.3775631411368,1.0266560858601388,-1.8093035232494498e-05,-1.8093035232494498e-05,0.7499937505661483,0.31042567025298123,0.0,0.1248873686487449,0.31042567025298123,0.006514835442009599,0.00645097828994131,success,0.9998678656585143,0.9998678656585143,0.75,0.7351733331083122,0.01,[0.01],0.10705615131176754
1.740815654194808e-06,-6.944948297200773e-09,6.548810242919003e-10,typ,1.0917948318716785e-15,True,1.0063705444335938,1.8,5.940844694296565e-06,20,8.379459407518697e-09,False,False,27,1.0,81,6.271742957048914e-08,6.548810242919003e-08,0.04230803391649218,3.602761120590812,1.0951080633565689,-0.09684382395977173,-0.09684382395977173,0.7500059408446943,0.05583635951844709,0.0,0.0049781342729006885,0.0049781342729006885,1.740815654194808e-06,1.5522502205911392e-06,success,1.0000817769264754,0.10240415446516579,0.75,0.9999373024308218,0.01,[0.01],0.3989479460657234
0.008933873590530751,-4.386683484086631e-06,2.9140037123741077e-06,arith,2.601409781669805e-08,True,1.1429443359375,2.4,8.727552762821666e-06,16,7.635444590702804e-09,False,False,28,1.0,124,0.0002911849776369242,0.00029140037123741075,0.0007391672137268876,3.259336218340484,0.9907194105917968,-2.5239308298259135e-05,-2.5239308298259135e-05,0.7500087275527628,0.36415111670029576,0.0,0.11369938548193828,0.36415111670029576,0.008933873590530751,0.00895762884505104,success,0.9998656743434742,0.9998656743434742,0.75,0.9442674106879296,0.01,[0.01],0.049101696365350334
1.0145145489638261e-06,-2.7859004206289347e-09,3.19507631880161e-10,typ,3.1638389989374124e-16,True,1.0968761444091797,2.4,-7.824019422564277e-06,22,6.3666957032537015e-09,False,False,29,1.0,24,3.118574299568989e-08,3.19507631880161e-08,0.023943722027057825,3.0739571973158424,0.9343709450937732,-5.782979605169499,-5.782979605169499,0.7499921759805774,0.38245199718999995,0.0,0.0040952999867240785,0.0040952999867240785,1.0145145489638261e-06,1.0482466057001832e-06,success,1.0003851157133874,0.012736827298077387,0.75,0.9979071878355403,0.01,[0.01],0.27460428472655346
0.08643581838253248,1.430070499789575e-05,2.8191339710595017e-05,arith,2.43653700902183e-06,True,1.5209426879882812,0.0,2.460936271875269e-06,20,9.509330046272198e-09,False,False,30,1.5,343,0.002818897367568884,0.0028191339710595016,8.39277214373083e-05,3.2612606906705075,0.9913043800348914,-1.6988449675227942e-05,-1.6988449675227942e-05,0.7500024609362719,0.904035531203445,0.0,0.904035531203445,0.904035531203445,0.08643581838253248,0.08666845760547515,success,0.9998657439552521,0.9998657439552521,0.75,0.9999981660313119,0.01,[0.01],-0.016544882972711845
0.08643563216837195,1.4296303823635751e-05,2.819126925213152e-05,typ,2.4365257951337566e-06,True,1.5209426879882812,0.0,2.2578145686402706e-06,20,8.69822606752923e-09,False,False,31,1.5,217,0.002818890466824533,0.002819126925213152,8.387646065318512e-05,3.261259732946115,0.9913040889215843,-2.070744819445097e-05,-2.070744819445097e-05,0.7500022578145686,0.9040356143657768,0.0,0.9040356143657768,0.9040356143657768,0.08643563216837195,0.08666904749574367,success,0.9998615837220808,0.9998615837220808,0.75,0.9999999949599913,0.01,[0.01],-0.016539826764715878
0.030673109246469724,1.1282218165224863e-06,1.0063998512438431e-05,arith,3.086928529438655e-07,True,1.5213546752929688,0.6,-3.7185323473742926e-06,20,9.147454058300611e-09,False,False,32,1.5,204,0.001006395701405439,0.001006399851243843,4.123448944262272e-06,3.28103581974256,0.9973152984876726,-1.808477735727428e-05,-1.808477735727428e-05,0.7499962814676526,0.6326970965344679,0.0,0.5334669068122522,0.6326970965344679,0.030673109246469724,0.030698653296374712,success,0.9998659514579413,0.9998659514579413,0.75,0.9999999844650856,0.01,[0.01],-0.0036782114504819476
0.019498431132207707,4.047249163845884e-08,6.342578275292384e-06,typ,1.2367032406340272e-07,True,1.5124282836914062,0.6,5.251120173466184e-06,20,8.11966317059998e-09,False,False,33,1.5,92,0.0006342578191284467,0.0006342578275292384,1.3245073874281199e-08,3.2528659092001155,0.9887526724498948,-0.0023565863609556724,-0.0023565863609556724,0.7500052511201735,0.6639918994915185,0.0,0.5243488631679742,0.5243488631679742,0.019498431132207707,0.019567148209758647,success,0.9998605302012119,0.5516250198903668,0.75,0.9999999746842292,0.01,[0.01],-0.0002075679390000048
0.01017252826335068,-4.975109563004013e-08,3.3455689154124735e-06,arith,3.4032891873849355e-08,True,1.52252197265625,1.2,-4.5586363650595985e-06,17,8.595139191804258e-09,False,False,34,1.5,186,0.0003345568672093266,0.00033455689154124736,7.272879851163365e-08,3.288827109133325,0.9996835664771895,-2.140917957662832e-05,-2.140917957662832e-05,0.7499954413636349,0.3891217131732186,0.0,0.18358073853098292,0.3891217131732186,0.01017252826335068,0.010173525958864347,success,0.9998649788197109,0.9998649788197109,0.75,0.9999999276378921,0.01,[0.01],0.0004890730636677815
6.956743010199883e-06,-3.2201387285535018e-09,2.2818203963398838e-09,typ,1.586366879933788e-14,True,1.50146484375,1.2,8.64314620874218e-06,14,5.872065610660169e-09,False,False,35,1.5,66,2.280329857819785e-07,2.2818203963398837e-07,0.0006532234186746364,3.2778699090600245,0.9963529770346913,-3.2387869350940104,-3.2387869350940104,0.7500086431462087,0.1275077268567865,0.0,0.00992482272329791,0.00992482272329791,6.956743010199883e-06,6.156665582795438e-06,success,0.9996172110589295,0.01721149073421302,0.75,0.9999291373029638,0.01,[0.01],0.04628802190669079
0.004841131440056606,-1.2881837698178498e-07,1.5935483502435465e-06,arith,7.71456042544012e-09,True,1.524810791015625,1.8,4.892832158875926e-06,18,8.421109894923022e-09,False,False,36,1.5,126,0.00015935449224964475,0.00015935483502435465,2.151015435769438e-06,3.291678695833581,1.0005503448963755,-2.7066337322161375e-05,-2.7066337322161375e-05,0.7500048928321589,0.2728457993354763,0.0,0.07884843441860254,0.2728457993354763,0.004841131440056606,0.004833835397440553,success,0.9998636154416138,0.9998636154416138,0.75,0.7068908880346308,0.01,[0.01],0.0026609146761831927
4.265687217394365e-07,-2.3163345831711724e-10,1.4508611062183975e-10,typ,6.183554269109272e-17,True,1.5021629333496094,1.8,-5.521755303106168e-06,21,6.996126535879782e-09,False,False,37,1.5,33,1.449603300470401e-08,1.4508611062183975e-08,0.0008669373950446766,3.3982878410758652,1.032955639245514,-5.8196416434935205,-5.8196416434935205,0.7499944782446969,0.029770966009740496,0.0,0.002510718861345529,0.002510718861345529,4.265687217394365e-07,3.9398538720300954e-07,success,1.0001004424874864,0.012812372114822564,0.75,0.9984595980183596,0.01,[0.01],0.05430155717291604
0.0028606134047523208,-2.282007528399314e-07,9.62289149847176e-07,arith,2.75268516571695e-09,True,1.5296630859375,2.4,-6.076221572559604e-07,16,7.762298731035929e-09,False,False,38,1.5,124,9.622709455055792e-05,9.62289149847176e-05,1.891774587684204e-05,3.363862253833265,1.0224915155045056,-3.5224730790742956e-05,-3.5224730790742956e-05,0.7499993923778427,0.207197827410754,0.0,0.04522519985758941,0.207197827410754,0.0028606134047523208,0.0027564161959308595,success,0.9998620692856766,0.9998620692856766,0.75,0.7423353754790213,0.01,[0.01],0.00797733634544335
1.520246907803755e-07,-1.1557026854326733e-10,5.311908201435061e-11,typ,8.062055530797895e-18,True,1.5049610137939453,2.4,1.5667758008763855e-06,22,5.741077697240718e-09,False,False,39,1.5,24,5.303122466103121e-09,5.31190820143506e-09,0.0016539697221359768,3.488329717285429,1.0603250876703034,-8.388060907445363,-8.388060907445363,0.7500015667758009,0.015384147497317683,0.0,0.0015143255080125918,0.0015143255080125918,1.520246907803755e-07,1.433248136476578e-07,success,0.9990799233604741,0.010611149519223092,0.75,0.9977717583667224,0.01,[0.01],0.07602072265368226
0.08507632483812366,1.0709065782091927e-05,2.7749478142579656e-05,arith,2.360708932456594e-06,True,2.0157623291015625,0.0,-3.975065102745923e-06,19,9.351318171736846e-09,False,False,40,2.0,371,0.002774813012842715,0.0027749478142579656,4.857800011881415e-05,3.261557217148724,0.991394513276154,-2.7783359130592426e-05,-2.7783359130592426e-05,0.7499960249348973,0.9013023112193419,0.0,0.9013023112193419,0.9013023112193419,0.08507632483812366,0.08530383935366184,success,0.9998610313162279,0.9998610313162279,0.75,0.9999999983017229,0.01,[0.01],-0.01258759802150395
0.08507614823772702,1.0703492717054693e-05,2.7749411123584796e-05,typ,2.360698449503387e-06,True,2.0157623291015625,0.0,-3.8032403226750944e-06,19,8.364602777455755e-09,False,False,41,2.0,227,0.002774806450930198,0.0027749411123584797,4.852767061684052e-05,3.261556274476128,0.9913942267380444,-3.1911626149061555e-05,-3.1911626149061555e-05,0.7499961967596773,0.901302311801431,0.0,0.901302311801431,0.901302311801431,0.08507614823772702,0.08530384515335335,success,0.9998556483580082,0.9998556483580082,0.75,0.9999999983018026,0.01,[0.01],-0.01258107347213943
0.030203011350719754,9.422781511424509e-07,9.91024234586213e-06,arith,2.993182741723433e-07,True,2.0159912109375,0.6,2.3541822723460726e-06,16,9.060078806509673e-09,False,False,42,2.0,277,0.0009910212948524766,0.000991024234586213,2.966359079619758e-06,3.2812002861061074,0.9973652902675444,-2.89088117480863e-05,-2.89088117480863e-05,0.7500023541822723,0.6295309966739553,0.0,0.5284007436913073,0.6295309966739553,0.030203011350719754,0.030227706100520377,success,0.9998595076443226,0.9998595076443226,0.75,0.9999999949777032,0.01,[0.01],-0.003119815240277344
0.0190352680805822,1.9007612665606862e-07,6.1905778442059655e-06,typ,1.1783927270923926e-07,True,2.0089874267578125,0.6,6.440992695977421e-06,19,8.054165894844736e-09,False,False,43,2.0,101,0.0006190575946206222,0.0006190577844205965,3.065949239713655e-07,3.252161156858727,0.9885384534256823,-0.002523328363953096,-0.002523328363953096,0.750006440992696,0.6621660561086126,0.0,0.519131930316332,0.519131930316332,0.0190352680805822,0.019103632659801768,success,0.9998551228672644,0.5413069348504415,0.75,0.9999970192680324,0.01,[0.01],-0.0009985471486475385
0.009983863567544878,3.3428119665781034e-08,3.283419956060897e-06,arith,3.278121575882701e-08,True,2.01654052734375,1.2,-3.5185215879751652e-06,17,8.432650111498285e-09,False,False,44,2.0,175,0.00032834198441363726,0.0003283419956060897,3.4087788358096995e-08,3.2887266757229883,0.9996530383811517,-3.23246911185732e-05,-3.23246911185732e-05,0.749996481478412,0.3862331201037962,0.0,0.1767956141268752,0.3862331201037962,0.009983863567544878,0.009984937874926228,success,0.9998586942415671,0.9998586942415671,0.75,0.9999999827759624,0.01,[0.01],-0.0003348214790759737
5.780988480931895e-06,-1.0224736867923224e-09,1.890545950508478e-09,typ,1.092817891012177e-14,True,2.0005416870117188,1.2,9.91331544941687e-06,20,6.307130191020857e-09,False,False,45,2.0,30,1.8903651073112236e-07,1.890545950508478e-07,9.565659972754082e-05,3.2699686455810006,0.9939512809307972,-4.368961150706876,-4.368961150706876,0.7500099133154494,0.11986717123427834,0.0,0.009063436013874694,0.009063436013874694,5.780988480931895e-06,5.134297241552856e-06,success,1.000050027274438,0.014828698820208121,0.75,0.9976087610095581,0.01,[0.01],0.01768683141585329
0.004708745385275541,-1.9434306005195606e-08,1.5498370354630638e-06,arith,7.297787610973576e-09,True,2.0174560546875,1.8,-3.323554043643817e-06,16,8.22429930320195e-09,False,False,46,2.0,160,0.00015498369552522604,0.00015498370354630637,5.175434670985967e-08,3.291401060033253,1.0004659537326432,-3.8149067518920485e-05,-3.8149067518920485e-05,0.7499966764459564,0.2696336240156315,0.0,0.07111702451585647,0.2696336240156315,0.004708745385275541,0.004701235415299433,success,0.9998572346989796,0.9998572346989796,0.75,0.9999999389050978,0.01,[0.01],0.0004127279012784925
3.233721857643449e-07,-2.548341497357759e-11,1.0904307245158847e-10,typ,3.526084727669127e-17,True,2.004192352294922,1.8,-3.0385410220157283e-06,21,3.0335970792546906e-09,False,False,47,2.0,11,1.0904106422556501e-08,1.0904307245158847e-08,1.8416814368003647e-05,3.371998861554156,1.0249647476798476,-17.57283791075713,-17.57283791075713,0.749996961458978,0.030613482153808474,0.0,0.0021944585306687,0.0021944585306687,3.233721857643449e-07,3.009787321034402e-07,success,0.998926201927587,0.007040432718079936,0.75,0.9994397165070157,0.01,[0.01],0.007880521608048393
0.0026887187356623796,2.7127645986877596e-08,9.068287661000673e-07,arith,2.438206757541672e-09,True,2.0189208984375,2.4,-2.6189855965030873e-06,16,7.959216753239652e-09,False,False,48,2.0,122,9.068284923975162e-05,9.068287661000673e-05,3.0182385179408506e-07,3.3727160835739642,1.0251827570317915,-4.658946754593088e-05,-4.658946754593088e-05,0.7499973810144035,0.2010977544198813,0.0,0.035671549131235,0.2010977544198813,0.0026887187356623796,0.0025797991077616406,success,0.9998550892187256,0.9998550892187256,0.75,0.7232838871923832,0.01,[0.01],-0.001008943242261246
9.186663285300371e-08,-8.082775146534655e-11,3.085329206981305e-11,typ,2.827854929477063e-18,True,1.988840103149414,2.4,-8.508076363655803e-06,22,3.437821675119583e-09,False,False,49,2.0,12,3.078217674530347e-09,3.085329206981305e-09,0.0023049509384173625,3.3507461620540937,1.018504701673024,-22.16601521777069,-22.16601521777069,0.7499914919236363,0.020507068236941418,0.0,0.0011840204558505514,0.0011840204558505514,9.186663285300371e-08,8.761913639597345e-08,success,1.0015636605916303,0.006297789250011085,0.75,0.9893114411743622,0.01,[0.01],0.08798379667912666
