branch,crossing_index,disorder_full_width,interaction,interaction_minus_disorder,prediction,target_filling,temperature
arith,0,0.0,0.46505708537814805,0.46505708537814805,negative_at_large_U,0.2,0.01
arith,1,0.0,0.6099693113877632,0.6099693113877632,negative_at_large_U,0.2,0.01
typ,0,0.0,0.004830039948017257,0.004830039948017257,negative_at_large_U,0.2,0.01
typ,1,0.0,0.4650890495151552,0.4650890495151552,negative_at_large_U,0.2,0.01
typ,2,0.0,0.6097752102825139,0.6097752102825139,negative_at_large_U,0.2,0.01
arith,0,0.0,0.2824946522516308,0.2824946522516308,negative_at_large_U,0.24,0.01
arith,0,0.5,0.7584168949652125,0.2584168949652125,negative_at_large_U,0.24,0.01
arith,1,0.5,2.7306047149951014,2.2306047149951014,negative_at_large_U,0.24,0.01
typ,0,0.0,0.2825029168800513,0.2825029168800513,negative_at_large_U,0.24,0.01
arith,0,0.0,0.3365377485683093,0.3365377485683093,negative_at_large_U,0.24,0.05
arith,1,0.0,3.2418844167922463,3.2418844167922463,negative_at_large_U,0.24,0.05
arith,0,0.5,0.792683483100195,0.292683483100195,negative_at_large_U,0.24,0.05
arith,1,0.5,2.0597887512342754,1.5597887512342754,negative_at_large_U,0.24,0.05
typ,0,0.0,0.3365408210920706,0.3365408210920706,negative_at_large_U,0.24,0.05
typ,1,0.0,3.2405431613025972,3.2405431613025972,negative_at_large_U,0.24,0.05
arith,0,0.0,0.5394689003778894,0.5394689003778894,negative_at_large_U,0.24,0.1
arith,1,0.0,2.039483669867393,2.039483669867393,negative_at_large_U,0.24,0.1
typ,0,0.0,0.5394924237256775,0.5394924237256775,negative_at_large_U,0.24,0.1
typ,1,0.0,2.0391231500573963,2.0391231500573963,negative_at_large_U,0.24,0.1
arith,0,0.0,0.26478593888217083,0.26478593888217083,approaches_zero_at_large_U,0.25,0.01
arith,0,0.5,0.6825589134003552,0.18255891340035524,approaches_zero_at_large_U,0.25,0.01
arith,0,1.0,1.3831853233491986,0.38318532334919864,approaches_zero_at_large_U,0.25,0.01
arith,0,2.0,2.8771113483150432,0.8771113483150432,approaches_zero_at_large_U,0.25,0.01
typ,0,0.0,0.2647934701044478,0.2647934701044478,approaches_zero_at_large_U,0.25,0.01
typ,0,0.5,0.8483651615119873,0.34836516151198726,approaches_zero_at_large_U,0.25,0.01
arith,0,0.0,0.3179209694600469,0.3179209694600469,approaches_zero_at_large_U,0.25,0.05
arith,0,0.5,0.6853302097787229,0.18533020977872294,approaches_zero_at_large_U,0.25,0.05
arith,0,1.0,1.3656842654930572,0.3656842654930572,approaches_zero_at_large_U,0.25,0.05
arith,0,2.0,2.8705535662534567,0.8705535662534567,approaches_zero_at_large_U,0.25,0.05
typ,0,0.0,0.3179258349098751,0.3179258349098751,approaches_zero_at_large_U,0.25,0.05
typ,0,0.5,0.9424215190742186,0.44242151907421856,approaches_zero_at_large_U,0.25,0.05
arith,0,0.0,0.4771027804075931,0.4771027804075931,approaches_zero_at_large_U,0.25,0.1
arith,0,0.5,0.7888902794991731,0.2888902794991731,approaches_zero_at_large_U,0.25,0.1
arith,0,1.0,1.3475142277105134,0.34751422771051343,approaches_zero_at_large_U,0.25,0.1
arith,0,2.0,2.8356618734466195,0.8356618734466195,approaches_zero_at_large_U,0.25,0.1
typ,0,0.0,0.47711017589698534,0.47711017589698534,approaches_zero_at_large_U,0.25,0.1
typ,0,0.5,1.0933344503972344,0.5933344503972344,approaches_zero_at_large_U,0.25,0.1
arith,0,0.0,1.2288319609141531,1.2288319609141531,approaches_zero_at_large_U,0.25,0.2
arith,0,0.5,1.4586484412341376,0.9586484412341376,approaches_zero_at_large_U,0.25,0.2
arith,0,1.0,1.8248313598187416,0.8248313598187416,approaches_zero_at_large_U,0.25,0.2
arith,0,2.0,2.8434650121204186,0.8434650121204186,approaches_zero_at_large_U,0.25,0.2
typ,0,0.0,1.2288322309997097,1.2288322309997097,approaches_zero_at_large_U,0.25,0.2
typ,0,0.5,1.8328433891414928,1.3328433891414928,approaches_zero_at_large_U,0.25,0.2
arith,0,0.0,0.250133217322229,0.250133217322229,forced_negative_to_positive_crossing,0.26,0.01
arith,0,0.5,0.6233552832302124,0.12335528323021239,forced_negative_to_positive_crossing,0.26,0.01
arith,0,1.0,1.2402508581329372,0.24025085813293723,forced_negative_to_positive_crossing,0.26,0.01
arith,0,2.0,2.5793476072548436,0.5793476072548436,forced_negative_to_positive_crossing,0.26,0.01
typ,0,0.0,0.08198329319146987,0.08198329319146987,forced_negative_to_positive_crossing,0.26,0.01
typ,1,0.0,0.25014053413705717,0.25014053413705717,forced_negative_to_positive_crossing,0.26,0.01
typ,0,0.5,0.6829751896199193,0.18297518961991932,forced_negative_to_positive_crossing,0.26,0.01
typ,0,1.0,1.5996972173898125,0.5996972173898125,forced_negative_to_positive_crossing,0.26,0.01
typ,0,2.0,3.3365626901245706,1.3365626901245706,forced_negative_to_positive_crossing,0.26,0.01
arith,0,0.0,0.3021096507169681,0.3021096507169681,forced_negative_to_positive_crossing,0.26,0.05
arith,0,0.5,0.6229547203603509,0.12295472036035093,forced_negative_to_positive_crossing,0.26,0.05
arith,0,1.0,1.2172744116333911,0.21727441163339112,forced_negative_to_positive_crossing,0.26,0.05
arith,0,2.0,2.4979797622252833,0.4979797622252833,forced_negative_to_positive_crossing,0.26,0.05
typ,0,0.0,0.30211432103143193,0.30211432103143193,forced_negative_to_positive_crossing,0.26,0.05
typ,0,0.5,0.7145481546035287,0.21454815460352872,forced_negative_to_positive_crossing,0.26,0.05
typ,0,1.0,1.6120828754756076,0.6120828754756076,forced_negative_to_positive_crossing,0.26,0.05
typ,0,2.0,3.0635447597526166,1.0635447597526166,forced_negative_to_positive_crossing,0.26,0.05
arith,0,0.0,0.4453637666974922,0.4453637666974922,forced_negative_to_positive_crossing,0.26,0.1
arith,0,0.5,0.7174479840823283,0.21744798408232835,forced_negative_to_positive_crossing,0.26,0.1
arith,0,1.0,1.1836801566324806,0.1836801566324806,forced_negative_to_positive_crossing,0.26,0.1
arith,0,2.0,2.3917539927659845,0.39175399276598455,forced_negative_to_positive_crossing,0.26,0.1
typ,0,0.0,0.4453693998986559,0.4453693998986559,forced_negative_to_positive_crossing,0.26,0.1
typ,0,0.5,0.8037347915605202,0.3037347915605202,forced_negative_to_positive_crossing,0.26,0.1
typ,0,1.0,1.6076699257788403,0.6076699257788403,forced_negative_to_positive_crossing,0.26,0.1
typ,0,2.0,3.0995811947658196,1.0995811947658196,forced_negative_to_positive_crossing,0.26,0.1
arith,0,0.0,1.0341574236468793,1.0341574236468793,forced_negative_to_positive_crossing,0.26,0.2
arith,0,0.5,1.1851260513425599,0.6851260513425599,forced_negative_to_positive_crossing,0.26,0.2
arith,0,1.0,1.4674489747245185,0.4674489747245185,forced_negative_to_positive_crossing,0.26,0.2
arith,0,2.0,2.3060905960356743,0.30609059603567434,forced_negative_to_positive_crossing,0.26,0.2
typ,0,0.0,1.0341763437864475,1.0341763437864475,forced_negative_to_positive_crossing,0.26,0.2
typ,0,0.5,1.2283925747346902,0.7283925747346902,forced_negative_to_positive_crossing,0.26,0.2
typ,0,1.0,1.6316534817058757,0.6316534817058757,forced_negative_to_positive_crossing,0.26,0.2
typ,0,2.0,3.1481306788598116,1.1481306788598116,forced_negative_to_positive_crossing,0.26,0.2
arith,0,0.0,2.871943549738447,2.871943549738447,forced_negative_to_positive_crossing,0.26,0.5
arith,0,0.5,2.9385679371777096,2.4385679371777096,forced_negative_to_positive_crossing,0.26,0.5
arith,0,1.0,3.057836221928298,2.057836221928298,forced_negative_to_positive_crossing,0.26,0.5
arith,0,2.0,3.4794657001736655,1.4794657001736655,forced_negative_to_positive_crossing,0.26,0.5
typ,0,0.0,2.8719560563565985,2.8719560563565985,forced_negative_to_positive_crossing,0.26,0.5
typ,0,0.5,2.9517309189310965,2.4517309189310965,forced_negative_to_positive_crossing,0.26,0.5
typ,0,1.0,2.9957588106980735,1.9957588106980735,forced_negative_to_positive_crossing,0.26,0.5
typ,0,2.0,3.721806149269483,1.721806149269483,forced_negative_to_positive_crossing,0.26,0.5
arith,0,0.0,0.21741306274341,0.21741306274341,forced_negative_to_positive_crossing,0.3,0.01
arith,0,0.5,0.5649833008081969,0.06498330080819692,forced_negative_to_positive_crossing,0.3,0.01
arith,0,1.0,1.0782704708102748,0.07827047081027483,forced_negative_to_positive_crossing,0.3,0.01
arith,0,2.0,2.14022880544049,0.14022880544048988,forced_negative_to_positive_crossing,0.3,0.01
typ,0,0.0,0.21741969066586636,0.21741969066586636,forced_negative_to_positive_crossing,0.3,0.01
typ,0,0.5,0.5617322827943118,0.061732282794311755,forced_negative_to_positive_crossing,0.3,0.01
typ,0,1.0,1.1069643613335702,0.10696436133357023,forced_negative_to_positive_crossing,0.3,0.01
typ,0,2.0,2.3151890076090753,0.3151890076090753,forced_negative_to_positive_crossing,0.3,0.01
arith,0,0.0,0.2605002835282917,0.2605002835282917,forced_negative_to_positive_crossing,0.3,0.05
arith,0,0.5,0.5657876576027439,0.06578765760274385,forced_negative_to_positive_crossing,0.3,0.05
arith,0,1.0,1.0644611561156527,0.06446115611565273,forced_negative_to_positive_crossing,0.3,0.05
arith,0,2.0,2.120051718974056,0.12005171897405598,forced_negative_to_positive_crossing,0.3,0.05
typ,0,0.0,0.2605043266053733,0.2605043266053733,forced_negative_to_positive_crossing,0.3,0.05
typ,0,0.5,0.5765512497590626,0.07655124975906258,forced_negative_to_positive_crossing,0.3,0.05
typ,0,1.0,1.1161179431241783,0.11611794312417834,forced_negative_to_positive_crossing,0.3,0.05
typ,0,2.0,2.2153794046573743,0.21537940465737426,forced_negative_to_positive_crossing,0.3,0.05
arith,0,0.0,0.36564087960504355,0.36564087960504355,forced_negative_to_positive_crossing,0.3,0.1
arith,0,0.5,0.6096151631923343,0.10961516319233433,forced_negative_to_positive_crossing,0.3,0.1
arith,0,1.0,1.059057703028695,0.05905770302869495,forced_negative_to_positive_crossing,0.3,0.1
arith,0,2.0,2.0706023835209715,0.07060238352097148,forced_negative_to_positive_crossing,0.3,0.1
typ,0,0.0,0.3656451971945178,0.3656451971945178,forced_negative_to_positive_crossing,0.3,0.1
typ,0,0.5,0.632326389518396,0.13232638951839604,forced_negative_to_positive_crossing,0.3,0.1
typ,0,1.0,1.1211320639386364,0.1211320639386364,forced_negative_to_positive_crossing,0.3,0.1
typ,0,2.0,2.229368711533985,0.22936871153398508,forced_negative_to_positive_crossing,0.3,0.1
arith,0,0.0,0.7752470685378345,0.7752470685378345,forced_negative_to_positive_crossing,0.3,0.2
arith,0,0.5,0.8970202761555705,0.39702027615557045,forced_negative_to_positive_crossing,0.3,0.2
arith,0,1.0,1.1829832232483284,0.18298322324832839,forced_negative_to_positive_crossing,0.3,0.2
arith,0,2.0,2.0652876475923785,0.06528764759237848,forced_negative_to_positive_crossing,0.3,0.2
typ,0,0.0,0.7752540988724584,0.7752540988724584,forced_negative_to_positive_crossing,0.3,0.2
typ,0,0.5,0.9020633725523379,0.4020633725523379,forced_negative_to_positive_crossing,0.3,0.2
typ,0,1.0,1.2006188819827295,0.20061888198272948,forced_negative_to_positive_crossing,0.3,0.2
typ,0,2.0,2.268456449990751,0.2684564499907509,forced_negative_to_positive_crossing,0.3,0.2
arith,0,0.0,2.0679144021581286,2.0679144021581286,forced_negative_to_positive_crossing,0.3,0.5
arith,0,0.5,2.113513555992843,1.613513555992843,forced_negative_to_positive_crossing,0.3,0.5
arith,0,1.0,2.2282245156783325,1.2282245156783325,forced_negative_to_positive_crossing,0.3,0.5
arith,0,2.0,2.670867809073819,0.6708678090738189,forced_negative_to_positive_crossing,0.3,0.5
typ,0,0.0,2.067911772752203,2.067911772752203,forced_negative_to_positive_crossing,0.3,0.5
typ,0,0.5,2.1037000714162053,1.6037000714162053,forced_negative_to_positive_crossing,0.3,0.5
typ,0,1.0,2.134996784232994,1.1349967842329942,forced_negative_to_positive_crossing,0.3,0.5
typ,0,2.0,2.7305061233517756,0.7305061233517756,forced_negative_to_positive_crossing,0.3,0.5
arith,0,0.0,0.17323505779212903,0.17323505779212903,forced_negative_to_positive_crossing,0.4,0.01
arith,0,0.5,0.5099628216658929,0.009962821665892907,forced_negative_to_positive_crossing,0.4,0.01
arith,0,1.0,1.00594723678632,0.0059472367863200315,forced_negative_to_positive_crossing,0.4,0.01
arith,0,2.0,2.0071368301221026,0.007136830122102644,forced_negative_to_positive_crossing,0.4,0.01
typ,0,0.0,0.17324114475861246,0.17324114475861246,forced_negative_to_positive_crossing,0.4,0.01
typ,0,0.5,0.5047091181053884,0.004709118105388432,forced_negative_to_positive_crossing,0.4,0.01
typ,0,1.0,1.0039465657814866,0.003946565781486555,forced_negative_to_positive_crossing,0.4,0.01
typ,0,2.0,2.003257281143998,0.0032572811439979255,forced_negative_to_positive_crossing,0.4,0.01
arith,0,0.0,0.21251943847233534,0.21251943847233534,forced_negative_to_positive_crossing,0.4,0.05
arith,0,0.5,0.5134494286534856,0.01344942865348564,forced_negative_to_positive_crossing,0.4,0.05
arith,0,1.0,1.004286065116616,0.004286065116615889,forced_negative_to_positive_crossing,0.4,0.05
arith,0,2.0,2.0046200090274717,0.004620009027471728,forced_negative_to_positive_crossing,0.4,0.05
typ,0,0.0,0.21252636535132136,0.21252636535132136,forced_negative_to_positive_crossing,0.4,0.05
typ,0,0.5,0.5120833386932813,0.012083338693281265,forced_negative_to_positive_crossing,0.4,0.05
typ,0,1.0,1.009409115196185,0.009409115196185036,forced_negative_to_positive_crossing,0.4,0.05
typ,0,2.0,2.009206830835505,0.009206830835505109,forced_negative_to_positive_crossing,0.4,0.05
arith,0,0.0,0.30020358310796436,0.30020358310796436,forced_negative_to_positive_crossing,0.4,0.1
arith,0,0.5,0.542921401452914,0.04292140145291401,forced_negative_to_positive_crossing,0.4,0.1
arith,0,1.0,1.0070986705577032,0.0070986705577031906,forced_negative_to_positive_crossing,0.4,0.1
arith,0,2.0,2.0021193392677827,0.0021193392677827383,forced_negative_to_positive_crossing,0.4,0.1
typ,0,0.0,0.30020640260659004,0.30020640260659004,forced_negative_to_positive_crossing,0.4,0.1
typ,0,0.5,0.549263772181031,0.04926377218103095,forced_negative_to_positive_crossing,0.4,0.1
typ,0,1.0,1.0241686261971108,0.0241686261971108,forced_negative_to_positive_crossing,0.4,0.1
typ,0,2.0,2.0140269750450384,0.014026975045038359,forced_negative_to_positive_crossing,0.4,0.1
arith,0,0.0,0.596382299840148,0.596382299840148,forced_negative_to_positive_crossing,0.4,0.2
arith,0,0.5,0.7262246230205254,0.22622462302052537,forced_negative_to_positive_crossing,0.4,0.2
arith,0,1.0,1.0626219391730787,0.06262193917307868,forced_negative_to_positive_crossing,0.4,0.2
arith,0,2.0,2.0053210726201636,0.005321072620163569,forced_negative_to_positive_crossing,0.4,0.2
typ,0,0.0,0.5963864950099788,0.5963864950099788,forced_negative_to_positive_crossing,0.4,0.2
typ,0,0.5,0.7299126573817284,0.2299126573817284,forced_negative_to_positive_crossing,0.4,0.2
typ,0,1.0,1.0722801009713063,0.07228010097130633,forced_negative_to_positive_crossing,0.4,0.2
typ,0,2.0,2.040768499021539,0.04076849902153912,forced_negative_to_positive_crossing,0.4,0.2
arith,0,0.0,1.616357368802163,1.616357368802163,forced_negative_to_positive_crossing,0.4,0.5
arith,0,0.5,1.66054895229332,1.16054895229332,forced_negative_to_positive_crossing,0.4,0.5
arith,0,1.0,1.7819260123385612,0.7819260123385612,forced_negative_to_positive_crossing,0.4,0.5
arith,0,2.0,2.2761974940680343,0.2761974940680343,forced_negative_to_positive_crossing,0.4,0.5
typ,0,0.0,1.6163625450187804,1.6163625450187804,forced_negative_to_positive_crossing,0.4,0.5
typ,0,0.5,1.6460325762127102,1.1460325762127102,forced_negative_to_positive_crossing,0.4,0.5
typ,0,1.0,1.6930430635157583,0.6930430635157583,forced_negative_to_positive_crossing,0.4,0.5
typ,0,2.0,2.3373133602149423,0.3373133602149423,forced_negative_to_positive_crossing,0.4,0.5
arith,0,0.0,0.1640303699095936,0.1640303699095936,forced_negative_to_positive_crossing,0.45,0.01
arith,0,0.5,0.5025330564540873,0.0025330564540873013,forced_negative_to_positive_crossing,0.45,0.01
arith,0,1.0,1.0007998518957357,0.0007998518957357259,forced_negative_to_positive_crossing,0.45,0.01
arith,0,2.0,2.0005981380424314,0.000598138042431362,forced_negative_to_positive_crossing,0.45,0.01
typ,0,0.0,0.164035979128008,0.164035979128008,forced_negative_to_positive_crossing,0.45,0.01
typ,0,0.5,0.5007802609073636,0.0007802609073636058,forced_negative_to_positive_crossing,0.45,0.01
typ,0,1.0,1.0004435624932773,0.00044356249327726083,forced_negative_to_positive_crossing,0.45,0.01
typ,0,2.0,2.000502929749482,0.0005029297494818508,forced_negative_to_positive_crossing,0.45,0.01
arith,0,0.0,0.20215540141736799,0.20215540141736799,forced_negative_to_positive_crossing,0.45,0.05
arith,0,0.5,0.5064964203716473,0.006496420371647327,forced_negative_to_positive_crossing,0.45,0.05
arith,0,1.0,1.0008270843051117,0.0008270843051116916,forced_negative_to_positive_crossing,0.45,0.05
arith,0,2.0,2.0002882066267365,0.0002882066267364536,forced_negative_to_positive_crossing,0.45,0.05
typ,0,0.0,0.20216242910876553,0.20216242910876553,forced_negative_to_positive_crossing,0.45,0.05
typ,0,0.5,0.5051282989807444,0.005128298980744406,forced_negative_to_positive_crossing,0.45,0.05
typ,0,1.0,1.0019784609642797,0.0019784609642796713,forced_negative_to_positive_crossing,0.45,0.05
typ,0,2.0,2.0006841385007488,0.0006841385007487766,forced_negative_to_positive_crossing,0.45,0.05
arith,0,0.0,0.28864424258277843,0.28864424258277843,forced_negative_to_positive_crossing,0.45,0.1
arith,0,0.5,0.5315102584516005,0.03151025845160049,forced_negative_to_positive_crossing,0.45,0.1
arith,0,1.0,1.002882517479305,0.0028825174793050135,forced_negative_to_positive_crossing,0.45,0.1
arith,0,2.0,2.000322790214152,0.00032279021415204667,forced_negative_to_positive_crossing,0.45,0.1
typ,0,0.0,0.28864845166068,0.28864845166068,forced_negative_to_positive_crossing,0.45,0.1
typ,0,0.5,0.5354770290171547,0.03547702901715466,forced_negative_to_positive_crossing,0.45,0.1
typ,0,1.0,1.009476342038751,0.009476342038750918,forced_negative_to_positive_crossing,0.45,0.1
typ,0,2.0,2.002732233908181,0.002732233908180781,forced_negative_to_positive_crossing,0.45,0.1
arith,0,0.0,0.565636577210529,0.565636577210529,forced_negative_to_positive_crossing,0.45,0.2
arith,0,0.5,0.7005590067225606,0.20055900672256055,forced_negative_to_positive_crossing,0.45,0.2
arith,0,1.0,1.0435488148420151,0.043548814842015116,forced_negative_to_positive_crossing,0.45,0.2
arith,0,2.0,2.0020684876838373,0.0020684876838372723,forced_negative_to_positive_crossing,0.45,0.2
typ,0,0.0,0.5656409829941256,0.5656409829941256,forced_negative_to_positive_crossing,0.45,0.2
typ,0,0.5,0.7044731361815949,0.2044731361815949,forced_negative_to_positive_crossing,0.45,0.2
typ,0,1.0,1.0542701430348624,0.05427014303486244,forced_negative_to_positive_crossing,0.45,0.2
typ,0,2.0,2.0203681408700613,0.020368140870061335,forced_negative_to_positive_crossing,0.45,0.2
arith,0,0.0,1.5455726703131185,1.5455726703131185,forced_negative_to_positive_crossing,0.45,0.5
arith,0,0.5,1.5914861183709719,1.0914861183709719,forced_negative_to_positive_crossing,0.45,0.5
arith,0,1.0,1.7147578130321115,0.7147578130321115,forced_negative_to_positive_crossing,0.45,0.5
arith,0,2.0,2.2235325408458384,0.2235325408458384,forced_negative_to_positive_crossing,0.45,0.5
typ,0,0.0,1.5455784146562397,1.5455784146562397,forced_negative_to_positive_crossing,0.45,0.5
typ,0,0.5,1.5781824012710661,1.0781824012710661,forced_negative_to_positive_crossing,0.45,0.5
typ,0,1.0,1.6293566867686913,0.6293566867686913,forced_negative_to_positive_crossing,0.45,0.5
typ,0,2.0,2.2849397052507485,0.2849397052507485,forced_negative_to_positive_crossing,0.45,0.5
arith,0,0.0,0.161213854046848,0.161213854046848,forced_negative_to_positive_crossing,0.49,0.01
arith,0,0.5,0.5005729511757917,0.0005729511757917027,forced_negative_to_positive_crossing,0.49,0.01
arith,0,1.0,1.000024532939054,2.4532939054022762e-05,forced_negative_to_positive_crossing,0.49,0.01
arith,0,2.0,2.0000061184597975,6.118459797477271e-06,forced_negative_to_positive_crossing,0.49,0.01
typ,0,0.0,0.16122322935489386,0.16122322935489386,forced_negative_to_positive_crossing,0.49,0.01
typ,0,0.5,0.5001482052842894,0.00014820528428938218,forced_negative_to_positive_crossing,0.49,0.01
typ,0,1.0,1.0000100191774786,1.0019177478559627e-05,forced_negative_to_positive_crossing,0.49,0.01
typ,0,2.0,1.9999040138611188,-9.598613888117669e-05,forced_negative_to_positive_crossing,0.49,0.01
arith,0,0.0,0.19900275587769192,0.19900275587769192,forced_negative_to_positive_crossing,0.49,0.05
arith,0,0.5,0.50465399517448,0.004653995174479952,forced_negative_to_positive_crossing,0.49,0.05
arith,0,1.0,1.0002291569730453,0.0002291569730452636,forced_negative_to_positive_crossing,0.49,0.05
arith,0,2.0,2.0000143944960467,1.4394496046676863e-05,forced_negative_to_positive_crossing,0.49,0.05
typ,0,0.0,0.19901803857521108,0.19901803857521108,forced_negative_to_positive_crossing,0.49,0.05
typ,0,0.5,0.5034616541396894,0.003461654139689352,forced_negative_to_positive_crossing,0.49,0.05
typ,0,1.0,1.000386384227261,0.00038638422726089416,forced_negative_to_positive_crossing,0.49,0.05
typ,0,2.0,1.9999682442526965,-3.1755747303519044e-05,forced_negative_to_positive_crossing,0.49,0.05
arith,0,0.0,0.2853043271135917,0.2853043271135917,forced_negative_to_positive_crossing,0.49,0.1
arith,0,0.5,0.5282141409303293,0.028214140930329257,forced_negative_to_positive_crossing,0.49,0.1
arith,0,1.0,1.001911928743275,0.0019119287432749488,forced_negative_to_positive_crossing,0.49,0.1
arith,0,2.0,2.0000918105646655,9.181056466545101e-05,forced_negative_to_positive_crossing,0.49,0.1
typ,0,0.0,0.28531379343239704,0.28531379343239704,forced_negative_to_positive_crossing,0.49,0.1
typ,0,0.5,0.5315129620416699,0.03151296204166987,forced_negative_to_positive_crossing,0.49,0.1
typ,0,1.0,1.0054014812652943,0.005401481265294272,forced_negative_to_positive_crossing,0.49,0.1
typ,0,2.0,2.00098048036266,0.0009804803626600744,forced_negative_to_positive_crossing,0.49,0.1
arith,0,0.0,0.5568965671441065,0.5568965671441065,forced_negative_to_positive_crossing,0.49,0.2
arith,0,0.5,0.6931365319762608,0.1931365319762608,forced_negative_to_positive_crossing,0.49,0.2
arith,0,1.0,1.0391147664150013,0.039114766415001334,forced_negative_to_positive_crossing,0.49,0.2
arith,0,2.0,2.001406407143606,0.001406407143606181,forced_negative_to_positive_crossing,0.49,0.2
typ,0,0.0,0.5569030508600129,0.5569030508600129,forced_negative_to_positive_crossing,0.49,0.2
typ,0,0.5,0.6970778128895861,0.19707781288958615,forced_negative_to_positive_crossing,0.49,0.2
typ,0,1.0,1.0489555199278977,0.048955519927897706,forced_negative_to_positive_crossing,0.49,0.2
typ,0,2.0,2.0172231432418504,0.01722314324185037,forced_negative_to_positive_crossing,0.49,0.2
arith,0,0.0,1.5260658457671317,1.5260658457671317,forced_negative_to_positive_crossing,0.49,0.5
arith,0,0.5,1.5707330167899718,1.0707330167899718,forced_negative_to_positive_crossing,0.49,0.5
arith,0,1.0,1.6947249194255078,0.6947249194255078,forced_negative_to_positive_crossing,0.49,0.5
arith,0,2.0,2.208129431481376,0.20812943148137597,forced_negative_to_positive_crossing,0.49,0.5
typ,0,0.0,1.5260713234856764,1.5260713234856764,forced_negative_to_positive_crossing,0.49,0.5
typ,0,0.5,1.5577930574107908,1.0577930574107908,forced_negative_to_positive_crossing,0.49,0.5
typ,0,1.0,1.6101131810020548,0.6101131810020548,forced_negative_to_positive_crossing,0.49,0.5
typ,0,2.0,2.2695369269222585,0.2695369269222585,forced_negative_to_positive_crossing,0.49,0.5
