branch,conductivity_relative_floor,disorder_full_width,first_crossing_interaction,initial_sign,large_U_sign,maximum_reliable_interaction,minimum_interaction,prediction,prediction_met,reliable_points,sampled_points,target_filling,temperature,thermopower_at_maximum_reliable_interaction,thermopower_at_minimum_interaction,zero_crossings
arith,1e-08,0.0,0.46505708537814805,-1,-1,4.0,0.125,negative_at_large_U,True,32,32,0.2,0.01,-0.023995600034218124,-0.06929101469832145,2
arith,1e-08,0.5,nan,-1,-1,4.0,0.0,negative_at_large_U,True,33,33,0.2,0.01,-0.014910401692444791,-0.06263903455430571,0
arith,1e-08,1.0,nan,-1,-1,4.0,0.0,negative_at_large_U,True,33,33,0.2,0.01,-0.004090385015910191,-0.03152385384028207,0
arith,1e-08,2.0,nan,-1,-1,4.0,0.0,negative_at_large_U,True,33,33,0.2,0.01,-0.0006022776884442236,-0.007488046436282674,0
typ,1e-08,0.0,0.004830039948017257,1,-1,4.0,0.0,negative_at_large_U,True,31,31,0.2,0.01,-0.023999824361789185,0.002785469119211205,3
typ,1e-08,0.5,nan,-1,-1,4.0,0.0,negative_at_large_U,True,30,30,0.2,0.01,-0.044642255094074206,-0.11330225826737632,0
typ,1e-08,1.0,nan,-1,-1,4.0,0.0,negative_at_large_U,True,33,33,0.2,0.01,-0.32755955217369764,-0.39427627484475847,0
typ,1e-08,2.0,nan,-1,-1,4.0,0.0,negative_at_large_U,True,33,33,0.2,0.01,-0.030513874547934392,-0.13304657493460031,0
arith,1e-08,0.0,nan,-1,-1,4.0,0.125,negative_at_large_U,True,32,32,0.2,0.05,-0.13665072357247174,-0.3868667435140609,0
arith,1e-08,0.5,nan,-1,-1,4.0,0.0,negative_at_large_U,True,33,33,0.2,0.05,-0.09109861078890441,-0.3442708660326132,0
arith,1e-08,1.0,nan,-1,-1,4.0,0.0,negative_at_large_U,True,33,33,0.2,0.05,-0.026400090766477154,-0.18791314904223302,0
arith,1e-08,2.0,nan,-1,-1,4.0,0.0,negative_at_large_U,True,33,33,0.2,0.05,-0.0034046781276317155,-0.04531278990216249,0
typ,1e-08,0.0,nan,-1,-1,4.0,0.0,negative_at_large_U,True,31,31,0.2,0.05,-0.13666677119754092,-0.5991859997232228,0
typ,1e-08,0.5,nan,-1,-1,4.0,0.0,negative_at_large_U,True,31,31,0.2,0.05,-0.21973311580189417,-0.5613114038491919,0
typ,1e-08,1.0,nan,-1,-1,4.0,0.0,negative_at_large_U,True,33,33,0.2,0.05,-0.8091810685065199,-1.3394543768426492,0
typ,1e-08,2.0,nan,-1,-1,4.0,0.0,negative_at_large_U,True,33,33,0.2,0.05,-0.16454993184274777,-0.6280072077903962,0
arith,1e-08,0.0,nan,-1,-1,4.0,0.125,negative_at_large_U,True,32,32,0.2,0.1,-0.2557150395224854,-0.7635849992426753,0
arith,1e-08,0.5,nan,-1,-1,4.0,0.0,negative_at_large_U,True,33,33,0.2,0.1,-0.20787030657278044,-0.698735220561411,0
arith,1e-08,1.0,nan,-1,-1,4.0,0.0,negative_at_large_U,True,33,33,0.2,0.1,-0.09636673182966861,-0.4613701675061521,0
arith,1e-08,2.0,nan,-1,-1,4.0,0.0,negative_at_large_U,True,33,33,0.2,0.1,-0.011525055963812307,-0.15429657580996647,0
typ,1e-08,0.0,nan,-1,-1,4.0,0.0,negative_at_large_U,True,31,31,0.2,0.1,-0.25573177065550456,-1.00053580409901,0
typ,1e-08,0.5,nan,-1,-1,4.0,0.0,negative_at_large_U,True,31,31,0.2,0.1,-0.3369983777350114,-0.9460469122455857,0
typ,1e-08,1.0,nan,-1,-1,4.0,0.0,negative_at_large_U,True,33,33,0.2,0.1,-0.7014998923348352,-1.5853068416350742,0
typ,1e-08,2.0,nan,-1,-1,4.0,0.0,negative_at_large_U,True,33,33,0.2,0.1,-0.28651020412935047,-1.0791001414613564,0
arith,1e-08,0.0,nan,-1,-1,4.0,0.125,negative_at_large_U,True,32,32,0.2,0.2,-0.3441757169667672,-1.1303555839691275,0
arith,1e-08,0.5,nan,-1,-1,4.0,0.0,negative_at_large_U,True,33,33,0.2,0.2,-0.32312951141325613,-1.0843165622646387,0
arith,1e-08,1.0,nan,-1,-1,4.0,0.0,negative_at_large_U,True,33,33,0.2,0.2,-0.24592980702617656,-0.8904603816772377,0
arith,1e-08,2.0,nan,-1,-1,4.0,0.0,negative_at_large_U,True,33,33,0.2,0.2,-0.08717311260864029,-0.4888230584824062,0
typ,1e-08,0.0,nan,-1,-1,4.0,0.0,negative_at_large_U,True,31,31,0.2,0.2,-0.34417633577089846,-1.2424147089103195,0
typ,1e-08,0.5,nan,-1,-1,4.0,0.0,negative_at_large_U,True,31,31,0.2,0.2,-0.3871247056298007,-1.231492104083692,0
typ,1e-08,1.0,nan,-1,-1,4.0,0.0,negative_at_large_U,True,33,33,0.2,0.2,-0.5261159756130689,-1.547308229135123,0
typ,1e-08,2.0,nan,-1,-1,4.0,0.0,negative_at_large_U,True,33,33,0.2,0.2,-0.3962982830998889,-1.4193999898728975,0
arith,1e-08,0.0,nan,-1,-1,4.0,0.125,negative_at_large_U,True,32,32,0.2,0.5,-0.3973257009981405,-1.3360589390806918,0
arith,1e-08,0.5,nan,-1,-1,4.0,0.0,negative_at_large_U,True,33,33,0.2,0.5,-0.3948865094096543,-1.3243027551587188,0
arith,1e-08,1.0,nan,-1,-1,4.0,0.0,negative_at_large_U,True,33,33,0.2,0.5,-0.37768661238593354,-1.2676744734615033,0
arith,1e-08,2.0,nan,-1,-1,4.0,0.0,negative_at_large_U,True,33,33,0.2,0.5,-0.3116871219191349,-1.07248759799332,0
typ,1e-08,0.0,nan,-1,-1,4.0,0.0,negative_at_large_U,True,31,31,0.2,0.5,-0.39731994058638986,-1.3596013137461618,0
typ,1e-08,0.5,nan,-1,-1,4.0,0.0,negative_at_large_U,True,31,31,0.2,0.5,-0.4101165227638036,-1.358947959151877,0
typ,1e-08,1.0,nan,-1,-1,4.0,0.0,negative_at_large_U,True,33,33,0.2,0.5,-0.4377643632665367,-1.4276399256076193,0
typ,1e-08,2.0,nan,-1,-1,4.0,0.0,negative_at_large_U,True,33,33,0.2,0.5,-0.4437411535634229,-1.4299941630966515,0
arith,1e-08,0.0,0.2824946522516308,-1,1,4.0,0.125,negative_at_large_U,False,32,32,0.24,0.01,0.0005411420057362803,-0.052731879966637335,1
arith,1e-08,0.5,0.7584168949652125,-1,-1,4.0,0.0,negative_at_large_U,True,33,33,0.24,0.01,-0.000980982485903993,-0.048266133943039136,2
arith,1e-08,1.0,nan,-1,-1,4.0,0.0,negative_at_large_U,True,33,33,0.24,0.01,-0.00024659360231663366,-0.022740258700434696,0
arith,1e-08,2.0,nan,-1,-1,4.0,0.0,negative_at_large_U,True,33,33,0.24,0.01,-7.117169171466654e-06,-0.004991836185994696,0
typ,1e-08,0.0,0.2825029168800513,-1,1,4.0,0.0,negative_at_large_U,False,31,31,0.24,0.01,0.0005373045726548857,-0.08883816023881307,1
typ,1e-08,0.5,nan,-1,-1,4.0,0.0,negative_at_large_U,True,31,31,0.24,0.01,-0.0071126579520699946,-0.08822830018424323,0
typ,1e-08,1.0,nan,-1,-1,4.0,0.0,negative_at_large_U,True,33,33,0.24,0.01,-0.07542771862569372,-0.2583042573627434,0
typ,1e-08,2.0,nan,-1,-1,4.0,0.0,negative_at_large_U,True,33,33,0.24,0.01,-0.003892621272909649,-0.11621217821632972,0
arith,1e-08,0.0,0.3365377485683093,-1,-1,4.0,0.125,negative_at_large_U,True,32,32,0.24,0.05,-0.005881044131145691,-0.29789891794283196,2
arith,1e-08,0.5,0.792683483100195,-1,-1,4.0,0.0,negative_at_large_U,True,33,33,0.24,0.05,-0.008795274482896114,-0.26562647137418344,2
arith,1e-08,1.0,nan,-1,-1,4.0,0.0,negative_at_large_U,True,33,33,0.24,0.05,-0.00219687060517085,-0.13472727331645273,0
arith,1e-08,2.0,nan,-1,-1,4.0,0.0,negative_at_large_U,True,33,33,0.24,0.05,-0.00023156028955613415,-0.028918242234504312,0
typ,1e-08,0.0,0.3365408210920706,-1,-1,4.0,0.0,negative_at_large_U,True,31,31,0.24,0.05,-0.005891990175824248,-0.5154212845308935,2
typ,1e-08,0.5,nan,-1,-1,4.0,0.0,negative_at_large_U,True,31,31,0.24,0.05,-0.03711848217647567,-0.4424334901513128,0
typ,1e-08,1.0,nan,-1,-1,4.0,0.0,negative_at_large_U,True,33,33,0.24,0.05,-0.17035626276567142,-1.0182492960156166,0
typ,1e-08,2.0,nan,-1,-1,4.0,0.0,negative_at_large_U,True,33,33,0.24,0.05,-0.042486903592639784,-0.5422887302171835,0
arith,1e-08,0.0,0.5394689003778894,-1,-1,4.0,0.125,negative_at_large_U,True,32,32,0.24,0.1,-0.026853766327204227,-0.6126767452761211,2
arith,1e-08,0.5,nan,-1,-1,4.0,0.0,negative_at_large_U,True,31,31,0.24,0.1,-0.028344011602223336,-0.5579562161438667,0
arith,1e-08,1.0,nan,-1,-1,4.0,0.0,negative_at_large_U,True,33,33,0.24,0.1,-0.013025462131959249,-0.348996133054403,0
arith,1e-08,2.0,nan,-1,-1,4.0,0.0,negative_at_large_U,True,33,33,0.24,0.1,-0.0011133374125778931,-0.09776375339824334,0
typ,1e-08,0.0,0.5394924237256775,-1,-1,4.0,0.0,negative_at_large_U,True,31,31,0.24,0.1,-0.026869452473629103,-0.8204342478706653,2
typ,1e-08,0.5,nan,-1,-1,4.0,0.0,negative_at_large_U,True,31,31,0.24,0.1,-0.06037652255279803,-0.7690890744292299,0
typ,1e-08,1.0,nan,-1,-1,4.0,0.0,negative_at_large_U,True,33,33,0.24,0.1,-0.14489503159720382,-1.2950716812757346,0
typ,1e-08,2.0,nan,-1,-1,4.0,0.0,negative_at_large_U,True,33,33,0.24,0.1,-0.07467492869243238,-0.9298007114631096,0
arith,1e-08,0.0,nan,-1,-1,4.0,0.125,negative_at_large_U,True,32,32,0.24,0.2,-0.05101449742546929,-0.9304452373871381,0
arith,1e-08,0.5,nan,-1,-1,4.0,0.0,negative_at_large_U,True,32,32,0.24,0.2,-0.05315964293800669,-0.8906060142395337,0
arith,1e-08,1.0,nan,-1,-1,4.0,0.0,negative_at_large_U,True,33,33,0.24,0.2,-0.04173742829961033,-0.7190212705736835,0
arith,1e-08,2.0,nan,-1,-1,4.0,0.0,negative_at_large_U,True,33,33,0.24,0.2,-0.01413697693938371,-0.3622798756821585,0
typ,1e-08,0.0,nan,-1,-1,4.0,0.0,negative_at_large_U,True,31,31,0.24,0.2,-0.051025408408605394,-1.0324440773775394,0
typ,1e-08,0.5,nan,-1,-1,4.0,0.0,negative_at_large_U,True,31,31,0.24,0.2,-0.07230498793122213,-1.0179847135768834,0
typ,1e-08,1.0,nan,-1,-1,4.0,0.0,negative_at_large_U,True,33,33,0.24,0.2,-0.10802490587583703,-1.2881730913008713,0
typ,1e-08,2.0,nan,-1,-1,4.0,0.0,negative_at_large_U,True,33,33,0.24,0.2,-0.10772811433253797,-1.1890625072356118,0
arith,1e-08,0.0,nan,-1,-1,4.0,0.125,negative_at_large_U,True,32,32,0.24,0.5,-0.08045872829988265,-1.1090775939853303,0
arith,1e-08,0.5,nan,-1,-1,4.0,0.0,negative_at_large_U,True,33,33,0.24,0.5,-0.08290428496060767,-1.0988832230519672,0
arith,1e-08,1.0,nan,-1,-1,4.0,0.0,negative_at_large_U,True,33,33,0.24,0.5,-0.08210269030011336,-1.049544733989046,0
arith,1e-08,2.0,nan,-1,-1,4.0,0.0,negative_at_large_U,True,33,33,0.24,0.5,-0.07707773992497015,-0.8775268119647105,0
typ,1e-08,0.0,nan,-1,-1,4.0,0.0,negative_at_large_U,True,31,31,0.24,0.5,-0.08046361852520989,-1.1338756134819208,0
typ,1e-08,0.5,nan,-1,-1,4.0,0.0,negative_at_large_U,True,31,31,0.24,0.5,-0.08898121711516657,-1.128904392226008,0
typ,1e-08,1.0,nan,-1,-1,4.0,0.0,negative_at_large_U,True,33,33,0.24,0.5,-0.09771226236435496,-1.1886543331521229,0
typ,1e-08,2.0,nan,-1,-1,4.0,0.0,negative_at_large_U,True,33,33,0.24,0.5,-0.12738585997191557,-1.1942450785829164,0
arith,1e-08,0.0,0.26478593888217083,-1,1,4.0,0.125,approaches_zero_at_large_U,True,32,32,0.25,0.01,0.006461666781644573,-0.04928221459522333,1
arith,1e-08,0.5,0.6825589134003552,-1,1,4.0,0.0,approaches_zero_at_large_U,True,33,33,0.25,0.01,0.0023301373875184756,-0.04525760059172288,1
arith,1e-08,1.0,1.3831853233491986,-1,1,4.0,0.0,approaches_zero_at_large_U,True,33,33,0.25,0.01,0.0006402222264299917,-0.021008143935841356,1
arith,1e-08,2.0,2.8771113483150432,-1,1,4.0,0.0,approaches_zero_at_large_U,True,33,33,0.25,0.01,9.508094590357319e-05,-0.004537295931522318,1
typ,1e-08,0.0,0.2647934701044478,-1,1,4.0,0.0,approaches_zero_at_large_U,True,31,31,0.25,0.01,0.006457929133122704,-0.31622506592360994,1
typ,1e-08,0.5,0.8483651615119873,-1,1,4.0,0.0,approaches_zero_at_large_U,True,31,31,0.25,0.01,0.0018106271776021472,-0.08293702381152901,1
typ,1e-08,1.0,nan,-1,-1,4.0,0.0,approaches_zero_at_large_U,True,33,33,0.25,0.01,-0.00419713258396535,-0.23501359993765245,0
typ,1e-08,2.0,nan,-1,-1,4.0,0.0,approaches_zero_at_large_U,True,33,33,0.25,0.01,-0.007038068986715241,-0.11014553680422219,0
arith,1e-08,0.0,0.3179209694600469,-1,1,4.0,0.125,approaches_zero_at_large_U,True,32,32,0.25,0.05,0.025696880545048494,-0.2791079608481362,1
arith,1e-08,0.5,0.6853302097787229,-1,1,4.0,0.0,approaches_zero_at_large_U,True,33,33,0.25,0.05,0.01076205762513207,-0.2490749424609412,1
arith,1e-08,1.0,1.3656842654930572,-1,1,4.0,0.0,approaches_zero_at_large_U,True,33,33,0.25,0.05,0.003268757010185721,-0.12423080706513782,1
arith,1e-08,2.0,2.8705535662534567,-1,1,4.0,0.0,approaches_zero_at_large_U,True,33,33,0.25,0.05,0.0004854106076530843,-0.026058507788290847,1
typ,1e-08,0.0,0.3179258349098751,-1,1,4.0,0.0,approaches_zero_at_large_U,True,31,31,0.25,0.05,0.02567848601501687,-0.4986197411590202,1
typ,1e-08,0.5,0.9424215190742186,-1,1,4.0,0.0,approaches_zero_at_large_U,True,31,31,0.25,0.05,0.006805657681516809,-0.4167777556831299,1
typ,1e-08,1.0,nan,-1,-1,4.0,0.0,approaches_zero_at_large_U,True,33,33,0.25,0.05,-0.009661018598135781,-0.9506017570769032,0
typ,1e-08,2.0,nan,-1,-1,4.0,0.0,approaches_zero_at_large_U,True,33,33,0.25,0.05,-0.009354420438322048,-0.5306297583168181,0
arith,1e-08,0.0,0.4771027804075931,-1,1,4.0,0.125,approaches_zero_at_large_U,True,32,32,0.25,0.1,0.029028203296757434,-0.5792991906720686,1
arith,1e-08,0.5,0.7888902794991731,-1,1,4.0,0.0,approaches_zero_at_large_U,True,33,33,0.25,0.1,0.015144969657907847,-0.5270118364569276,1
arith,1e-08,1.0,1.3475142277105134,-1,1,4.0,0.0,approaches_zero_at_large_U,True,33,33,0.25,0.1,0.006250971011319545,-0.3254251308110902,1
arith,1e-08,2.0,2.8356618734466195,-1,1,4.0,0.0,approaches_zero_at_large_U,True,33,33,0.25,0.1,0.00104542210155919,-0.08746596578606451,1
typ,1e-08,0.0,0.47711017589698534,-1,1,4.0,0.0,approaches_zero_at_large_U,True,31,31,0.25,0.1,0.029012667170384924,-0.7865147474259058,1
typ,1e-08,0.5,1.0933344503972344,-1,1,4.0,0.0,approaches_zero_at_large_U,True,31,31,0.25,0.1,0.007265974666054502,-0.729335708509317,1
typ,1e-08,1.0,nan,-1,-1,4.0,0.0,approaches_zero_at_large_U,True,33,33,0.25,0.1,-0.00830287964509781,-1.228342748410184,0
typ,1e-08,2.0,nan,-1,-1,4.0,0.0,approaches_zero_at_large_U,True,33,33,0.25,0.1,-0.01724288203986696,-0.8945701334949965,0
arith,1e-08,0.0,1.2288319609141531,-1,1,4.0,0.125,approaches_zero_at_large_U,True,32,32,0.25,0.2,0.02095074010807837,-0.8848264276128848,1
arith,1e-08,0.5,1.4586484412341376,-1,1,4.0,0.0,approaches_zero_at_large_U,True,33,33,0.25,0.2,0.012988510019598469,-0.8465385834411532,1
arith,1e-08,1.0,1.8248313598187416,-1,1,4.0,0.0,approaches_zero_at_large_U,True,33,33,0.25,0.2,0.007778210963591237,-0.6807620931368922,1
arith,1e-08,2.0,2.8434650121204186,-1,1,4.0,0.0,approaches_zero_at_large_U,True,33,33,0.25,0.2,0.0023582560096879167,-0.3359427860554875,1
typ,1e-08,0.0,1.2288322309997097,-1,1,4.0,0.0,approaches_zero_at_large_U,True,31,31,0.25,0.2,0.020940066457148476,-0.990253201879445,1
typ,1e-08,0.5,1.8328433891414928,-1,1,4.0,0.0,approaches_zero_at_large_U,True,31,31,0.25,0.2,0.0050718876388835986,-0.9689851414860334,1
typ,1e-08,1.0,nan,-1,-1,4.0,0.0,approaches_zero_at_large_U,True,33,33,0.25,0.2,-0.005481611267027588,-1.2276766208076115,0
typ,1e-08,2.0,nan,-1,-1,4.0,0.0,approaches_zero_at_large_U,True,33,33,0.25,0.2,-0.031189776154388085,-1.1337952167205991,0
arith,1e-08,0.0,nan,-1,-1,4.0,0.125,approaches_zero_at_large_U,True,32,32,0.25,0.5,-0.002796774901405622,-1.0566681983123913,0
arith,1e-08,0.5,nan,-1,-1,4.0,0.0,approaches_zero_at_large_U,True,33,33,0.25,0.5,-0.006452736129938972,-1.0468699527016903,0
arith,1e-08,1.0,nan,-1,-1,4.0,0.0,approaches_zero_at_large_U,True,33,33,0.25,0.5,-0.00982620386734228,-0.9993707984323357,0
arith,1e-08,2.0,nan,-1,-1,4.0,0.0,approaches_zero_at_large_U,True,33,33,0.25,0.5,-0.020419671868637173,-0.8333402568792805,0
typ,1e-08,0.0,nan,-1,-1,4.0,0.0,approaches_zero_at_large_U,True,31,31,0.25,0.5,-0.002790912078387859,-1.0758294813222071,0
typ,1e-08,0.5,nan,-1,-1,4.0,0.0,approaches_zero_at_large_U,True,31,31,0.25,0.5,-0.0102451521750628,-1.0757384979336124,0
typ,1e-08,1.0,nan,-1,-1,4.0,0.0,approaches_zero_at_large_U,True,33,33,0.25,0.5,-0.01418879538427249,-1.1327424844326677,0
typ,1e-08,2.0,nan,-1,-1,4.0,0.0,approaches_zero_at_large_U,True,33,33,0.25,0.5,-0.04913631493015971,-1.1405049262846179,0
arith,1e-08,0.0,0.250133217322229,-1,1,4.0,0.125,forced_negative_to_positive_crossing,True,32,32,0.26,0.01,0.0123819674481771,-0.046050838769386426,1
arith,1e-08,0.5,0.6233552832302124,-1,1,4.0,0.0,forced_negative_to_positive_crossing,True,33,33,0.26,0.01,0.0056447158811915536,-0.042431702464606466,1
arith,1e-08,1.0,1.2402508581329372,-1,1,4.0,0.0,forced_negative_to_positive_crossing,True,33,33,0.26,0.01,0.0015293482140269444,-0.019418400686534075,1
arith,1e-08,2.0,2.5793476072548436,-1,1,4.0,0.0,forced_negative_to_positive_crossing,True,33,33,0.26,0.01,0.0001979629196018756,-0.004131225215862027,1
typ,1e-08,0.0,0.08198329319146987,1,1,4.0,0.0,forced_negative_to_positive_crossing,False,31,31,0.26,0.01,0.012377569323564772,0.08777950657416067,2
typ,1e-08,0.5,0.6829751896199193,-1,1,4.0,0.0,forced_negative_to_positive_crossing,True,31,31,0.26,0.01,0.010731636524958316,-0.0779508090241786,1
typ,1e-08,1.0,1.5996972173898125,-1,1,4.0,0.0,forced_negative_to_positive_crossing,True,33,33,0.26,0.01,0.06716719929232955,-0.21446386538591533,1
typ,1e-08,2.0,3.3365626901245706,-1,1,4.0,0.0,forced_negative_to_positive_crossing,True,33,33,0.26,0.01,0.0025550215268059753,-0.10723091560380954,1
arith,1e-08,0.0,0.3021096507169681,-1,1,4.0,0.125,forced_negative_to_positive_crossing,True,32,32,0.26,0.05,0.057251102495057056,-0.2614271221700429,1
arith,1e-08,0.5,0.6229547203603509,-1,1,4.0,0.0,forced_negative_to_positive_crossing,True,33,33,0.26,0.05,0.03031503901379507,-0.23351036617547632,1
arith,1e-08,1.0,1.2172744116333911,-1,1,4.0,0.0,forced_negative_to_positive_crossing,True,33,33,0.26,0.05,0.008744791204896688,-0.11460365591817769,1
arith,1e-08,2.0,2.4979797622252833,-1,1,4.0,0.0,forced_negative_to_positive_crossing,True,33,33,0.26,0.05,0.0012057120044599375,-0.023540146436957638,1
typ,1e-08,0.0,0.30211432103143193,-1,1,4.0,0.0,forced_negative_to_positive_crossing,True,31,31,0.26,0.05,0.05723702041188201,-0.4816138878411165,1
typ,1e-08,0.5,0.7145481546035287,-1,1,4.0,0.0,forced_negative_to_positive_crossing,True,31,31,0.26,0.05,0.05071601487448662,-0.39243414728866327,1
typ,1e-08,1.0,1.6120828754756076,-1,1,4.0,0.0,forced_negative_to_positive_crossing,True,33,33,0.26,0.05,0.15114664801522343,-0.8872238464094805,1
typ,1e-08,2.0,3.0635447597526166,-1,1,4.0,0.0,forced_negative_to_positive_crossing,True,33,33,0.26,0.05,0.021239693085799462,-0.5092236858126822,1
arith,1e-08,0.0,0.4453637666974922,-1,1,4.0,0.125,forced_negative_to_positive_crossing,True,32,32,0.26,0.1,0.08489124915386462,-0.5473479177700864,1
arith,1e-08,0.5,0.7174479840823283,-1,1,4.0,0.0,forced_negative_to_positive_crossing,True,33,33,0.26,0.1,0.05862444874569503,-0.4974548914229691,1
arith,1e-08,1.0,1.1836801566324806,-1,1,4.0,0.0,forced_negative_to_positive_crossing,True,33,33,0.26,0.1,0.02553595160818225,-0.3033396396388376,1
arith,1e-08,2.0,2.3917539927659845,-1,1,4.0,0.0,forced_negative_to_positive_crossing,True,33,33,0.26,0.1,0.003211833044238926,-0.07833164106766051,1
typ,1e-08,0.0,0.4453693998986559,-1,1,4.0,0.0,forced_negative_to_positive_crossing,True,31,31,0.26,0.1,0.08486369923379534,-0.7471462388722926,1
typ,1e-08,0.5,0.8037347915605202,-1,1,4.0,0.0,forced_negative_to_positive_crossing,True,31,31,0.26,0.1,0.07492611514246322,-0.6910569796187879,1
typ,1e-08,1.0,1.6076699257788403,-1,1,4.0,0.0,forced_negative_to_positive_crossing,True,33,33,0.26,0.1,0.1318515065061682,-1.165344436390956,1
typ,1e-08,2.0,3.0995811947658196,-1,1,4.0,0.0,forced_negative_to_positive_crossing,True,33,33,0.26,0.1,0.035829996344675236,-0.8557175624546972,1
arith,1e-08,0.0,1.0341574236468793,-1,1,4.0,0.125,forced_negative_to_positive_crossing,True,32,32,0.26,0.2,0.092910873395116,-0.8406495814656881,1
arith,1e-08,0.5,1.1851260513425599,-1,1,4.0,0.0,forced_negative_to_positive_crossing,True,33,33,0.26,0.2,0.07913187594159966,-0.8038995347446666,1
arith,1e-08,1.0,1.4674489747245185,-1,1,4.0,0.0,forced_negative_to_positive_crossing,True,33,33,0.26,0.2,0.05730119073327868,-0.6440241451017211,1
arith,1e-08,2.0,2.3060905960356743,-1,1,4.0,0.0,forced_negative_to_positive_crossing,True,33,33,0.26,0.2,0.01886083570175791,-0.31137827919330524,1
typ,1e-08,0.0,1.0341763437864475,-1,1,4.0,0.0,forced_negative_to_positive_crossing,True,31,31,0.26,0.2,0.09288957902989044,-0.9428956088166679,1
typ,1e-08,0.5,1.2283925747346902,-1,1,4.0,0.0,forced_negative_to_positive_crossing,True,31,31,0.26,0.2,0.0824248993656566,-0.921411845152149,1
typ,1e-08,1.0,1.6316534817058757,-1,1,4.0,0.0,forced_negative_to_positive_crossing,True,33,33,0.26,0.2,0.09954353927015115,-1.169696546022259,1
typ,1e-08,2.0,3.1481306788598116,-1,1,4.0,0.0,forced_negative_to_positive_crossing,True,33,33,0.26,0.2,0.0470865927742325,-1.0791248592645277,1
arith,1e-08,0.0,2.871943549738447,-1,1,4.0,0.125,forced_negative_to_positive_crossing,True,32,32,0.26,0.5,0.07476659548509593,-1.0056893127489586,1
arith,1e-08,0.5,2.9385679371777096,-1,1,4.0,0.0,forced_negative_to_positive_crossing,True,33,33,0.26,0.5,0.06985128569374822,-0.9962871256776225,1
arith,1e-08,1.0,3.057836221928298,-1,1,4.0,0.0,forced_negative_to_positive_crossing,True,33,33,0.26,0.5,0.06229188079187406,-0.9506358297864673,1
arith,1e-08,2.0,3.4794657001736655,-1,1,4.0,0.0,forced_negative_to_positive_crossing,True,33,33,0.26,0.5,0.03594732304400465,-0.7906540505840225,1
typ,1e-08,0.0,2.8719560563565985,-1,1,4.0,0.0,forced_negative_to_positive_crossing,True,31,31,0.26,0.5,0.07476162680018542,-1.0241035437049408,1
typ,1e-08,0.5,2.9517309189310965,-1,1,4.0,0.0,forced_negative_to_positive_crossing,True,31,31,0.26,0.5,0.06835719713735061,-1.0239937718735044,1
typ,1e-08,1.0,2.9957588106980735,-1,1,4.0,0.0,forced_negative_to_positive_crossing,True,33,33,0.26,0.5,0.06920082113796809,-1.0789780532636533,1
typ,1e-08,2.0,3.721806149269483,-1,1,4.0,0.0,forced_negative_to_positive_crossing,True,33,33,0.26,0.5,0.020930990240689493,-1.0763157890311095,1
arith,1e-08,0.0,0.21741306274341,-1,1,4.0,0.125,forced_negative_to_positive_crossing,True,32,32,0.3,0.01,0.0369113878355663,-0.03490408266618602,1
arith,1e-08,0.5,0.5649833008081969,-1,1,4.0,0.0,forced_negative_to_positive_crossing,True,33,33,0.3,0.01,0.0196571587701849,-0.03259937513195078,1
arith,1e-08,1.0,1.0782704708102748,-1,1,4.0,0.0,forced_negative_to_positive_crossing,True,33,33,0.3,0.01,0.005430070742524776,-0.014183513258430393,1
arith,1e-08,2.0,2.14022880544049,-1,1,4.0,0.0,forced_negative_to_positive_crossing,True,33,33,0.3,0.01,0.0008086610569831821,-0.0028699143578091893,1
typ,1e-08,0.0,0.21741969066586636,-1,1,4.0,0.0,forced_negative_to_positive_crossing,True,31,31,0.3,0.01,0.03690819616843362,-0.054615015224689395,1
typ,1e-08,0.5,0.5617322827943118,-1,1,4.0,0.0,forced_negative_to_positive_crossing,True,31,31,0.3,0.01,0.04820638135273975,-0.06044143331104855,1
typ,1e-08,1.0,1.1069643613335702,-1,1,4.0,0.0,forced_negative_to_positive_crossing,True,33,33,0.3,0.01,0.32250593264566374,-0.15106392675220745,1
typ,1e-08,2.0,2.3151890076090753,-1,1,4.0,0.0,forced_negative_to_positive_crossing,True,33,33,0.3,0.01,0.024311446286279216,-0.09248869137800493,1
arith,1e-08,0.0,0.2605002835282917,-1,1,4.0,0.125,forced_negative_to_positive_crossing,True,32,32,0.3,0.05,0.18754230713835618,-0.1998448364402713,1
arith,1e-08,0.5,0.5657876576027439,-1,1,4.0,0.0,forced_negative_to_positive_crossing,True,33,33,0.3,0.05,0.11268725280021132,-0.17927866636895753,1
arith,1e-08,1.0,1.0644611561156527,-1,1,4.0,0.0,forced_negative_to_positive_crossing,True,33,33,0.3,0.05,0.0332156982324549,-0.08303261903837121,1
arith,1e-08,2.0,2.120051718974056,-1,1,4.0,0.0,forced_negative_to_positive_crossing,True,33,33,0.3,0.05,0.004462061695101599,-0.01595401286424079,1
typ,1e-08,0.0,0.2605043266053733,-1,1,4.0,0.0,forced_negative_to_positive_crossing,True,31,31,0.3,0.05,0.18752999209158683,-0.41087238773399737,1
typ,1e-08,0.5,0.5765512497590626,-1,1,4.0,0.0,forced_negative_to_positive_crossing,True,31,31,0.3,0.05,0.23300781485370697,-0.3058606623115264,1
typ,1e-08,1.0,1.1161179431241783,-1,1,4.0,0.0,forced_negative_to_positive_crossing,True,33,33,0.3,0.05,0.7940304837591313,-0.6687724445034093,1
typ,1e-08,2.0,2.2153794046573743,-1,1,4.0,0.0,forced_negative_to_positive_crossing,True,33,33,0.3,0.05,0.13538562042310534,-0.4239589729407525,1
arith,1e-08,0.0,0.36564087960504355,-1,1,4.0,0.125,forced_negative_to_positive_crossing,True,32,32,0.3,0.1,0.3132845047573734,-0.43150886202536415,1
arith,1e-08,0.5,0.6096151631923343,-1,1,4.0,0.0,forced_negative_to_positive_crossing,True,33,33,0.3,0.1,0.23791220396582852,-0.39086728859439185,1
arith,1e-08,1.0,1.059057703028695,-1,1,4.0,0.0,forced_negative_to_positive_crossing,True,33,33,0.3,0.1,0.10901281954279876,-0.22743817931099458,1
arith,1e-08,2.0,2.0706023835209715,-1,1,4.0,0.0,forced_negative_to_positive_crossing,True,33,33,0.3,0.1,0.01382795831632945,-0.05080590630022824,1
typ,1e-08,0.0,0.3656451971945178,-1,1,4.0,0.0,forced_negative_to_positive_crossing,True,31,31,0.3,0.1,0.3132706106891802,-0.5908354747120986,1
typ,1e-08,0.5,0.632326389518396,-1,1,4.0,0.0,forced_negative_to_positive_crossing,True,31,31,0.3,0.1,0.3513398772457429,-0.5503252251012768,1
typ,1e-08,1.0,1.1211320639386364,-1,1,4.0,0.0,forced_negative_to_positive_crossing,True,33,33,0.3,0.1,0.6848285823256532,-0.9272016220076266,1
typ,1e-08,2.0,2.229368711533985,-1,1,4.0,0.0,forced_negative_to_positive_crossing,True,33,33,0.3,0.1,0.23471679662623599,-0.7031816285439021,1
arith,1e-08,0.0,0.7752470685378345,-1,1,4.0,0.125,forced_negative_to_positive_crossing,True,32,32,0.3,0.2,0.3859275325261071,-0.6759412817087981,1
arith,1e-08,0.5,0.8970202761555705,-1,1,4.0,0.0,forced_negative_to_positive_crossing,True,33,33,0.3,0.2,0.34897679307122714,-0.6453591899931936,1
arith,1e-08,1.0,1.1829832232483284,-1,1,4.0,0.0,forced_negative_to_positive_crossing,True,33,33,0.3,0.2,0.2613949251284653,-0.5098980984736609,1
arith,1e-08,2.0,2.0652876475923785,-1,1,4.0,0.0,forced_negative_to_positive_crossing,True,33,33,0.3,0.2,0.0921057270038654,-0.2280968542518843,1
typ,1e-08,0.0,0.7752540988724584,-1,1,4.0,0.0,forced_negative_to_positive_crossing,True,31,31,0.3,0.2,0.3859178444032091,-0.7563239011886401,1
typ,1e-08,0.5,0.9020633725523379,-1,1,4.0,0.0,forced_negative_to_positive_crossing,True,31,31,0.3,0.2,0.3972145963288929,-0.7431810430217772,1
typ,1e-08,1.0,1.2006188819827295,-1,1,4.0,0.0,forced_negative_to_positive_crossing,True,33,33,0.3,0.2,0.5176130396206918,-0.947861412996523,1
typ,1e-08,2.0,2.268456449990751,-1,1,4.0,0.0,forced_negative_to_positive_crossing,True,33,33,0.3,0.2,0.3256698319243344,-0.8896913051291457,1
arith,1e-08,0.0,2.0679144021581286,-1,1,4.0,0.125,forced_negative_to_positive_crossing,True,32,32,0.3,0.5,0.3884810847623227,-0.8136904923291095,1
arith,1e-08,0.5,2.113513555992843,-1,1,4.0,0.0,forced_negative_to_positive_crossing,True,33,33,0.3,0.5,0.37849352524946533,-0.8058533097832071,1
arith,1e-08,1.0,2.2282245156783325,-1,1,4.0,0.0,forced_negative_to_positive_crossing,True,33,33,0.3,0.5,0.35387849712924074,-0.7676491787020142,1
arith,1e-08,2.0,2.670867809073819,-1,1,4.0,0.0,forced_negative_to_positive_crossing,True,33,33,0.3,0.5,0.26310041943460155,-0.6325618945432451,1
typ,1e-08,0.0,2.067911772752203,-1,1,4.0,0.0,forced_negative_to_positive_crossing,True,31,31,0.3,0.5,0.3884761927788343,-0.8304772792790298,1
typ,1e-08,0.5,2.1037000714162053,-1,1,4.0,0.0,forced_negative_to_positive_crossing,True,31,31,0.3,0.5,0.38624528330856456,-0.8289443213701332,1
typ,1e-08,1.0,2.134996784232994,-1,1,4.0,0.0,forced_negative_to_positive_crossing,True,33,33,0.3,0.5,0.40429577336150757,-0.8745445246427729,1
typ,1e-08,2.0,2.7305061233517756,-1,1,4.0,0.0,forced_negative_to_positive_crossing,True,33,33,0.3,0.5,0.33508537638479047,-0.8839401728884627,1
arith,1e-08,0.0,0.17323505779212903,-1,1,4.0,0.125,forced_negative_to_positive_crossing,True,32,32,0.4,0.01,0.12895192137903017,-0.014914332152693525,1
arith,1e-08,0.5,0.5099628216658929,-1,1,4.0,0.0,forced_negative_to_positive_crossing,True,33,33,0.4,0.01,0.08088801123532892,-0.01434994948745491,1
arith,1e-08,1.0,1.00594723678632,-1,1,4.0,0.0,forced_negative_to_positive_crossing,True,33,33,0.4,0.01,0.029148452409720742,-0.0057387571747764925,1
arith,1e-08,2.0,2.0071368301221026,-1,1,4.0,0.0,forced_negative_to_positive_crossing,True,33,33,0.4,0.01,0.005165957993016024,-0.0010794994351020653,1
typ,1e-08,0.0,0.17324114475861246,-1,1,4.0,0.0,forced_negative_to_positive_crossing,True,31,31,0.4,0.01,0.12894887257397153,-0.02701473060774532,1
typ,1e-08,0.5,0.5047091181053884,-1,1,4.0,0.0,forced_negative_to_positive_crossing,True,31,31,0.4,0.01,0.211595842405249,-0.027055056128334153,1
typ,1e-08,1.0,1.0039465657814866,-1,1,4.0,0.0,forced_negative_to_positive_crossing,True,33,33,0.4,0.01,0.4880360497734778,-0.059438203521659135,1
typ,1e-08,2.0,2.003257281143998,-1,1,4.0,0.0,forced_negative_to_positive_crossing,True,33,33,0.4,0.01,0.09704331482586577,-0.04293522487849987,1
arith,1e-08,0.0,0.21251943847233534,-1,1,4.0,0.125,forced_negative_to_positive_crossing,True,32,32,0.4,0.05,0.6535317151412176,-0.08676840913305808,1
arith,1e-08,0.5,0.5134494286534856,-1,1,4.0,0.0,forced_negative_to_positive_crossing,True,33,33,0.4,0.05,0.45666687942491935,-0.07873678176024888,1
arith,1e-08,1.0,1.004286065116616,-1,1,4.0,0.0,forced_negative_to_positive_crossing,True,33,33,0.4,0.05,0.1987665640663908,-0.033046576111826605,1
arith,1e-08,2.0,2.0046200090274717,-1,1,4.0,0.0,forced_negative_to_positive_crossing,True,33,33,0.4,0.05,0.033598873044890766,-0.00581602809779608,1
typ,1e-08,0.0,0.21252636535132136,-1,1,4.0,0.0,forced_negative_to_positive_crossing,True,31,31,0.4,0.05,0.6535265226273984,-0.14138904139242672,1
typ,1e-08,0.5,0.5120833386932813,-1,1,4.0,0.0,forced_negative_to_positive_crossing,True,31,31,0.4,0.05,0.8988967720720961,-0.13761292935313726,1
typ,1e-08,1.0,1.009409115196185,-1,1,4.0,0.0,forced_negative_to_positive_crossing,True,33,33,0.4,0.05,2.2428680310523053,-0.2824931762710974,1
typ,1e-08,2.0,2.009206830835505,-1,1,4.0,0.0,forced_negative_to_positive_crossing,True,33,33,0.4,0.05,0.4609141870280496,-0.2231291424133255,1
arith,1e-08,0.0,0.30020358310796436,-1,1,4.0,0.125,forced_negative_to_positive_crossing,True,32,32,0.4,0.1,1.0476062979743443,-0.19726920106625143,1
arith,1e-08,0.5,0.542921401452914,-1,1,4.0,0.0,forced_negative_to_positive_crossing,True,33,33,0.4,0.1,0.8575302606248103,-0.1777789084172117,1
arith,1e-08,1.0,1.0070986705577032,-1,1,4.0,0.0,forced_negative_to_positive_crossing,True,33,33,0.4,0.1,0.5148907573941516,-0.09487881820620363,1
arith,1e-08,2.0,2.0021193392677827,-1,1,4.0,0.0,forced_negative_to_positive_crossing,True,33,33,0.4,0.1,0.1445185550985658,-0.016611365984493316,1
typ,1e-08,0.0,0.30020640260659004,-1,1,4.0,0.0,forced_negative_to_positive_crossing,True,31,31,0.4,0.1,1.0476148400860021,-0.273340656092503,1
typ,1e-08,0.5,0.549263772181031,-1,1,4.0,0.0,forced_negative_to_positive_crossing,True,31,31,0.4,0.1,1.2247210786196276,-0.2559487184391972,1
typ,1e-08,1.0,1.0241686261971108,-1,1,4.0,0.0,forced_negative_to_positive_crossing,True,33,33,0.4,0.1,2.1970170731210823,-0.42929476904230196,1
typ,1e-08,2.0,2.0140269750450384,-1,1,4.0,0.0,forced_negative_to_positive_crossing,True,33,33,0.4,0.1,0.811551058493058,-0.3608443382169154,1
arith,1e-08,0.0,0.596382299840148,-1,1,4.0,0.125,forced_negative_to_positive_crossing,True,32,32,0.4,0.2,1.2853997433876478,-0.31954756542703683,1
arith,1e-08,0.5,0.7262246230205254,-1,1,4.0,0.0,forced_negative_to_positive_crossing,True,33,33,0.4,0.2,1.1921160108103652,-0.3042841503854255,1
arith,1e-08,1.0,1.0626219391730787,-1,1,4.0,0.0,forced_negative_to_positive_crossing,True,32,32,0.4,0.2,0.9576365131998169,-0.2346191281707101,1
arith,1e-08,2.0,2.0053210726201636,-1,1,4.0,0.0,forced_negative_to_positive_crossing,True,33,33,0.4,0.2,0.4974772172865028,-0.09033351885296603,1
typ,1e-08,0.0,0.5963864950099788,-1,1,4.0,0.0,forced_negative_to_positive_crossing,True,31,31,0.4,0.2,1.2854158101554698,-0.35212602141261035,1
typ,1e-08,0.5,0.7299126573817284,-1,1,4.0,0.0,forced_negative_to_positive_crossing,True,31,31,0.4,0.2,1.3533328604782136,-0.3531119910225551,1
typ,1e-08,1.0,1.0722801009713063,-1,1,4.0,0.0,forced_negative_to_positive_crossing,True,33,33,0.4,0.2,1.72016667227309,-0.45362555516723774,1
typ,1e-08,2.0,2.040768499021539,-1,1,4.0,0.0,forced_negative_to_positive_crossing,True,33,33,0.4,0.2,1.1466241178025642,-0.4386014179072441,1
arith,1e-08,0.0,1.616357368802163,-1,1,4.0,0.125,forced_negative_to_positive_crossing,True,32,32,0.4,0.5,1.2965963362467223,-0.388603906340374,1
arith,1e-08,0.5,1.66054895229332,-1,1,4.0,0.0,forced_negative_to_positive_crossing,True,33,33,0.4,0.5,1.2713467430823764,-0.3846853665964106,1
arith,1e-08,1.0,1.7819260123385612,-1,1,4.0,0.0,forced_negative_to_positive_crossing,True,33,33,0.4,0.5,1.1964896211498217,-0.3654465955856668,1
arith,1e-08,2.0,2.2761974940680343,-1,1,4.0,0.0,forced_negative_to_positive_crossing,True,33,33,0.4,0.5,0.9126883082913199,-0.29636659243550406,1
typ,1e-08,0.0,1.6163625450187804,-1,1,4.0,0.0,forced_negative_to_positive_crossing,True,31,31,0.4,0.5,1.2966004640179571,-0.3978811028463736,1
typ,1e-08,0.5,1.6460325762127102,-1,1,4.0,0.0,forced_negative_to_positive_crossing,True,31,31,0.4,0.5,1.3032762564294809,-0.3962259073770545,1
typ,1e-08,1.0,1.6930430635157583,-1,1,4.0,0.0,forced_negative_to_positive_crossing,True,33,33,0.4,0.5,1.362454645597502,-0.4192539263467858,1
typ,1e-08,2.0,2.3373133602149423,-1,1,4.0,0.0,forced_negative_to_positive_crossing,True,33,33,0.4,0.5,1.1549628674349357,-0.4294584409869271,1
arith,1e-08,0.0,0.1640303699095936,-1,1,4.0,0.125,forced_negative_to_positive_crossing,True,32,32,0.45,0.01,0.25412013336988803,-0.007170818806129115,1
arith,1e-08,0.5,0.5025330564540873,-1,1,4.0,0.0,forced_negative_to_positive_crossing,True,33,33,0.45,0.01,0.1780253646758396,-0.006961997750043126,1
arith,1e-08,1.0,1.0007998518957357,-1,1,4.0,0.0,forced_negative_to_positive_crossing,True,33,33,0.45,0.01,0.08720168523446592,-0.0027271184743884575,1
arith,1e-08,2.0,2.0005981380424314,-1,1,4.0,0.0,forced_negative_to_positive_crossing,True,33,33,0.45,0.01,0.02049922600260052,-0.0005047870575261865,1
typ,1e-08,0.0,0.164035979128008,-1,1,4.0,0.0,forced_negative_to_positive_crossing,True,31,31,0.45,0.01,0.254122110681228,-0.02264381414372797,1
typ,1e-08,0.5,0.5007802609073636,-1,1,4.0,0.0,forced_negative_to_positive_crossing,True,31,31,0.45,0.01,0.4995941057349702,-0.013183299054924887,1
typ,1e-08,1.0,1.0004435624932773,-1,1,4.0,0.0,forced_negative_to_positive_crossing,True,33,33,0.45,0.01,0.5207429061087673,-0.028146382409301254,1
typ,1e-08,2.0,2.000502929749482,-1,1,4.0,0.0,forced_negative_to_positive_crossing,True,33,33,0.45,0.01,0.1455791580089148,-0.020180586152570925,1
arith,1e-08,0.0,0.20215540141736799,-1,1,4.0,0.125,forced_negative_to_positive_crossing,True,32,32,0.45,0.05,1.1774977412641778,-0.04190947679962424,1
arith,1e-08,0.5,0.5064964203716473,-1,1,4.0,0.0,forced_negative_to_positive_crossing,True,33,33,0.45,0.05,0.9163063314788796,-0.03817127029847354,1
arith,1e-08,1.0,1.0008270843051117,-1,1,4.0,0.0,forced_negative_to_positive_crossing,True,33,33,0.45,0.05,0.5558782280680128,-0.015634400300295156,1
arith,1e-08,2.0,2.0002882066267365,-1,1,4.0,0.0,forced_negative_to_positive_crossing,True,33,33,0.45,0.05,0.1816910765133966,-0.002703085007977432,1
typ,1e-08,0.0,0.20216242910876553,-1,1,4.0,0.0,forced_negative_to_positive_crossing,True,31,31,0.45,0.05,1.177500120020357,-0.07569475358820862,1
typ,1e-08,0.5,0.5051282989807444,-1,1,4.0,0.0,forced_negative_to_positive_crossing,True,31,31,0.45,0.05,1.607908553619093,-0.06710474156635045,1
typ,1e-08,1.0,1.0019784609642797,-1,1,4.0,0.0,forced_negative_to_positive_crossing,True,33,33,0.45,0.05,2.8696013390475024,-0.13525413293940902,1
typ,1e-08,2.0,2.0006841385007488,-1,1,4.0,0.0,forced_negative_to_positive_crossing,True,33,33,0.45,0.05,0.6979006945506393,-0.11060783186371792,1
arith,1e-08,0.0,0.28864424258277843,-1,1,4.0,0.125,forced_negative_to_positive_crossing,True,32,32,0.45,0.1,1.7324885511625847,-0.09651170031373818,1
arith,1e-08,0.5,0.5315102584516005,-1,1,4.0,0.0,forced_negative_to_positive_crossing,True,32,32,0.45,0.1,1.4921367096728313,-0.08687654255716708,1
arith,1e-08,1.0,1.002882517479305,-1,1,4.0,0.0,forced_negative_to_positive_crossing,True,33,33,0.45,0.1,1.0746046255934358,-0.04530984174419712,1
arith,1e-08,2.0,2.000322790214152,-1,1,4.0,0.0,forced_negative_to_positive_crossing,True,33,33,0.45,0.1,0.5336934070096947,-0.007483525607153477,1
typ,1e-08,0.0,0.28864845166068,-1,1,4.0,0.0,forced_negative_to_positive_crossing,True,31,31,0.45,0.1,1.7324836932409835,-0.11390033013361064,1
typ,1e-08,0.5,0.5354770290171547,-1,1,4.0,0.0,forced_negative_to_positive_crossing,True,31,31,0.45,0.1,1.9978083387328491,-0.12576213567138791,1
typ,1e-08,1.0,1.009476342038751,-1,1,4.0,0.0,forced_negative_to_positive_crossing,True,33,33,0.45,0.1,3.202975549288954,-0.2101883353303211,1
typ,1e-08,2.0,2.002732233908181,-1,1,4.0,0.0,forced_negative_to_positive_crossing,True,33,33,0.45,0.1,1.237568166548558,-0.17745157728009017,1
arith,1e-08,0.0,0.565636577210529,-1,1,4.0,0.125,forced_negative_to_positive_crossing,True,32,32,0.45,0.2,2.0560606533255466,-0.1576531467467431,1
arith,1e-08,0.5,0.7005590067225606,-1,1,4.0,0.0,forced_negative_to_positive_crossing,True,33,33,0.45,0.2,1.9360618280140778,-0.15002864988690043,1
arith,1e-08,1.0,1.0435488148420151,-1,1,4.0,0.0,forced_negative_to_positive_crossing,True,33,33,0.45,0.2,1.6443780417426177,-0.11495489220851204,1
arith,1e-08,2.0,2.0020684876838373,-1,1,4.0,0.0,forced_negative_to_positive_crossing,True,33,33,0.45,0.2,1.0863543320227842,-0.042459253401896914,1
typ,1e-08,0.0,0.5656409829941256,-1,1,4.0,0.0,forced_negative_to_positive_crossing,True,31,31,0.45,0.2,2.0560539901598167,-0.18908815786294655,1
typ,1e-08,0.5,0.7044731361815949,-1,1,4.0,0.0,forced_negative_to_positive_crossing,True,31,31,0.45,0.2,2.154385518217699,-0.17442837701642072,1
typ,1e-08,1.0,1.0542701430348624,-1,1,4.0,0.0,forced_negative_to_positive_crossing,True,33,33,0.45,0.2,2.6381786542384726,-0.22448123973854225,1
typ,1e-08,2.0,2.0203681408700613,-1,1,4.0,0.0,forced_negative_to_positive_crossing,True,33,33,0.45,0.2,1.7646772263988233,-0.21475852004191553,1
arith,1e-08,0.0,1.5455726703131185,-1,1,4.0,0.125,forced_negative_to_positive_crossing,True,32,32,0.45,0.5,1.8851166431203241,-0.19219792172041414,1
arith,1e-08,0.5,1.5914861183709719,-1,1,4.0,0.0,forced_negative_to_positive_crossing,True,33,33,0.45,0.5,1.8422254737637487,-0.19024101310413263,1
arith,1e-08,1.0,1.7147578130321115,-1,1,4.0,0.0,forced_negative_to_positive_crossing,True,33,33,0.45,0.5,1.7119633211617238,-0.18060714590073715,1
arith,1e-08,2.0,2.2235325408458384,-1,1,4.0,0.0,forced_negative_to_positive_crossing,True,33,33,0.45,0.5,1.2120438557555382,-0.1458767703096929,1
typ,1e-08,0.0,1.5455784146562397,-1,1,4.0,0.0,forced_negative_to_positive_crossing,True,31,31,0.45,0.5,1.8851139163766069,-0.20043660536621344,1
typ,1e-08,0.5,1.5781824012710661,-1,1,4.0,0.0,forced_negative_to_positive_crossing,True,31,31,0.45,0.5,1.88918321859432,-0.19601198645343643,1
typ,1e-08,1.0,1.6293566867686913,-1,1,4.0,0.0,forced_negative_to_positive_crossing,True,33,33,0.45,0.5,1.9390498461899217,-0.20721109893264372,1
typ,1e-08,2.0,2.2849397052507485,-1,1,4.0,0.0,forced_negative_to_positive_crossing,True,33,33,0.45,0.5,1.490691940159932,-0.2046412664565258,1
arith,1e-08,0.0,0.161213854046848,-1,1,4.0,0.125,forced_negative_to_positive_crossing,True,32,32,0.49,0.01,0.8857816147452231,-0.0014140021223375706,1
arith,1e-08,0.5,0.5005729511757917,-1,1,4.0,0.0,forced_negative_to_positive_crossing,True,33,33,0.49,0.01,0.7062085943659089,-0.001377197773889717,1
arith,1e-08,1.0,1.000024532939054,-1,1,4.0,0.0,forced_negative_to_positive_crossing,True,33,33,0.49,0.01,0.5107827644658336,-0.0005358633867300086,1
arith,1e-08,2.0,2.0000061184597975,-1,1,4.0,0.0,forced_negative_to_positive_crossing,True,33,33,0.49,0.01,0.27041690559605497,-9.870465698128286e-05,1
typ,1e-08,0.0,0.16122322935489386,-1,1,4.0,0.0,forced_negative_to_positive_crossing,True,31,31,0.49,0.01,0.8858096825068904,-0.0158552580250682,1
typ,1e-08,0.5,0.5001482052842894,-1,1,4.0,0.0,forced_negative_to_positive_crossing,True,31,31,0.49,0.01,1.9066620275840518,-0.002611061560393717,1
typ,1e-08,1.0,1.0000100191774786,-1,1,4.0,0.0,forced_negative_to_positive_crossing,True,33,33,0.49,0.01,0.7176910589400323,-0.005556981355835141,1
typ,1e-08,2.0,1.9999040138611188,-1,1,4.0,0.0,forced_negative_to_positive_crossing,True,33,33,0.49,0.01,0.26444901132991855,-0.01096135270574338,1
arith,1e-08,0.0,0.19900275587769192,-1,1,4.0,0.125,forced_negative_to_positive_crossing,True,32,32,0.49,0.05,2.632495981862402,-0.008276767871160851,1
arith,1e-08,0.5,0.50465399517448,-1,1,4.0,0.0,forced_negative_to_positive_crossing,True,33,33,0.49,0.05,2.3133889616321817,-0.007549353974506385,1
arith,1e-08,1.0,1.0002291569730453,-1,1,4.0,0.0,forced_negative_to_positive_crossing,True,33,33,0.49,0.05,1.8877303372064373,-0.003068092606518401,1
arith,1e-08,2.0,2.0000143944960467,-1,1,4.0,0.0,forced_negative_to_positive_crossing,True,33,33,0.49,0.05,1.326816176443986,-0.0005275436565392435,1
typ,1e-08,0.0,0.19901803857521108,-1,1,4.0,0.0,forced_negative_to_positive_crossing,True,31,31,0.49,0.05,2.632605548327992,-0.008242052568121312,1
typ,1e-08,0.5,0.5034616541396894,-1,1,4.0,0.0,forced_negative_to_positive_crossing,True,31,31,0.49,0.05,3.284136922257188,-0.013294130220428562,1
typ,1e-08,1.0,1.000386384227261,-1,1,4.0,0.0,forced_negative_to_positive_crossing,True,33,33,0.49,0.05,3.7213832593414593,-0.026814687632019805,1
typ,1e-08,2.0,1.9999682442526965,-1,1,4.0,0.0,forced_negative_to_positive_crossing,True,33,33,0.49,0.05,1.1506211338290697,-0.022907793603210238,1
arith,1e-08,0.0,0.2853043271135917,-1,1,4.0,0.125,forced_negative_to_positive_crossing,True,32,32,0.49,0.1,3.3348602408447507,-0.019143363856470058,1
arith,1e-08,0.5,0.5282141409303293,-1,1,4.0,0.0,forced_negative_to_positive_crossing,True,33,33,0.49,0.1,3.0575242197555608,-0.017221783685670223,1
arith,1e-08,1.0,1.001911928743275,-1,1,4.0,0.0,forced_negative_to_positive_crossing,True,33,33,0.49,0.1,2.6032478867742808,-0.008916566606588017,1
arith,1e-08,2.0,2.0000918105646655,-1,1,4.0,0.0,forced_negative_to_positive_crossing,True,33,33,0.49,0.1,1.984842591264877,-0.0014457709531488351,1
typ,1e-08,0.0,0.28531379343239704,-1,1,4.0,0.0,forced_negative_to_positive_crossing,True,31,31,0.49,0.1,3.334916128425873,-0.04167778793161774,1
typ,1e-08,0.5,0.5315129620416699,-1,1,4.0,0.0,forced_negative_to_positive_crossing,True,31,31,0.49,0.1,3.6834905540703384,-0.024973847438913895,1
typ,1e-08,1.0,1.0054014812652943,-1,1,4.0,0.0,forced_negative_to_positive_crossing,True,33,33,0.49,0.1,4.9317728688843765,-0.0419504114373693,1
typ,1e-08,2.0,2.00098048036266,-1,1,4.0,0.0,forced_negative_to_positive_crossing,True,33,33,0.49,0.1,1.9219229605716304,-0.03666242506437565,1
arith,1e-08,0.0,0.5568965671441065,-1,1,4.0,0.125,forced_negative_to_positive_crossing,True,32,32,0.49,0.2,3.7242086823030385,-0.03135414136523527,1
arith,1e-08,0.5,0.6931365319762608,-1,1,4.0,0.0,forced_negative_to_positive_crossing,True,33,33,0.49,0.2,3.5835490140033888,-0.029828367175111524,1
arith,1e-08,1.0,1.0391147664150013,-1,1,4.0,0.0,forced_negative_to_positive_crossing,True,33,33,0.49,0.2,3.255179039572343,-0.02280946698826915,1
arith,1e-08,2.0,2.001406407143606,-1,1,4.0,0.0,forced_negative_to_positive_crossing,True,33,33,0.49,0.2,2.6377287991378786,-0.008309993404260634,1
typ,1e-08,0.0,0.5569030508600129,-1,1,4.0,0.0,forced_negative_to_positive_crossing,True,31,31,0.49,0.2,3.7242871376222997,-0.04568216445707693,1
typ,1e-08,0.5,0.6970778128895861,-1,1,4.0,0.0,forced_negative_to_positive_crossing,True,31,31,0.49,0.2,3.848035398157603,-0.03469931547410454,1
typ,1e-08,1.0,1.0489555199278977,-1,1,4.0,0.0,forced_negative_to_positive_crossing,True,33,33,0.49,0.2,4.405032322728231,-0.04463533701103426,1
typ,1e-08,2.0,2.0172231432418504,-1,1,4.0,0.0,forced_negative_to_positive_crossing,True,33,33,0.49,0.2,2.805971161717985,-0.04432405599213805,1
arith,1e-08,0.0,1.5260658457671317,-1,1,4.0,0.125,forced_negative_to_positive_crossing,True,32,32,0.49,0.5,1.2956601571568622,-0.038253003061437404,1
arith,1e-08,0.5,1.5707330167899718,-1,1,4.0,0.0,forced_negative_to_positive_crossing,True,32,32,0.49,0.5,1.2262879093989552,-0.03786068676714745,1
arith,1e-08,1.0,1.6947249194255078,-1,1,4.0,0.0,forced_negative_to_positive_crossing,True,33,33,0.49,0.5,1.036999550415533,-0.03593018807034949,1
arith,1e-08,2.0,2.208129431481376,-1,1,4.0,0.0,forced_negative_to_positive_crossing,True,33,33,0.49,0.5,0.5244519546214013,-0.028987346224591384,1
typ,1e-08,0.0,1.5260713234856764,-1,1,4.0,0.0,forced_negative_to_positive_crossing,True,31,31,0.49,0.5,1.295472822266571,-0.03721469928583028,1
typ,1e-08,0.5,1.5577930574107908,-1,1,4.0,0.0,forced_negative_to_positive_crossing,True,31,31,0.49,0.5,1.2715329103623014,-0.039005027975166556,1
typ,1e-08,1.0,1.6101131810020548,-1,1,4.0,0.0,forced_negative_to_positive_crossing,True,33,33,0.49,0.5,1.2032442815240287,-0.04105972393754373,1
typ,1e-08,2.0,2.2695369269222585,-1,1,4.0,0.0,forced_negative_to_positive_crossing,True,33,33,0.49,0.5,0.6717621595471311,-0.036809119436199814,1
