max_abs_S_disorder,max_abs_S_interaction,max_abs_S_typ,max_power_factor_disorder,max_power_factor_interaction,max_power_factor_typ,reliable_points,sigma_floor,target_filling,temperature
1.375,0.625,2.181640527633909,0.125,0.0,0.0045884419418741615,262,1e-06,0.2,0.005
1.375,0.625,2.181640527633909,0.125,0.0,0.0045884419418741615,577,1e-08,0.2,0.005
1.375,0.625,2.181640527633909,0.125,0.0,0.0045884419418741615,608,1e-10,0.2,0.005
1.5,0.625,2.836235960092999,0.125,0.0,0.018398455366837065,261,1e-06,0.2,0.01
1.5,0.625,2.836235960092999,0.125,0.0,0.018398455366837065,576,1e-08,0.2,0.01
1.5,0.625,2.836235960092999,0.125,0.0,0.018398455366837065,607,1e-10,0.2,0.01
1.375,0.75,5.554919379618073,0.125,0.0,0.07428357909419447,264,1e-06,0.2,0.02
1.375,0.75,5.554919379618073,0.125,0.0,0.07428357909419447,577,1e-08,0.2,0.02
1.375,0.75,5.554919379618073,0.125,0.0,0.07428357909419447,608,1e-10,0.2,0.02
1.625,1.0,7.352865217869898,0.125,0.0,0.46447119584466373,277,1e-06,0.2,0.05
1.625,1.0,7.352865217869898,0.125,0.0,0.46447119584466373,577,1e-08,0.2,0.05
1.625,1.0,7.352865217869898,0.125,0.0,0.46447119584466373,608,1e-10,0.2,0.05
1.625,1.0,1.626258889066563,0.125,0.0,0.0016416913557496325,311,1e-06,0.3,0.005
1.625,1.0,1.626258889066563,0.125,0.0,0.0016416913557496325,608,1e-08,0.3,0.005
1.625,1.0,1.626258889066563,0.125,0.0,0.0016416913557496325,614,1e-10,0.3,0.005
1.5,1.0,3.0623037891424287,0.125,0.0,0.006578980933622926,311,1e-06,0.3,0.01
1.5,1.0,3.0623037891424287,0.125,0.0,0.006578980933622926,607,1e-08,0.3,0.01
1.5,1.0,3.0623037891424287,0.125,0.0,0.006578980933622926,614,1e-10,0.3,0.01
1.375,1.0,4.343802794500488,0.125,0.0,0.02652003779133749,311,1e-06,0.3,0.02
1.375,1.0,4.343802794500488,0.125,0.0,0.02652003779133749,607,1e-08,0.3,0.02
1.375,1.0,4.343802794500488,0.125,0.0,0.02652003779133749,614,1e-10,0.3,0.02
1.375,1.125,5.573625761749322,0.125,0.0,0.17096326266121814,319,1e-06,0.3,0.05
1.375,1.125,5.573625761749322,0.125,0.0,0.17096326266121814,607,1e-08,0.3,0.05
1.375,1.125,5.573625761749322,0.125,0.0,0.17096326266121814,614,1e-10,0.3,0.05
1.35,1.125,0.8511055075405151,0.0,0.5625,0.0004891593300877216,186,1e-06,0.4,0.005
1.35,1.125,0.8511055075405151,0.0,0.5625,0.0004891593300877216,345,1e-08,0.4,0.005
1.35,1.125,0.8511055075405151,0.0,0.5625,0.0004891593300877216,348,1e-10,0.4,0.005
1.65,1.3125,1.535179615049138,0.0,0.5625,0.001956629305068136,184,1e-06,0.4,0.01
1.65,1.3125,1.535179615049138,0.0,0.5625,0.001956629305068136,345,1e-08,0.4,0.01
1.65,1.3125,1.535179615049138,0.0,0.5625,0.001956629305068136,348,1e-10,0.4,0.01
0.9,3.0,2.3897549053056215,0.0,0.5625,0.0078101165613162875,185,1e-06,0.4,0.02
0.9,3.0,2.3897549053056215,0.0,0.5625,0.0078101165613162875,345,1e-08,0.4,0.02
0.9,3.0,2.3897549053056215,0.0,0.5625,0.0078101165613162875,348,1e-10,0.4,0.02
0.9,3.0,3.0304158741085883,0.0,0.5625,0.033680592592195364,190,1e-06,0.4,0.05
0.9,3.0,3.0304158741085883,0.0,0.5625,0.033680592592195364,345,1e-08,0.4,0.05
0.9,3.0,3.0304158741085883,0.0,0.5625,0.033680592592195364,348,1e-10,0.4,0.05
