temperature,target_filling,field,threshold,interaction_over_W,disorder_over_W
0.005,0.5,sigma,0.0001,0.0,1.375126565485125
0.005,0.5,sigma,0.0001,0.0208333333,1.3916667670241887
0.005,0.5,sigma,0.0001,0.0416666667,1.4174530645646721
0.005,0.5,sigma,0.0001,0.0625,1.4465270986674619
0.005,0.5,sigma,0.0001,0.0833333333,1.473953012766637
0.005,0.5,sigma,0.0001,0.1041666667,1.5002411157932076
0.005,0.5,sigma,0.0001,0.125,1.527739202902757
0.005,0.5,sigma,0.0001,0.1458333334,1.550908770689969
0.005,0.5,sigma,0.0001,0.1666666667,1.5755493432457273
0.005,0.5,sigma,0.0001,0.2083333334,1.6201171263728833
0.005,0.5,sigma,0.0001,0.2291666667,1.6429657353700688
0.005,0.5,sigma,0.0001,0.25,1.664494819224467
0.005,0.5,sigma,0.0001,0.3333333333,1.7380978678462091
0.005,0.5,sigma,0.0001,0.4166666667,1.8051135625264056
0.005,0.5,sigma,0.0001,0.5,1.8652091182589685
0.005,0.5,sigma,0.0001,0.5833333333,1.9163903770390611
0.005,0.5,sigma,0.0001,0.6041666666,0.15968775549244932
0.005,0.5,sigma,0.0001,0.625,0.26246041929224834
0.005,0.5,sigma,0.0001,0.6458333334,0.33448937968612064
0.005,0.5,sigma,0.0001,0.6666666667,0.3937884047428363
0.005,0.5,sigma,0.0001,0.6666666667,1.9587133664663037
0.005,0.5,sigma,0.0001,0.6875,0.44581387425188246
0.005,0.5,sigma,0.0001,0.7083333334,0.493019301725518
0.005,0.5,sigma,0.0001,0.7291666667,0.5369599565062865
0.005,0.5,sigma,0.0001,0.75,0.5783083518172726
0.005,0.5,sigma,0.0001,0.75,1.9893600236289093
0.005,0.5,sigma,0.0001,0.7708333333,0.617548688929473
0.005,0.5,sigma,0.0001,0.7916666666,0.6550810460128915
0.005,0.5,sigma,0.0001,0.8125,0.6912822273720657
0.005,0.5,sigma,0.0001,0.8333333333,0.7264917568838346
0.005,0.5,sigma,0.0001,0.8333333333,2.018647617215734
0.005,0.5,sigma,0.0001,0.8541666666,0.7608651948161202
0.005,0.5,sigma,0.0001,0.875,0.7936166773549748
0.005,0.5,sigma,0.0001,0.8958333334,0.8261894033155682
0.005,0.5,sigma,0.0001,0.9166666667,0.8577935895081691
0.005,0.5,sigma,0.0001,0.9166666667,2.0356440290802458
0.005,0.5,sigma,0.0001,0.9375,0.8886370067917926
0.005,0.5,sigma,0.0001,0.9583333334,0.919137474910711
0.005,0.5,sigma,0.0001,0.9791666667,0.9487942122828121
0.005,0.5,sigma,0.0001,1.0,0.9777983508117819
0.005,0.5,sigma,0.0001,1.0,2.046949637510686
0.005,0.5,sigma,0.0001,1.0208333333,1.0072066162095574
0.005,0.5,sigma,0.0001,1.0416666667,1.0349351570971446
0.005,0.5,sigma,0.0001,1.0625,1.0638773018369012
0.005,0.5,sigma,0.0001,1.0833333333,1.0920488147318677
0.005,0.5,sigma,0.0001,1.0833333333,2.0424763631743077
0.005,0.5,sigma,0.0001,1.1041666667,1.1197114719913834
0.005,0.5,sigma,0.0001,1.125,1.1496413980452092
0.005,0.5,sigma,0.0001,1.1458333333,1.1786005267143258
0.005,0.5,sigma,0.0001,1.1666666667,1.2100120086704194
0.005,0.5,sigma,0.0001,1.1666666667,2.0254321153813852
0.005,0.5,sigma,0.0001,1.1875,1.2415088784591857
0.005,0.5,sigma,0.0001,1.2083333333,1.275346560319665
0.005,0.5,sigma,0.0001,1.2291666667,1.3109083927429714
0.005,0.5,sigma,0.0001,1.25,1.3485247333793728
0.005,0.5,sigma,0.0001,1.25,1.9841623051655362
0.005,0.5,sigma,0.0001,1.2708333333,1.3889789348408335
0.005,0.5,sigma,0.0001,1.2916666667,1.4331507851956573
0.005,0.5,sigma,0.0001,1.3125,1.4825702531878284
0.005,0.5,sigma,0.0001,1.3333333333,1.5409601803464532
0.005,0.5,sigma,0.0001,1.3333333333,1.8867273919812195
0.005,0.5,sigma,1e-06,0.0,1.7328166401173677
0.005,0.5,sigma,1e-06,0.0833333333,1.8631494309682317
0.005,0.5,sigma,1e-06,0.1666666667,1.97199326483719
0.005,0.5,sigma,1e-06,0.25,2.053429600559095
0.005,0.5,sigma,1e-06,0.3333333333,2.131485105619773
0.005,0.5,sigma,1e-06,0.4166666667,2.2052096765057185
0.005,0.5,sigma,1e-06,0.5,2.2734869044558823
0.005,0.5,sigma,1e-06,0.5833333333,2.336065248486535
0.005,0.5,sigma,1e-06,0.6875,0.1766654628121183
0.005,0.5,sigma,1e-06,0.7083333334,0.27551555124222105
0.005,0.5,sigma,1e-06,0.7291666667,0.3445163808443369
0.005,0.5,sigma,1e-06,0.75,0.4009182659025731
0.005,0.5,sigma,1e-06,0.7708333333,0.44979759936257513
0.005,0.5,sigma,1e-06,0.7916666666,0.4948254839685896
0.005,0.5,sigma,1e-06,0.8125,0.5370891113756621
0.005,0.5,sigma,1e-06,0.8333333333,0.5773473971261716
0.005,0.5,sigma,1e-06,0.875,0.6536700739147822
0.005,0.5,sigma,1e-06,0.8958333334,0.6903083154801144
0.005,0.5,sigma,1e-06,0.9166666667,0.726206142524873
0.005,0.5,sigma,1e-06,0.9791666667,0.8295515491694277
0.005,0.5,sigma,1e-06,1.0,0.8629803056833193
0.005,0.5,sigma,1e-06,1.0208333333,0.8956420352283593
0.005,0.5,sigma,1e-06,1.0416666667,0.9276618943013089
0.005,0.5,sigma,1e-06,1.0625,0.9597680069660438
0.005,0.5,sigma,1e-06,1.0833333333,0.9904702350787102
0.005,0.5,sigma,1e-06,1.125,1.0513502767148601
0.005,0.5,sigma,1e-06,1.1458333333,1.0814683775893297
0.005,0.5,sigma,1e-06,1.1666666667,1.1102832258148432
0.005,0.5,sigma,1e-06,1.1875,1.1397643276805332
0.005,0.5,sigma,1e-06,1.2083333333,1.1673699848398575
0.005,0.5,sigma,1e-06,1.2291666667,1.1955404298103967
0.005,0.5,sigma,1e-06,1.25,1.2230657866586623
0.005,0.5,sigma,1e-06,1.2708333333,1.2498209749485771
0.005,0.5,sigma,1e-06,1.2916666667,1.2770835816335582
0.005,0.5,sigma,1e-06,1.3125,1.3036628732201982
0.005,0.5,sigma,1e-06,1.3333333333,1.329933546664503
0.005,0.5,sigma,1e-06,1.375,1.3834030235412538
0.005,0.5,sigma,1e-06,1.3958333333,1.4103664013896802
0.005,0.5,sigma,1e-06,1.4166666667,1.4375823150661586
0.005,0.5,sigma,1e-06,1.5,1.5603052362278078
0.005,0.5,sigma,1e-06,1.5833333333,1.694408862118947
0.005,0.5,sigma,1e-06,1.6666666667,1.869409458623545
0.005,0.5,sigma,1e-08,1.4166666667,0.41096830790288125
0.005,0.5,sigma,1e-08,1.5,0.6610083443768388
0.005,0.5,sigma,1e-08,1.5833333333,0.8593367527032753
0.005,0.5,sigma,1e-08,1.6666666667,1.03556575094295
0.005,0.5,sigma,1e-08,1.75,1.1978242517780915
0.005,0.5,sigma,1e-08,1.8333333333,1.350393295317227
0.005,0.5,sigma,1e-08,1.9166666667,1.4958348816025977
0.005,0.5,sigma,1e-08,2.0,1.6359238276991077
0.005,0.5,kappa_e,0.0001,0.0,1.1616184026549616
0.005,0.5,kappa_e,0.0001,0.0833333333,1.2020790198569398
0.005,0.5,kappa_e,0.0001,0.1666666667,1.2780102968475902
0.005,0.5,kappa_e,0.0001,0.25,1.356705976211227
0.005,0.5,kappa_e,0.0001,0.3333333333,1.4273710314406314
0.005,0.5,kappa_e,0.0001,0.4166666667,1.4882329912061296
0.005,0.5,kappa_e,0.0001,0.5,1.5404713631443616
0.005,0.5,kappa_e,0.0001,0.5416666666,0.0325734157911667
0.005,0.5,kappa_e,0.0001,0.5625,0.20790749621161964
0.005,0.5,kappa_e,0.0001,0.5833333333,0.29164267501148783
0.005,0.5,kappa_e,0.0001,0.5833333333,1.5829220536113
0.005,0.5,kappa_e,0.0001,0.6041666666,0.3564283936373735
0.005,0.5,kappa_e,0.0001,0.625,0.4111758872332083
0.005,0.5,kappa_e,0.0001,0.6458333334,0.4600200065598675
0.005,0.5,kappa_e,0.0001,0.6666666667,0.5050698304771746
0.005,0.5,kappa_e,0.0001,0.6666666667,1.6143612835195127
0.005,0.5,kappa_e,0.0001,0.6875,0.5475939717631565
0.005,0.5,kappa_e,0.0001,0.7083333334,0.5883063356907291
0.005,0.5,kappa_e,0.0001,0.7291666667,0.6276747915233055
0.005,0.5,kappa_e,0.0001,0.75,0.6659955562573353
0.005,0.5,kappa_e,0.0001,0.75,1.633414716922027
0.005,0.5,kappa_e,0.0001,0.7708333333,0.7034654707282821
0.005,0.5,kappa_e,0.0001,0.7916666666,0.7402446593813972
0.005,0.5,kappa_e,0.0001,0.8125,0.777398803176508
0.005,0.5,kappa_e,0.0001,0.8333333333,0.8143480682395096
0.005,0.5,kappa_e,0.0001,0.8333333333,1.6391704410566301
0.005,0.5,kappa_e,0.0001,0.8541666666,0.8511831188549337
0.005,0.5,kappa_e,0.0001,0.9166666667,0.9638466905027225
0.005,0.5,kappa_e,0.0001,0.9166666667,1.6255685933683854
0.005,0.5,kappa_e,0.0001,0.9375,1.003490908666367
0.005,0.5,kappa_e,0.0001,1.0,1.1426902570477062
0.005,0.5,kappa_e,0.0001,1.0,1.5755243866233903
0.005,0.5,kappa_e,1e-06,0.0,1.393287675446392
0.005,0.5,kappa_e,1e-06,0.0208333333,1.4089776402583898
0.005,0.5,kappa_e,1e-06,0.0416666667,1.4396922862848116
0.005,0.5,kappa_e,1e-06,0.0625,1.4664940651630818
0.005,0.5,kappa_e,1e-06,0.0833333333,1.494524968399018
0.005,0.5,kappa_e,1e-06,0.1041666667,1.5238252257354776
0.005,0.5,kappa_e,1e-06,0.125,1.5462043371157517
0.005,0.5,kappa_e,1e-06,0.1458333334,1.5742232951744912
0.005,0.5,kappa_e,1e-06,0.1666666667,1.5974116847657516
0.005,0.5,kappa_e,1e-06,0.1875,1.6181538292845214
0.005,0.5,kappa_e,1e-06,0.2083333334,1.644812589457462
0.005,0.5,kappa_e,1e-06,0.2291666667,1.6641029800096125
0.005,0.5,kappa_e,1e-06,0.25,1.6832796448200418
0.005,0.5,kappa_e,1e-06,0.3333333333,1.7635439392695993
0.005,0.5,kappa_e,1e-06,0.4166666667,1.8325436819596261
0.005,0.5,kappa_e,1e-06,0.5,1.8907138588439487
0.005,0.5,kappa_e,1e-06,0.5833333333,1.9377635015769812
0.005,0.5,kappa_e,1e-06,0.6666666667,0.2183315077652421
0.005,0.5,kappa_e,1e-06,0.6666666667,1.978063352229016
0.005,0.5,kappa_e,1e-06,0.6875,0.32054956545144353
0.005,0.5,kappa_e,1e-06,0.7083333334,0.395207832617129
0.005,0.5,kappa_e,1e-06,0.7291666667,0.4572757100340307
0.005,0.5,kappa_e,1e-06,0.75,0.5116013635179614
0.005,0.5,kappa_e,1e-06,0.75,2.0169413656586013
0.005,0.5,kappa_e,1e-06,0.7708333333,0.5611134886515984
0.005,0.5,kappa_e,1e-06,0.7916666666,0.606679309245095
0.005,0.5,kappa_e,1e-06,0.8125,0.6495666448488224
0.005,0.5,kappa_e,1e-06,0.8333333333,0.690266856157138
0.005,0.5,kappa_e,1e-06,0.8333333333,2.04324401477577
0.005,0.5,kappa_e,1e-06,0.8541666666,0.7291581115619172
0.005,0.5,kappa_e,1e-06,0.875,0.7665480881855813
0.005,0.5,kappa_e,1e-06,0.8958333334,0.802665394731371
0.005,0.5,kappa_e,1e-06,0.9166666667,0.837363967746516
0.005,0.5,kappa_e,1e-06,0.9166666667,2.06748629564582
0.005,0.5,kappa_e,1e-06,0.9375,0.8709730787637883
0.005,0.5,kappa_e,1e-06,0.9583333334,0.9039651714708379
0.005,0.5,kappa_e,1e-06,0.9791666667,0.9356189694025894
0.005,0.5,kappa_e,1e-06,1.0,0.9668856919698045
0.005,0.5,kappa_e,1e-06,1.0,2.0701575723770267
0.005,0.5,kappa_e,1e-06,1.0208333333,0.9973597707876427
0.005,0.5,kappa_e,1e-06,1.0416666667,1.0273212726506307
0.005,0.5,kappa_e,1e-06,1.0625,1.0569574868886293
0.005,0.5,kappa_e,1e-06,1.0833333333,1.0864686959859102
0.005,0.5,kappa_e,1e-06,1.0833333333,2.0745127617186623
0.005,0.5,kappa_e,1e-06,1.1041666667,1.115335766166704
0.005,0.5,kappa_e,1e-06,1.125,1.1451251555154092
0.005,0.5,kappa_e,1e-06,1.1458333333,1.1742440097724438
0.005,0.5,kappa_e,1e-06,1.1666666667,1.2044612699094788
0.005,0.5,kappa_e,1e-06,1.1666666667,2.058429905864167
0.005,0.5,kappa_e,1e-06,1.1875,1.2351632630418399
0.005,0.5,kappa_e,1e-06,1.2083333333,1.2673671704893643
0.005,0.5,kappa_e,1e-06,1.2291666667,1.300513424203911
0.005,0.5,kappa_e,1e-06,1.25,1.3361285784911963
0.005,0.5,kappa_e,1e-06,1.25,2.0245621886592398
0.005,0.5,kappa_e,1e-06,1.2708333333,1.3739373072208223
0.005,0.5,kappa_e,1e-06,1.2916666667,1.4145585576779665
0.005,0.5,kappa_e,1e-06,1.3125,1.4588858376733653
0.005,0.5,kappa_e,1e-06,1.3333333333,1.5092957740884798
0.005,0.5,kappa_e,1e-06,1.3333333333,1.9433321768205731
0.005,0.5,kappa_e,1e-06,1.3541666667,1.5687500021856895
0.005,0.5,kappa_e,1e-08,0.0,1.8360601104980485
0.005,0.5,kappa_e,1e-08,0.0833333333,1.9433583268885672
0.005,0.5,kappa_e,1e-08,0.1666666667,2.041237072475172
0.005,0.5,kappa_e,1e-08,0.25,2.138362469776016
0.005,0.5,kappa_e,1e-08,0.3333333333,2.2241236334050987
0.005,0.5,kappa_e,1e-08,0.4166666667,2.2993250334635467
0.005,0.5,kappa_e,1e-08,0.5,2.367842204015001
0.005,0.5,kappa_e,1e-08,0.75,0.21690941921783688
0.005,0.5,kappa_e,1e-08,0.8125,0.45567351151391383
0.005,0.5,kappa_e,1e-08,0.8333333333,0.5066697155919327
0.005,0.5,kappa_e,1e-08,0.9166666667,0.6741345564403223
0.005,0.5,kappa_e,1e-08,1.0,0.8190142906628121
0.005,0.5,kappa_e,1e-08,1.0416666667,0.8867141195967039
0.005,0.5,kappa_e,1e-08,1.0625,0.9201111572802563
0.005,0.5,kappa_e,1e-08,1.0833333333,0.9522659597056956
0.005,0.5,kappa_e,1e-08,1.1458333333,1.046444581067577
0.005,0.5,kappa_e,1e-08,1.1666666667,1.0770333426372833
0.005,0.5,kappa_e,1e-08,1.2083333333,1.136257208366618
0.005,0.5,kappa_e,1e-08,1.2291666667,1.1650687523210526
0.005,0.5,kappa_e,1e-08,1.25,1.1936008758030154
0.005,0.5,kappa_e,1e-08,1.2708333333,1.2220812560732979
0.005,0.5,kappa_e,1e-08,1.2916666667,1.2496548816753452
0.005,0.5,kappa_e,1e-08,1.3125,1.277641859176104
0.005,0.5,kappa_e,1e-08,1.3333333333,1.3051785893133732
0.005,0.5,kappa_e,1e-08,1.375,1.360511704152095
0.005,0.5,kappa_e,1e-08,1.3958333333,1.3883554723379896
0.005,0.5,kappa_e,1e-08,1.4166666667,1.4165076285476443
0.005,0.5,kappa_e,1e-08,1.5,1.5303714685777494
0.005,0.5,kappa_e,1e-08,1.5833333333,1.6515071901881824
0.005,0.5,kappa_e,1e-08,1.6666666667,1.7860151019679202
0.005,0.5,kappa_e,1e-08,1.75,1.9565545959075392
0.005,0.5,kappa_e,1e-08,1.8333333333,2.2757982152786234
0.005,0.5,kappa_e,1e-08,1.8333333333,2.364995804373049
0.0075,0.5,sigma,0.0001,0.0,1.3752111100316748
0.0075,0.5,sigma,0.0001,0.0208333333,1.3910148891884933
0.0075,0.5,sigma,0.0001,0.0416666667,1.4177288021474956
0.0075,0.5,sigma,0.0001,0.0625,1.4461436632341917
0.0075,0.5,sigma,0.0001,0.0833333333,1.4737707621635123
0.0075,0.5,sigma,0.0001,0.1041666667,1.5005601739504908
0.0075,0.5,sigma,0.0001,0.125,1.5268958281594434
0.0075,0.5,sigma,0.0001,0.1458333334,1.551368570952529
0.0075,0.5,sigma,0.0001,0.1666666667,1.5754338230455653
0.0075,0.5,sigma,0.0001,0.2083333334,1.6208805052684332
0.0075,0.5,sigma,0.0001,0.2291666667,1.6426028977493692
0.0075,0.5,sigma,0.0001,0.25,1.6636688080234132
0.0075,0.5,sigma,0.0001,0.3333333333,1.7388063985013926
0.0075,0.5,sigma,0.0001,0.4166666667,1.8062396819857953
0.0075,0.5,sigma,0.0001,0.5,1.865357551408725
0.0075,0.5,sigma,0.0001,0.5833333333,1.9145815504364065
0.0075,0.5,sigma,0.0001,0.6458333334,0.20552690347896924
0.0075,0.5,sigma,0.0001,0.6666666667,0.30818782504301173
0.0075,0.5,sigma,0.0001,0.6666666667,1.957637342060145
0.0075,0.5,sigma,0.0001,0.6875,0.3825109016296702
0.0075,0.5,sigma,0.0001,0.7083333334,0.44371349088838213
0.0075,0.5,sigma,0.0001,0.7291666667,0.4974065271353981
0.0075,0.5,sigma,0.0001,0.75,0.5459230952848708
0.0075,0.5,sigma,0.0001,0.75,1.9898525930442936
0.0075,0.5,sigma,0.0001,0.7708333333,0.5908764304513291
0.0075,0.5,sigma,0.0001,0.7916666666,0.6331486915224167
0.0075,0.5,sigma,0.0001,0.8125,0.6732255595031202
0.0075,0.5,sigma,0.0001,0.8333333333,0.7114987071377378
0.0075,0.5,sigma,0.0001,0.8333333333,2.018440700970194
0.0075,0.5,sigma,0.0001,0.8541666666,0.7483030386954856
0.0075,0.5,sigma,0.0001,0.875,0.7839162901928185
0.0075,0.5,sigma,0.0001,0.8958333334,0.8183026613401018
0.0075,0.5,sigma,0.0001,0.9166666667,0.8513784149417433
0.0075,0.5,sigma,0.0001,0.9166666667,2.0365244119992023
0.0075,0.5,sigma,0.0001,0.9375,0.8839724728721333
0.0075,0.5,sigma,0.0001,0.9583333334,0.915250763127287
0.0075,0.5,sigma,0.0001,0.9791666667,0.9462169133822409
0.0075,0.5,sigma,0.0001,1.0,0.9759692900543566
0.0075,0.5,sigma,0.0001,1.0,2.045789317638936
0.0075,0.5,sigma,0.0001,1.0208333333,1.005983514803727
0.0075,0.5,sigma,0.0001,1.0416666667,1.034417447521023
0.0075,0.5,sigma,0.0001,1.0625,1.063789087882703
0.0075,0.5,sigma,0.0001,1.0833333333,1.092269602116014
0.0075,0.5,sigma,0.0001,1.0833333333,2.0426368290156502
0.0075,0.5,sigma,0.0001,1.1041666667,1.1205577888273315
0.0075,0.5,sigma,0.0001,1.125,1.1505148700263312
0.0075,0.5,sigma,0.0001,1.1458333333,1.1795682104085654
0.0075,0.5,sigma,0.0001,1.1666666667,1.211150816227305
0.0075,0.5,sigma,0.0001,1.1666666667,2.025456543335244
0.0075,0.5,sigma,0.0001,1.1875,1.2428267320431
0.0075,0.5,sigma,0.0001,1.2083333333,1.2764233689509878
0.0075,0.5,sigma,0.0001,1.2291666667,1.3120223505699917
0.0075,0.5,sigma,0.0001,1.25,1.3496510992058777
0.0075,0.5,sigma,0.0001,1.25,1.9836433669843574
0.0075,0.5,sigma,0.0001,1.2708333333,1.3901006337127888
0.0075,0.5,sigma,0.0001,1.2916666667,1.4342574038811653
0.0075,0.5,sigma,0.0001,1.3125,1.4838636590006147
0.0075,0.5,sigma,0.0001,1.3333333333,1.5424538469319191
0.0075,0.5,sigma,0.0001,1.3333333333,1.8852632532539193
0.0075,0.5,sigma,1e-06,0.0,1.7359849164264496
0.0075,0.5,sigma,1e-06,0.0833333333,1.8576843451256158
0.0075,0.5,sigma,1e-06,0.1666666667,1.9649653817437212
0.0075,0.5,sigma,1e-06,0.25,2.053788241832249
0.0075,0.5,sigma,1e-06,0.3333333333,2.135619691822377
0.0075,0.5,sigma,1e-06,0.4166666667,2.2102107772040065
0.0075,0.5,sigma,1e-06,0.5,2.277717515086914
0.0075,0.5,sigma,1e-06,0.5833333333,2.337710191386912
0.0075,0.5,sigma,1e-06,0.6666666667,2.3948868663468366
0.0075,0.5,sigma,1e-06,0.75,0.2564720140099977
0.0075,0.5,sigma,1e-06,0.7916666666,0.43503171789759454
0.0075,0.5,sigma,1e-06,0.8125,0.4970847547001932
0.0075,0.5,sigma,1e-06,0.8333333333,0.5505005142646375
0.0075,0.5,sigma,1e-06,0.875,0.6423890126344413
0.0075,0.5,sigma,1e-06,0.8958333334,0.6829757816919502
0.0075,0.5,sigma,1e-06,0.9166666667,0.7213566216180708
0.0075,0.5,sigma,1e-06,0.9791666667,0.8270548604995307
0.0075,0.5,sigma,1e-06,1.0,0.8608718422945589
0.0075,0.5,sigma,1e-06,1.0208333333,0.8934070318911388
0.0075,0.5,sigma,1e-06,1.0416666667,0.9256341634105183
0.0075,0.5,sigma,1e-06,1.0625,0.9575480363108948
0.0075,0.5,sigma,1e-06,1.0833333333,0.9883679269839382
0.0075,0.5,sigma,1e-06,1.125,1.0490689105256072
0.0075,0.5,sigma,1e-06,1.1458333333,1.0792552059142206
0.0075,0.5,sigma,1e-06,1.1666666667,1.1078825926907228
0.0075,0.5,sigma,1e-06,1.1875,1.1370033508839266
0.0075,0.5,sigma,1e-06,1.2083333333,1.1651335667608353
0.0075,0.5,sigma,1e-06,1.2291666667,1.193119483445342
0.0075,0.5,sigma,1e-06,1.25,1.2212613802953063
0.0075,0.5,sigma,1e-06,1.2708333333,1.2482416327150307
0.0075,0.5,sigma,1e-06,1.2916666667,1.2757007476090134
0.0075,0.5,sigma,1e-06,1.3125,1.3029063541897683
0.0075,0.5,sigma,1e-06,1.3333333333,1.3296904000685408
0.0075,0.5,sigma,1e-06,1.375,1.3840831166651946
0.0075,0.5,sigma,1e-06,1.3958333333,1.4113993373672995
0.0075,0.5,sigma,1e-06,1.4166666667,1.4390246907789546
0.0075,0.5,sigma,1e-06,1.5,1.5618086484045708
0.0075,0.5,sigma,1e-06,1.5833333333,1.6959405089992199
0.0075,0.5,sigma,1e-06,1.6666666667,1.8707186811477872
0.0075,0.5,sigma,1e-08,1.4166666667,0.4091798216740024
0.0075,0.5,sigma,1e-08,1.5,0.6599385960582145
0.0075,0.5,sigma,1e-08,1.5833333333,0.8584941816685581
0.0075,0.5,sigma,1e-08,1.6666666667,1.0348357610747492
0.0075,0.5,sigma,1e-08,1.75,1.1971546983414665
0.0075,0.5,sigma,1e-08,1.8333333333,1.3497642475723026
0.0075,0.5,sigma,1e-08,1.9166666667,1.4952336469500762
0.0075,0.5,sigma,1e-08,2.0,1.635342702308218
0.0075,0.5,kappa_e,0.0001,0.0,1.2019508662144618
0.0075,0.5,kappa_e,0.0001,0.0833333333,1.2435714484060416
0.0075,0.5,kappa_e,0.0001,0.1666666667,1.3266037066718461
0.0075,0.5,kappa_e,0.0001,0.25,1.4088413262698074
0.0075,0.5,kappa_e,0.0001,0.3333333333,1.481986816624336
0.0075,0.5,kappa_e,0.0001,0.4166666667,1.5455949634630606
0.0075,0.5,kappa_e,0.0001,0.5,1.6015971027757956
0.0075,0.5,kappa_e,0.0001,0.5833333333,1.643280863482212
0.0075,0.5,kappa_e,0.0001,0.6041666666,0.20693608263759702
0.0075,0.5,kappa_e,0.0001,0.625,0.30745050350779873
0.0075,0.5,kappa_e,0.0001,0.6458333334,0.38056097921742316
0.0075,0.5,kappa_e,0.0001,0.6666666667,0.4414005446341396
0.0075,0.5,kappa_e,0.0001,0.6666666667,1.6802838098910529
0.0075,0.5,kappa_e,0.0001,0.6875,0.4953388107802316
0.0075,0.5,kappa_e,0.0001,0.7083333334,0.5444714748525209
0.0075,0.5,kappa_e,0.0001,0.7291666667,0.5901184045663738
0.0075,0.5,kappa_e,0.0001,0.75,0.632868478081146
0.0075,0.5,kappa_e,0.0001,0.75,1.7018819561324974
0.0075,0.5,kappa_e,0.0001,0.7708333333,0.6734842639126766
0.0075,0.5,kappa_e,0.0001,0.7916666666,0.7125721786992261
0.0075,0.5,kappa_e,0.0001,0.8125,0.7505238649469738
0.0075,0.5,kappa_e,0.0001,0.8333333333,0.7875406612286199
0.0075,0.5,kappa_e,0.0001,0.8333333333,1.7133979753339212
0.0075,0.5,kappa_e,0.0001,0.8541666666,0.8237422753943602
0.0075,0.5,kappa_e,0.0001,0.875,0.8594602196668026
0.0075,0.5,kappa_e,0.0001,0.9166666667,0.9320441963311563
0.0075,0.5,kappa_e,0.0001,0.9166666667,1.710097884151716
0.0075,0.5,kappa_e,0.0001,0.9375,0.9683246749687761
0.0075,0.5,kappa_e,0.0001,0.9583333334,1.0050826327261335
0.0075,0.5,kappa_e,0.0001,1.0,1.0822229084635342
0.0075,0.5,kappa_e,0.0001,1.0,1.6856827165743788
0.0075,0.5,kappa_e,0.0001,1.0833333333,1.2747486270381998
0.0075,0.5,kappa_e,0.0001,1.0833333333,1.6073197301798365
0.0075,0.5,kappa_e,1e-06,0.0,1.407889615180018
0.0075,0.5,kappa_e,1e-06,0.0208333333,1.427046783584171
0.0075,0.5,kappa_e,1e-06,0.0416666667,1.4564927118648787
0.0075,0.5,kappa_e,1e-06,0.0625,1.4845602498511858
0.0075,0.5,kappa_e,1e-06,0.0833333333,1.5125759377534784
0.0075,0.5,kappa_e,1e-06,0.1041666667,1.5409660172949924
0.0075,0.5,kappa_e,1e-06,0.125,1.5656244926644065
0.0075,0.5,kappa_e,1e-06,0.1458333334,1.591241608108376
0.0075,0.5,kappa_e,1e-06,0.1666666667,1.6154163314312537
0.0075,0.5,kappa_e,1e-06,0.1875,1.6377237615411975
0.0075,0.5,kappa_e,1e-06,0.2083333334,1.6614397704612516
0.0075,0.5,kappa_e,1e-06,0.25,1.7053039325250907
0.0075,0.5,kappa_e,1e-06,0.3333333333,1.7829474116525839
0.0075,0.5,kappa_e,1e-06,0.4166666667,1.8506820072391463
0.0075,0.5,kappa_e,1e-06,0.5,1.9089666982384959
0.0075,0.5,kappa_e,1e-06,0.5833333333,1.9607674903896306
0.0075,0.5,kappa_e,1e-06,0.6666666667,1.998379833502382
0.0075,0.5,kappa_e,1e-06,0.7291666667,0.19730814275583816
0.0075,0.5,kappa_e,1e-06,0.75,0.3400293145388242
0.0075,0.5,kappa_e,1e-06,0.75,2.0381758001567647
0.0075,0.5,kappa_e,1e-06,0.7708333333,0.4323942539512117
0.0075,0.5,kappa_e,1e-06,0.7916666666,0.5056254853822892
0.0075,0.5,kappa_e,1e-06,0.8125,0.5681232836178095
0.0075,0.5,kappa_e,1e-06,0.8333333333,0.6238799715105673
0.0075,0.5,kappa_e,1e-06,0.8333333333,2.064266817907186
0.0075,0.5,kappa_e,1e-06,0.8541666666,0.674658634615083
0.0075,0.5,kappa_e,1e-06,0.875,0.7218650062093172
0.0075,0.5,kappa_e,1e-06,0.8958333334,0.7657902762636613
0.0075,0.5,kappa_e,1e-06,0.9166666667,0.8072339014580611
0.0075,0.5,kappa_e,1e-06,0.9166666667,2.0886584217445328
0.0075,0.5,kappa_e,1e-06,0.9375,0.8464785782635545
0.0075,0.5,kappa_e,1e-06,0.9583333334,0.8838313291002386
0.0075,0.5,kappa_e,1e-06,0.9791666667,0.9195491602743776
0.0075,0.5,kappa_e,1e-06,1.0,0.9533520023474508
0.0075,0.5,kappa_e,1e-06,1.0,2.097215503397177
0.0075,0.5,kappa_e,1e-06,1.0208333333,0.9863317061632794
0.0075,0.5,kappa_e,1e-06,1.0416666667,1.0186458846645807
0.0075,0.5,kappa_e,1e-06,1.0625,1.0495419957333296
0.0075,0.5,kappa_e,1e-06,1.0833333333,1.0810108664090676
0.0075,0.5,kappa_e,1e-06,1.0833333333,2.100942238495251
0.0075,0.5,kappa_e,1e-06,1.1041666667,1.1106954072317348
0.0075,0.5,kappa_e,1e-06,1.125,1.1415022635974281
0.0075,0.5,kappa_e,1e-06,1.1458333333,1.1709882110240877
0.0075,0.5,kappa_e,1e-06,1.1666666667,1.2013842994150505
0.0075,0.5,kappa_e,1e-06,1.1666666667,2.0860361109248404
0.0075,0.5,kappa_e,1e-06,1.1875,1.2318685018614473
0.0075,0.5,kappa_e,1e-06,1.2083333333,1.2632501113934362
0.0075,0.5,kappa_e,1e-06,1.2291666667,1.2956412677147533
0.0075,0.5,kappa_e,1e-06,1.25,1.3297250922897361
0.0075,0.5,kappa_e,1e-06,1.25,2.056668653047874
0.0075,0.5,kappa_e,1e-06,1.2708333333,1.3655205137772313
0.0075,0.5,kappa_e,1e-06,1.2916666667,1.403712983591059
0.0075,0.5,kappa_e,1e-06,1.3125,1.4451184249013849
0.0075,0.5,kappa_e,1e-06,1.3333333333,1.4907673361302487
0.0075,0.5,kappa_e,1e-06,1.3333333333,1.988917853179501
0.0075,0.5,kappa_e,1e-06,1.3541666667,1.542421713800921
0.0075,0.5,kappa_e,1e-08,0.0,1.9232402532547803
0.0075,0.5,kappa_e,1e-08,0.0833333333,2.0392866208444813
0.0075,0.5,kappa_e,1e-08,0.1666666667,2.140495507472198
0.0075,0.5,kappa_e,1e-08,0.25,2.2336190060238597
0.0075,0.5,kappa_e,1e-08,0.3333333333,2.3186666484835894
0.0075,0.5,kappa_e,1e-08,0.4166666667,2.398462717624812
0.0075,0.5,kappa_e,1e-08,0.8333333333,0.16186529967125976
0.0075,0.5,kappa_e,1e-08,0.9166666667,0.5831179877264929
0.0075,0.5,kappa_e,1e-08,1.0,0.7640097487313038
0.0075,0.5,kappa_e,1e-08,1.0833333333,0.9093688862958144
0.0075,0.5,kappa_e,1e-08,1.1666666667,1.0391556151985364
0.0075,0.5,kappa_e,1e-08,1.2291666667,1.1304427921909164
0.0075,0.5,kappa_e,1e-08,1.25,1.1605019345626175
0.0075,0.5,kappa_e,1e-08,1.2916666667,1.2187360087678216
0.0075,0.5,kappa_e,1e-08,1.3125,1.2471901676859178
0.0075,0.5,kappa_e,1e-08,1.3333333333,1.2758118719033409
0.0075,0.5,kappa_e,1e-08,1.3958333333,1.3609167888826923
0.0075,0.5,kappa_e,1e-08,1.4166666667,1.3892745330438874
0.0075,0.5,kappa_e,1e-08,1.5,1.504172217365495
0.0075,0.5,kappa_e,1e-08,1.5833333333,1.62229718609531
0.0075,0.5,kappa_e,1e-08,1.6666666667,1.7430267350047828
0.0075,0.5,kappa_e,1e-08,1.75,1.8810551387079055
0.0075,0.5,kappa_e,1e-08,1.8333333333,2.0486747600160804
0.0075,0.5,kappa_e,1e-08,1.9166666667,2.322156839195555
0.01,0.5,sigma,0.0001,0.0,1.3750652126336285
0.01,0.5,sigma,0.0001,0.0208333333,1.3907301646602188
0.01,0.5,sigma,0.0001,0.0416666667,1.417627009965222
0.01,0.5,sigma,0.0001,0.0625,1.445914309486615
0.01,0.5,sigma,0.0001,0.0833333333,1.4735857970903077
0.01,0.5,sigma,0.0001,0.1041666667,1.5004877088292095
0.01,0.5,sigma,0.0001,0.125,1.5265695317383334
0.01,0.5,sigma,0.0001,0.1458333334,1.5513419785514375
0.01,0.5,sigma,0.0001,0.1666666667,1.5752762388967914
0.01,0.5,sigma,0.0001,0.2083333334,1.6209457280862547
0.01,0.5,sigma,0.0001,0.2291666667,1.6423856997283384
0.01,0.5,sigma,0.0001,0.25,1.6633319255198595
0.01,0.5,sigma,0.0001,0.3333333333,1.7388894237491803
0.01,0.5,sigma,0.0001,0.4166666667,1.8064722488767775
0.01,0.5,sigma,0.0001,0.5,1.865291054089788
0.01,0.5,sigma,0.0001,0.5833333333,1.9138952184783498
0.01,0.5,sigma,0.0001,0.6666666667,0.014019303315420855
0.01,0.5,sigma,0.0001,0.6666666667,1.9571733453525209
0.01,0.5,sigma,0.0001,0.6875,0.26099491388982193
0.01,0.5,sigma,0.0001,0.7083333334,0.3615810970829894
0.01,0.5,sigma,0.0001,0.7291666667,0.43645331584513153
0.01,0.5,sigma,0.0001,0.75,0.49889071670796703
0.01,0.5,sigma,0.0001,0.75,1.989865800267828
0.01,0.5,sigma,0.0001,0.7708333333,0.5534427288191198
0.01,0.5,sigma,0.0001,0.7916666666,0.60311658311523
0.01,0.5,sigma,0.0001,0.8125,0.6488256065893548
0.01,0.5,sigma,0.0001,0.8333333333,0.6917807259513505
0.01,0.5,sigma,0.0001,0.8333333333,2.018218938145226
0.01,0.5,sigma,0.0001,0.8541666666,0.7324176530453766
0.01,0.5,sigma,0.0001,0.875,0.7710983792809806
0.01,0.5,sigma,0.0001,0.8958333334,0.8081419693180093
0.01,0.5,sigma,0.0001,0.9166666667,0.8438276923809908
0.01,0.5,sigma,0.0001,0.9166666667,2.0366583522272994
0.01,0.5,sigma,0.0001,0.9375,0.8781362285333073
0.01,0.5,sigma,0.0001,0.9583333334,0.9109689167530732
0.01,0.5,sigma,0.0001,0.9791666667,0.9432579221646585
0.01,0.5,sigma,0.0001,1.0,0.9739852317083031
0.01,0.5,sigma,0.0001,1.0,2.045265939561703
0.01,0.5,sigma,0.0001,1.0208333333,1.0047353728753483
0.01,0.5,sigma,0.0001,1.0416666667,1.0338791387303838
0.01,0.5,sigma,0.0001,1.0625,1.0637272015533021
0.01,0.5,sigma,0.0001,1.0833333333,1.0925437649774685
0.01,0.5,sigma,0.0001,1.0833333333,2.0424656863764774
0.01,0.5,sigma,0.0001,1.1041666667,1.1214730474188508
0.01,0.5,sigma,0.0001,1.125,1.1514098125195267
0.01,0.5,sigma,0.0001,1.1458333333,1.1808554099779336
0.01,0.5,sigma,0.0001,1.1666666667,1.2123966151550871
0.01,0.5,sigma,0.0001,1.1666666667,2.0251917795580203
0.01,0.5,sigma,0.0001,1.1875,1.2443435868238963
0.01,0.5,sigma,0.0001,1.2083333333,1.2777180407516144
0.01,0.5,sigma,0.0001,1.2291666667,1.3133976672232908
0.01,0.5,sigma,0.0001,1.25,1.351072033467213
0.01,0.5,sigma,0.0001,1.25,1.9830793072648851
0.01,0.5,sigma,0.0001,1.2708333333,1.3915368142079902
0.01,0.5,sigma,0.0001,1.2916666667,1.4356908618632103
0.01,0.5,sigma,0.0001,1.3125,1.4855508427994224
0.01,0.5,sigma,0.0001,1.3333333333,1.5444278212454587
0.01,0.5,sigma,0.0001,1.3333333333,1.884001236009507
0.01,0.5,sigma,1e-06,0.0,1.7367354655782126
0.01,0.5,sigma,1e-06,0.0833333333,1.8558007962059602
0.01,0.5,sigma,1e-06,0.1666666667,1.96261621877494
0.01,0.5,sigma,1e-06,0.25,2.05364334743669
0.01,0.5,sigma,1e-06,0.3333333333,2.1367062577031724
0.01,0.5,sigma,1e-06,0.4166666667,2.2115764473286905
0.01,0.5,sigma,1e-06,0.5,2.278740612802967
0.01,0.5,sigma,1e-06,0.5833333333,2.3378277626825956
0.01,0.5,sigma,1e-06,0.6666666667,2.3924951670235655
0.01,0.5,sigma,1e-06,0.8333333333,0.43854878513837114
0.01,0.5,sigma,1e-06,0.8958333334,0.6452701433894985
0.01,0.5,sigma,1e-06,0.9166666667,0.6965417567107958
0.01,0.5,sigma,1e-06,0.9791666667,0.8205146229111756
0.01,0.5,sigma,1e-06,1.0,0.8554303460207661
0.01,0.5,sigma,1e-06,1.0208333333,0.8889604474431433
0.01,0.5,sigma,1e-06,1.0416666667,0.921958173948126
0.01,0.5,sigma,1e-06,1.0625,0.9536691966073332
0.01,0.5,sigma,1e-06,1.0833333333,0.9849614172845302
0.01,0.5,sigma,1e-06,1.125,1.0457918026069934
0.01,0.5,sigma,1e-06,1.1458333333,1.0756431250753165
0.01,0.5,sigma,1e-06,1.1666666667,1.1048626497553014
0.01,0.5,sigma,1e-06,1.1875,1.133779635231004
0.01,0.5,sigma,1e-06,1.2083333333,1.1625949428225544
0.01,0.5,sigma,1e-06,1.2291666667,1.1906303735667045
0.01,0.5,sigma,1e-06,1.25,1.219185749008035
0.01,0.5,sigma,1e-06,1.2708333333,1.2466523310054316
0.01,0.5,sigma,1e-06,1.2916666667,1.2744322886168225
0.01,0.5,sigma,1e-06,1.3125,1.3021990787983477
0.01,0.5,sigma,1e-06,1.3333333333,1.3294499402323274
0.01,0.5,sigma,1e-06,1.375,1.3847091289913125
0.01,0.5,sigma,1e-06,1.3958333333,1.4124143227074657
0.01,0.5,sigma,1e-06,1.4166666667,1.4404861107332765
0.01,0.5,sigma,1e-06,1.5,1.5633602083016565
0.01,0.5,sigma,1e-06,1.5833333333,1.698027604113543
0.01,0.5,sigma,1e-06,1.6666666667,1.872510906511148
0.01,0.5,sigma,1e-08,1.4166666667,0.4066520385741337
0.01,0.5,sigma,1e-08,1.5,0.6584291143448295
0.01,0.5,sigma,1e-08,1.5833333333,0.8573065606105421
0.01,0.5,sigma,1e-08,1.6666666667,1.0338073709082367
0.01,0.5,sigma,1e-08,1.75,1.1962111457804963
0.01,0.5,sigma,1e-08,1.8333333333,1.348877183625506
0.01,0.5,sigma,1e-08,1.9166666667,1.4943849266857896
0.01,0.5,sigma,1e-08,2.0,1.634521103905841
0.01,0.5,kappa_e,0.0001,0.0,1.2203880787902048
0.01,0.5,kappa_e,0.0001,0.0833333333,1.272506261210285
0.01,0.5,kappa_e,0.0001,0.1666666667,1.3602403527877087
0.01,0.5,kappa_e,0.0001,0.25,1.4436320493579344
0.01,0.5,kappa_e,0.0001,0.3333333333,1.5183943261839798
0.01,0.5,kappa_e,0.0001,0.4166666667,1.580798694518943
0.01,0.5,kappa_e,0.0001,0.5,1.6342820501897004
0.01,0.5,kappa_e,0.0001,0.5833333333,1.6821622437649542
0.01,0.5,kappa_e,0.0001,0.6458333334,0.2173964366625645
0.01,0.5,kappa_e,0.0001,0.6666666667,0.3358854115922122
0.01,0.5,kappa_e,0.0001,0.6666666667,1.7152272287928871
0.01,0.5,kappa_e,0.0001,0.6875,0.41716287984018685
0.01,0.5,kappa_e,0.0001,0.7083333334,0.4828492367677273
0.01,0.5,kappa_e,0.0001,0.7291666667,0.5398285432597306
0.01,0.5,kappa_e,0.0001,0.75,0.591510352987296
0.01,0.5,kappa_e,0.0001,0.75,1.742254219507574
0.01,0.5,kappa_e,0.0001,0.7708333333,0.6391531192446241
0.01,0.5,kappa_e,0.0001,0.7916666666,0.6840984154397981
0.01,0.5,kappa_e,0.0001,0.8125,0.7264616278061782
0.01,0.5,kappa_e,0.0001,0.8333333333,0.7666920845299445
0.01,0.5,kappa_e,0.0001,0.8333333333,1.7587717279571224
0.01,0.5,kappa_e,0.0001,0.8541666666,0.8052398825372585
0.01,0.5,kappa_e,0.0001,0.875,0.8424406617665906
0.01,0.5,kappa_e,0.0001,0.8958333334,0.87886934526778
0.01,0.5,kappa_e,0.0001,0.9166666667,0.9153455153779351
0.01,0.5,kappa_e,0.0001,0.9166666667,1.7601015690243262
0.01,0.5,kappa_e,0.0001,0.9375,0.9514437111077498
0.01,0.5,kappa_e,0.0001,0.9583333334,0.9873246745066007
0.01,0.5,kappa_e,0.0001,0.9791666667,1.0233403847131726
0.01,0.5,kappa_e,0.0001,1.0,1.0600114932533369
0.01,0.5,kappa_e,0.0001,1.0,1.74019909923683
0.01,0.5,kappa_e,0.0001,1.0208333333,1.0984911348360105
0.01,0.5,kappa_e,0.0001,1.0833333333,1.2274407160539806
0.01,0.5,kappa_e,0.0001,1.0833333333,1.6885547158109346
0.01,0.5,kappa_e,0.0001,1.1041666667,1.278893946349393
0.01,0.5,kappa_e,1e-06,0.0,1.4188469706399136
0.01,0.5,kappa_e,1e-06,0.0208333333,1.4400070862590029
0.01,0.5,kappa_e,1e-06,0.0416666667,1.469278843445099
0.01,0.5,kappa_e,1e-06,0.0625,1.497653305939765
0.01,0.5,kappa_e,1e-06,0.0833333333,1.5259601756686454
0.01,0.5,kappa_e,1e-06,0.1041666667,1.554103903258856
0.01,0.5,kappa_e,1e-06,0.125,1.5795066214654592
0.01,0.5,kappa_e,1e-06,0.1666666667,1.62870954807519
0.01,0.5,kappa_e,1e-06,0.1875,1.652319738918598
0.01,0.5,kappa_e,1e-06,0.2083333334,1.6742223001395937
0.01,0.5,kappa_e,1e-06,0.25,1.7203769586541668
0.01,0.5,kappa_e,1e-06,0.3333333333,1.7975956607660102
0.01,0.5,kappa_e,1e-06,0.4166666667,1.8649668613454637
0.01,0.5,kappa_e,1e-06,0.5,1.9214514395008258
0.01,0.5,kappa_e,1e-06,0.5833333333,1.9752875482819643
0.01,0.5,kappa_e,1e-06,0.6666666667,2.018002489218901
0.01,0.5,kappa_e,1e-06,0.75,2.0537439213085587
0.01,0.5,kappa_e,1e-06,0.8333333333,0.4769555909346077
0.01,0.5,kappa_e,1e-06,0.8333333333,2.0794079479635474
0.01,0.5,kappa_e,1e-06,0.875,0.6402520511236581
0.01,0.5,kappa_e,1e-06,0.8958333334,0.7041411109402951
0.01,0.5,kappa_e,1e-06,0.9166666667,0.7608616046658903
0.01,0.5,kappa_e,1e-06,0.9166666667,2.105676035923123
0.01,0.5,kappa_e,1e-06,0.9375,0.8111392097150882
0.01,0.5,kappa_e,1e-06,0.9583333334,0.8570269832332145
0.01,0.5,kappa_e,1e-06,0.9791666667,0.898994007421789
0.01,0.5,kappa_e,1e-06,1.0,0.9377206413132507
0.01,0.5,kappa_e,1e-06,1.0,2.116769560012982
0.01,0.5,kappa_e,1e-06,1.0208333333,0.9739895646897209
0.01,0.5,kappa_e,1e-06,1.0416666667,1.008610547239586
0.01,0.5,kappa_e,1e-06,1.0625,1.0423911940456472
0.01,0.5,kappa_e,1e-06,1.0833333333,1.0748870020623589
0.01,0.5,kappa_e,1e-06,1.0833333333,2.1198174696617245
0.01,0.5,kappa_e,1e-06,1.1041666667,1.1065711916494754
0.01,0.5,kappa_e,1e-06,1.125,1.1384871003320334
0.01,0.5,kappa_e,1e-06,1.1458333333,1.1687750469842084
0.01,0.5,kappa_e,1e-06,1.1666666667,1.199971189481796
0.01,0.5,kappa_e,1e-06,1.1666666667,2.1087391005437937
0.01,0.5,kappa_e,1e-06,1.1875,1.2304685457726323
0.01,0.5,kappa_e,1e-06,1.2083333333,1.2619324575192286
0.01,0.5,kappa_e,1e-06,1.2291666667,1.2939855006495138
0.01,0.5,kappa_e,1e-06,1.25,1.3274025478237108
0.01,0.5,kappa_e,1e-06,1.25,2.0787112885939645
0.01,0.5,kappa_e,1e-06,1.2708333333,1.3621633408178322
0.01,0.5,kappa_e,1e-06,1.2916666667,1.3989988281917776
0.01,0.5,kappa_e,1e-06,1.3125,1.4385609039221776
0.01,0.5,kappa_e,1e-06,1.3333333333,1.4816453869824746
0.01,0.5,kappa_e,1e-06,1.3333333333,2.0200698410950917
0.01,0.5,kappa_e,1e-06,1.3541666667,1.5298887266307888
0.01,0.5,kappa_e,1e-06,1.375,1.5857521012642983
0.01,0.5,kappa_e,1e-08,0.0,1.9937799597276584
0.01,0.5,kappa_e,1e-08,0.0833333333,2.1134757911229216
0.01,0.5,kappa_e,1e-08,0.1666666667,2.2192563627919912
0.01,0.5,kappa_e,1e-08,0.25,2.3148413261712832
0.01,0.5,kappa_e,1e-08,1.0,0.6846441041772182
0.01,0.5,kappa_e,1e-08,1.0833333333,0.8650726034852206
0.01,0.5,kappa_e,1e-08,1.1666666667,0.9975664092093955
0.01,0.5,kappa_e,1e-08,1.25,1.1277365570996196
0.01,0.5,kappa_e,1e-08,1.3125,1.2177530681938462
0.01,0.5,kappa_e,1e-08,1.3333333333,1.247015526160279
0.01,0.5,kappa_e,1e-08,1.4166666667,1.363428822141349
0.01,0.5,kappa_e,1e-08,1.5,1.4802999462927278
0.01,0.5,kappa_e,1e-08,1.5833333333,1.6008002937396515
0.01,0.5,kappa_e,1e-08,1.6666666667,1.7200917052966351
0.01,0.5,kappa_e,1e-08,1.75,1.8439442908960775
0.01,0.5,kappa_e,1e-08,1.8333333333,1.9864841536931253
0.01,0.5,kappa_e,1e-08,1.9166666667,2.1597339439361125
0.015,0.5,sigma,0.0001,0.0,1.3745563904922773
0.015,0.5,sigma,0.0001,0.0208333333,1.3901904587263483
0.015,0.5,sigma,0.0001,0.0416666667,1.4171370430045287
0.015,0.5,sigma,0.0001,0.0625,1.445408350808206
0.015,0.5,sigma,0.0001,0.0833333333,1.4731025668959927
0.015,0.5,sigma,0.0001,0.1041666667,1.5000326784034212
0.015,0.5,sigma,0.0001,0.125,1.5260717848732508
0.015,0.5,sigma,0.0001,0.1458333334,1.5509276820428144
0.015,0.5,sigma,0.0001,0.1666666667,1.5748355987737994
0.015,0.5,sigma,0.0001,0.2083333334,1.620571958764535
0.015,0.5,sigma,0.0001,0.2291666667,1.6419443148772408
0.015,0.5,sigma,0.0001,0.25,1.6628526015860754
0.015,0.5,sigma,0.0001,0.3333333333,1.7385605795875898
0.015,0.5,sigma,0.0001,0.4166666667,1.8062039243307648
0.015,0.5,sigma,0.0001,0.5,1.8649047710696791
0.015,0.5,sigma,0.0001,0.5833333333,1.9132718702074896
0.015,0.5,sigma,0.0001,0.6666666667,1.9566353198700963
0.015,0.5,sigma,0.0001,0.75,0.24735094826782317
0.015,0.5,sigma,0.0001,0.75,1.9894465945009736
0.015,0.5,sigma,0.0001,0.7916666666,0.491841809728501
0.015,0.5,sigma,0.0001,0.8125,0.5665498496751693
0.015,0.5,sigma,0.0001,0.8333333333,0.6295762367807175
0.015,0.5,sigma,0.0001,0.8333333333,2.0176689154092666
0.015,0.5,sigma,0.0001,0.8541666666,0.6851427567115452
0.015,0.5,sigma,0.0001,0.875,0.7352234566605184
0.015,0.5,sigma,0.0001,0.8958333334,0.7812817364077852
0.015,0.5,sigma,0.0001,0.9166666667,0.8236775667619644
0.015,0.5,sigma,0.0001,0.9166666667,2.0362106838060043
0.015,0.5,sigma,0.0001,0.9375,0.8634404159441083
0.015,0.5,sigma,0.0001,0.9583333334,0.9009896044094762
0.015,0.5,sigma,0.0001,0.9791666667,0.9361701133519166
0.015,0.5,sigma,0.0001,1.0,0.9695919180518373
0.015,0.5,sigma,0.0001,1.0,2.0445469329946127
0.015,0.5,sigma,0.0001,1.0208333333,1.0022316705723298
0.015,0.5,sigma,0.0001,1.0416666667,1.0327823657029904
0.015,0.5,sigma,0.0001,1.0625,1.0636530352585558
0.015,0.5,sigma,0.0001,1.0833333333,1.0931648694055494
0.015,0.5,sigma,0.0001,1.0833333333,2.041754275677602
0.015,0.5,sigma,0.0001,1.1041666667,1.123119120546106
0.015,0.5,sigma,0.0001,1.125,1.153162334448601
0.015,0.5,sigma,0.0001,1.1458333333,1.1835703621258065
0.015,0.5,sigma,0.0001,1.1666666667,1.214901202696127
0.015,0.5,sigma,0.0001,1.1666666667,2.024265729658972
0.015,0.5,sigma,0.0001,1.1875,1.2474514420744651
0.015,0.5,sigma,0.0001,1.2083333333,1.2806991071914904
0.015,0.5,sigma,0.0001,1.2291666667,1.316490616356116
0.015,0.5,sigma,0.0001,1.25,1.354371856229893
0.015,0.5,sigma,0.0001,1.25,1.9816481596787856
0.015,0.5,sigma,0.0001,1.2708333333,1.3949666467222492
0.015,0.5,sigma,0.0001,1.2916666667,1.4391943231782895
0.015,0.5,sigma,0.0001,1.3125,1.4897386947914462
0.015,0.5,sigma,0.0001,1.3333333333,1.5494022583890052
0.015,0.5,sigma,0.0001,1.3333333333,1.8808485070583456
0.015,0.5,sigma,1e-06,0.0,1.7365495545338376
0.015,0.5,sigma,1e-06,0.0833333333,1.8547886376667766
0.015,0.5,sigma,1e-06,0.1666666667,1.961394560255539
0.015,0.5,sigma,1e-06,0.25,2.0532517028132293
0.015,0.5,sigma,1e-06,0.3333333333,2.1368329302487497
0.015,0.5,sigma,1e-06,0.4166666667,2.211827959253733
0.015,0.5,sigma,1e-06,0.5,2.2788223275894586
0.015,0.5,sigma,1e-06,0.5833333333,2.3374815532050968
0.015,0.5,sigma,1e-06,0.6666666667,2.3911251462081538
0.015,0.5,sigma,1e-06,0.9166666667,0.34438150502676723
0.015,0.5,sigma,1e-06,1.0,0.8207466040170571
0.015,0.5,sigma,1e-06,1.0416666667,0.9054530284714701
0.015,0.5,sigma,1e-06,1.0625,0.9408257684227154
0.015,0.5,sigma,1e-06,1.0833333333,0.9736117327449109
0.015,0.5,sigma,1e-06,1.1458333333,1.0671005160655953
0.015,0.5,sigma,1e-06,1.1666666667,1.0974285031772613
0.015,0.5,sigma,1e-06,1.1875,1.1269499507995318
0.015,0.5,sigma,1e-06,1.2083333333,1.1565708888793655
0.015,0.5,sigma,1e-06,1.2291666667,1.1856499825582074
0.015,0.5,sigma,1e-06,1.25,1.2146764563153454
0.015,0.5,sigma,1e-06,1.2708333333,1.2435424822126127
0.015,0.5,sigma,1e-06,1.2916666667,1.2720756858855695
0.015,0.5,sigma,1e-06,1.3125,1.30089598374946
0.015,0.5,sigma,1e-06,1.3333333333,1.3289948369905225
0.015,0.5,sigma,1e-06,1.375,1.3858562903583176
0.015,0.5,sigma,1e-06,1.3958333333,1.4143369447648468
0.015,0.5,sigma,1e-06,1.4166666667,1.4431711905944966
0.015,0.5,sigma,1e-06,1.5,1.5666353315719475
0.015,0.5,sigma,1e-06,1.5833333333,1.703328312145312
0.015,0.5,sigma,1e-06,1.6666666667,1.8774411054212525
0.015,0.5,sigma,1e-08,1.4166666667,0.39907841235998115
0.015,0.5,sigma,1e-08,1.5,0.654035846357641
0.015,0.5,sigma,1e-08,1.5833333333,0.8538591367931405
0.015,0.5,sigma,1e-08,1.6666666667,1.0308256915961347
0.015,0.5,sigma,1e-08,1.75,1.1934729746194583
0.015,0.5,sigma,1e-08,1.8333333333,1.3462981328894892
0.015,0.5,sigma,1e-08,1.9166666667,1.4919097189512764
0.015,0.5,sigma,1e-08,2.0,1.6321129742766856
0.015,0.5,kappa_e,0.0001,0.0,1.24489316797746
0.015,0.5,kappa_e,0.0001,0.0833333333,1.303158181323984
0.015,0.5,kappa_e,0.0001,0.1666666667,1.394504302053167
0.015,0.5,kappa_e,0.0001,0.25,1.480169357273298
0.015,0.5,kappa_e,0.0001,0.3333333333,1.5552651435299403
0.015,0.5,kappa_e,0.0001,0.4166666667,1.620726627500746
0.015,0.5,kappa_e,0.0001,0.5,1.6789676988110975
0.015,0.5,kappa_e,0.0001,0.5833333333,1.7218026008140386
0.015,0.5,kappa_e,0.0001,0.6666666667,1.7620407405179666
0.015,0.5,kappa_e,0.0001,0.7291666667,0.24158503877889245
0.015,0.5,kappa_e,0.0001,0.75,0.41636520199122573
0.015,0.5,kappa_e,0.0001,0.75,1.7869364635975533
0.015,0.5,kappa_e,0.0001,0.7708333333,0.5171422374631526
0.015,0.5,kappa_e,0.0001,0.7916666666,0.5930098949718612
0.015,0.5,kappa_e,0.0001,0.8125,0.6563064882579487
0.015,0.5,kappa_e,0.0001,0.8333333333,0.7118351016693429
0.015,0.5,kappa_e,0.0001,0.8333333333,1.804448384766078
0.015,0.5,kappa_e,0.0001,0.8541666666,0.762212280074947
0.015,0.5,kappa_e,0.0001,0.875,0.8087064115854806
0.015,0.5,kappa_e,0.0001,0.8958333334,0.8517570273795461
0.015,0.5,kappa_e,0.0001,0.9166666667,0.8921595964844553
0.015,0.5,kappa_e,0.0001,0.9166666667,1.8101215938624764
0.015,0.5,kappa_e,0.0001,0.9375,0.930779985809949
0.015,0.5,kappa_e,0.0001,0.9583333334,0.9682068951673524
0.015,0.5,kappa_e,0.0001,0.9791666667,1.0048273896802193
0.015,0.5,kappa_e,0.0001,1.0,1.041037958910993
0.015,0.5,kappa_e,0.0001,1.0,1.799218166477364
0.015,0.5,kappa_e,0.0001,1.0208333333,1.0780674281772158
0.015,0.5,kappa_e,0.0001,1.0416666667,1.1158775546452269
0.015,0.5,kappa_e,0.0001,1.0833333333,1.1952320455715608
0.015,0.5,kappa_e,0.0001,1.0833333333,1.7656215685161156
0.015,0.5,kappa_e,0.0001,1.1041666667,1.238181319173605
0.015,0.5,kappa_e,0.0001,1.1666666667,1.4153346541166558
0.015,0.5,kappa_e,0.0001,1.1666666667,1.6585025744741007
0.015,0.5,kappa_e,1e-06,0.0,1.4360233107439075
0.015,0.5,kappa_e,1e-06,0.0208333333,1.459116813170945
0.015,0.5,kappa_e,1e-06,0.0416666667,1.4882709234650826
0.015,0.5,kappa_e,1e-06,0.0625,1.5168531109464665
0.015,0.5,kappa_e,1e-06,0.0833333333,1.5455437169062578
0.015,0.5,kappa_e,1e-06,0.1041666667,1.5738660980370902
0.015,0.5,kappa_e,1e-06,0.125,1.5993409570533543
0.015,0.5,kappa_e,1e-06,0.1666666667,1.6486875754452655
0.015,0.5,kappa_e,1e-06,0.1875,1.6727276942039557
0.015,0.5,kappa_e,1e-06,0.25,1.7402600319968973
0.015,0.5,kappa_e,1e-06,0.3333333333,1.817971625676921
0.015,0.5,kappa_e,1e-06,0.4166666667,1.8859460405192146
0.015,0.5,kappa_e,1e-06,0.5,1.9448332701946303
0.015,0.5,kappa_e,1e-06,0.5833333333,1.9947948817073946
0.015,0.5,kappa_e,1e-06,0.6666666667,2.042732950542171
0.015,0.5,kappa_e,1e-06,0.75,2.075191946377819
0.015,0.5,kappa_e,1e-06,0.8333333333,2.1068361090077574
0.015,0.5,kappa_e,1e-06,0.9166666667,2.1312888771872807
0.015,0.5,kappa_e,1e-06,0.9791666667,0.8115504633957106
0.015,0.5,kappa_e,1e-06,1.0,0.8846284035627445
0.015,0.5,kappa_e,1e-06,1.0,2.1421974383168445
0.015,0.5,kappa_e,1e-06,1.0208333333,0.9389504425946756
0.015,0.5,kappa_e,1e-06,1.0416666667,0.983834667281584
0.015,0.5,kappa_e,1e-06,1.0625,1.0240466967815922
0.015,0.5,kappa_e,1e-06,1.0833333333,1.0617575171974845
0.015,0.5,kappa_e,1e-06,1.0833333333,2.145966321584443
0.015,0.5,kappa_e,1e-06,1.1041666667,1.0977045579881803
0.015,0.5,kappa_e,1e-06,1.125,1.131632152410613
0.015,0.5,kappa_e,1e-06,1.1458333333,1.1650235370801847
0.015,0.5,kappa_e,1e-06,1.1666666667,1.197724065152215
0.015,0.5,kappa_e,1e-06,1.1666666667,2.1394527718210994
0.015,0.5,kappa_e,1e-06,1.1875,1.2292619114173473
0.015,0.5,kappa_e,1e-06,1.2083333333,1.2616637619902384
0.015,0.5,kappa_e,1e-06,1.2291666667,1.29377495935946
0.015,0.5,kappa_e,1e-06,1.25,1.32707920684079
0.015,0.5,kappa_e,1e-06,1.25,2.114778657809155
0.015,0.5,kappa_e,1e-06,1.2708333333,1.3613558032231745
0.015,0.5,kappa_e,1e-06,1.2916666667,1.39716810061785
0.015,0.5,kappa_e,1e-06,1.3125,1.4350949857609303
0.015,0.5,kappa_e,1e-06,1.3333333333,1.4756872508314975
0.015,0.5,kappa_e,1e-06,1.3333333333,2.0612230473614925
0.015,0.5,kappa_e,1e-06,1.3541666667,1.5198674073074325
0.015,0.5,kappa_e,1e-06,1.375,1.5699540810924106
0.015,0.5,kappa_e,1e-06,1.4166666667,1.7179381647883456
0.015,0.5,kappa_e,1e-06,1.4166666667,1.9209720537210517
0.015,0.5,kappa_e,1e-08,0.0,2.108344368383666
0.015,0.5,kappa_e,1e-08,0.0833333333,2.2291838462062326
0.015,0.5,kappa_e,1e-08,0.1666666667,2.3382296468276484
0.015,0.5,kappa_e,1e-08,1.1666666667,0.9210727181715069
0.015,0.5,kappa_e,1e-08,1.25,1.059121064520944
0.015,0.5,kappa_e,1e-08,1.3333333333,1.1871761301881314
0.015,0.5,kappa_e,1e-08,1.4166666667,1.3098270974216166
0.015,0.5,kappa_e,1e-08,1.5,1.4324706237731464
0.015,0.5,kappa_e,1e-08,1.5833333333,1.5567907648047152
0.015,0.5,kappa_e,1e-08,1.6666666667,1.6831443536201183
0.015,0.5,kappa_e,1e-08,1.75,1.8070296971031312
0.015,0.5,kappa_e,1e-08,1.8333333333,1.9363621912702562
0.015,0.5,kappa_e,1e-08,1.9166666667,2.072105514446679
0.015,0.5,kappa_e,1e-08,2.0,2.2339041424361077
0.02,0.5,sigma,0.0001,0.0,1.373872127164226
0.02,0.5,sigma,0.0001,0.0208333333,1.3894941209254525
0.02,0.5,sigma,0.0001,0.0416666667,1.4164593642930934
0.02,0.5,sigma,0.0001,0.0625,1.444741755909762
0.02,0.5,sigma,0.0001,0.0833333333,1.4724558141666444
0.02,0.5,sigma,0.0001,0.1041666667,1.4993952082781463
0.02,0.5,sigma,0.0001,0.125,1.525449159834862
0.02,0.5,sigma,0.0001,0.1458333334,1.5503259791995168
0.02,0.5,sigma,0.0001,0.1666666667,1.57424000637392
0.02,0.5,sigma,0.0001,0.2083333334,1.6199895518458547
0.02,0.5,sigma,0.0001,0.2291666667,1.6413696844193202
0.02,0.5,sigma,0.0001,0.25,1.662269985682597
0.02,0.5,sigma,0.0001,0.3333333333,1.7380282408486991
0.02,0.5,sigma,0.0001,0.4166666667,1.8056800910391124
0.02,0.5,sigma,0.0001,0.5,1.8643390331177574
0.02,0.5,sigma,0.0001,0.5833333333,1.9126608574034334
0.02,0.5,sigma,0.0001,0.6666666667,1.9560462893010664
0.02,0.5,sigma,0.0001,0.75,1.988804604702358
0.02,0.5,sigma,0.0001,0.8333333333,0.4532242931913089
0.02,0.5,sigma,0.0001,0.8333333333,2.016939362950841
0.02,0.5,sigma,0.0001,0.875,0.6662046902289327
0.02,0.5,sigma,0.0001,0.8958333334,0.7352871860482577
0.02,0.5,sigma,0.0001,0.9166666667,0.7927619316810673
0.02,0.5,sigma,0.0001,0.9166666667,2.0354483758082598
0.02,0.5,sigma,0.0001,0.9375,0.8428758544085163
0.02,0.5,sigma,0.0001,0.9583333334,0.8871238292682465
0.02,0.5,sigma,0.0001,0.9791666667,0.9274430407229367
0.02,0.5,sigma,0.0001,1.0,0.9646625450394603
0.02,0.5,sigma,0.0001,1.0,2.0437001980264373
0.02,0.5,sigma,0.0001,1.0208333333,0.9996392251512927
0.02,0.5,sigma,0.0001,1.0416666667,1.0316592218119613
0.02,0.5,sigma,0.0001,1.0625,1.063616972705935
0.02,0.5,sigma,0.0001,1.0833333333,1.0938266515971553
0.02,0.5,sigma,0.0001,1.0833333333,2.040763078911372
0.02,0.5,sigma,0.0001,1.1041666667,1.1245706296360982
0.02,0.5,sigma,0.0001,1.125,1.1548280267050055
0.02,0.5,sigma,0.0001,1.1458333333,1.1859722692199963
0.02,0.5,sigma,0.0001,1.1666666667,1.2172759475038468
0.02,0.5,sigma,0.0001,1.1666666667,2.0229897439606455
0.02,0.5,sigma,0.0001,1.1875,1.2503673954642212
0.02,0.5,sigma,0.0001,1.2083333333,1.284202667444106
0.02,0.5,sigma,0.0001,1.2291666667,1.3196396226408398
0.02,0.5,sigma,0.0001,1.25,1.3578266797881036
0.02,0.5,sigma,0.0001,1.25,1.9797769546728587
0.02,0.5,sigma,0.0001,1.2708333333,1.3986703146922226
0.02,0.5,sigma,0.0001,1.2916666667,1.4436990248452455
0.02,0.5,sigma,0.0001,1.3125,1.4944886882750616
0.02,0.5,sigma,0.0001,1.3333333333,1.5551610963508826
0.02,0.5,sigma,0.0001,1.3333333333,1.8767282361209952
0.02,0.5,sigma,1e-06,0.0,1.7359344652278896
0.02,0.5,sigma,1e-06,0.0833333333,1.8541607708358094
0.02,0.5,sigma,1e-06,0.1666666667,1.9607710919978296
0.02,0.5,sigma,1e-06,0.25,2.0527610882362874
0.02,0.5,sigma,1e-06,0.3333333333,2.136427063026763
0.02,0.5,sigma,1e-06,0.4166666667,2.211438320982702
0.02,0.5,sigma,1e-06,0.5,2.278401686819442
0.02,0.5,sigma,1e-06,0.5833333333,2.3369575326749947
0.02,0.5,sigma,1e-06,0.6666666667,2.3905454675291304
0.02,0.5,sigma,1e-06,1.0625,0.9156543430416078
0.02,0.5,sigma,1e-06,1.0833333333,0.9559335365463603
0.02,0.5,sigma,1e-06,1.1458333333,1.0571103407949318
0.02,0.5,sigma,1e-06,1.1666666667,1.0884279078454189
0.02,0.5,sigma,1e-06,1.2083333333,1.1500378948715084
0.02,0.5,sigma,1e-06,1.2291666667,1.1806351980336665
0.02,0.5,sigma,1e-06,1.25,1.2103928535556772
0.02,0.5,sigma,1e-06,1.2708333333,1.2405159237478085
0.02,0.5,sigma,1e-06,1.2916666667,1.26984173681002
0.02,0.5,sigma,1e-06,1.3125,1.2996308873661695
0.02,0.5,sigma,1e-06,1.3333333333,1.328564927808277
0.02,0.5,sigma,1e-06,1.375,1.3869156564849872
0.02,0.5,sigma,1e-06,1.3958333333,1.4161405981522965
0.02,0.5,sigma,1e-06,1.4166666667,1.4455602997411159
0.02,0.5,sigma,1e-06,1.5,1.570100702027991
0.02,0.5,sigma,1e-06,1.5833333333,1.7092597893565191
0.02,0.5,sigma,1e-06,1.6666666667,1.883754520375724
0.02,0.5,sigma,1e-08,1.4166666667,0.37770894321377824
0.02,0.5,sigma,1e-08,1.5,0.6475238179703029
0.02,0.5,sigma,1e-08,1.5833333333,0.8488824348186764
0.02,0.5,sigma,1e-08,1.6666666667,1.0265300913122466
0.02,0.5,sigma,1e-08,1.75,1.189517954653876
0.02,0.5,sigma,1e-08,1.8333333333,1.3425536579768678
0.02,0.5,sigma,1e-08,1.9166666667,1.4882860052334184
0.02,0.5,sigma,1e-08,2.0,1.6285487811936112
0.02,0.5,kappa_e,0.0001,0.0,1.2602007071523031
0.02,0.5,kappa_e,0.0001,0.0833333333,1.321770388693766
0.02,0.5,kappa_e,0.0001,0.1666666667,1.4170773611310619
0.02,0.5,kappa_e,0.0001,0.25,1.5043626750747965
0.02,0.5,kappa_e,0.0001,0.3333333333,1.5794327263392078
0.02,0.5,kappa_e,0.0001,0.4166666667,1.6435868916542142
0.02,0.5,kappa_e,0.0001,0.5,1.6998428542946706
0.02,0.5,kappa_e,0.0001,0.5833333333,1.748051659645937
0.02,0.5,kappa_e,0.0001,0.6666666667,1.7840785039449043
0.02,0.5,kappa_e,0.0001,0.75,1.813095695122281
0.02,0.5,kappa_e,0.0001,0.8333333333,0.5659977803701243
0.02,0.5,kappa_e,0.0001,0.8333333333,1.834173341318791
0.02,0.5,kappa_e,0.0001,0.8541666666,0.6773220697721531
0.02,0.5,kappa_e,0.0001,0.875,0.7530228339287023
0.02,0.5,kappa_e,0.0001,0.8958333334,0.8138052068218401
0.02,0.5,kappa_e,0.0001,0.9166666667,0.8660396147576876
0.02,0.5,kappa_e,0.0001,0.9166666667,1.8418879492280011
0.02,0.5,kappa_e,0.0001,0.9375,0.9121736230842781
0.02,0.5,kappa_e,0.0001,0.9583333334,0.9542056762947566
0.02,0.5,kappa_e,0.0001,0.9791666667,0.9938982564219596
0.02,0.5,kappa_e,0.0001,1.0,1.0323570143516678
0.02,0.5,kappa_e,0.0001,1.0,1.8338624463948088
0.02,0.5,kappa_e,0.0001,1.0208333333,1.0702306203388154
0.02,0.5,kappa_e,0.0001,1.0416666667,1.1080610237776405
0.02,0.5,kappa_e,0.0001,1.0833333333,1.1859186189014612
0.02,0.5,kappa_e,0.0001,1.0833333333,1.801299508677138
0.02,0.5,kappa_e,0.0001,1.1041666667,1.2272729437843026
0.02,0.5,kappa_e,0.0001,1.125,1.271283131042329
0.02,0.5,kappa_e,0.0001,1.1666666667,1.3800024633094738
0.02,0.5,kappa_e,0.0001,1.1666666667,1.7209748213503187
0.02,0.5,kappa_e,1e-06,0.0,1.4486904813900159
0.02,0.5,kappa_e,1e-06,0.0208333333,1.4731237885523598
0.02,0.5,kappa_e,1e-06,0.0416666667,1.5019652000058568
0.02,0.5,kappa_e,1e-06,0.0833333333,1.5596416483937428
0.02,0.5,kappa_e,1e-06,0.1041666667,1.5884703266582458
0.02,0.5,kappa_e,1e-06,0.1666666667,1.663478601927178
0.02,0.5,kappa_e,1e-06,0.25,1.7535201940925729
0.02,0.5,kappa_e,1e-06,0.3333333333,1.8315913290745254
0.02,0.5,kappa_e,1e-06,0.4166666667,1.9003767997443064
0.02,0.5,kappa_e,1e-06,0.5,1.961185684188871
0.02,0.5,kappa_e,1e-06,0.5833333333,2.01152615467308
0.02,0.5,kappa_e,1e-06,0.6666666667,2.059047533120436
0.02,0.5,kappa_e,1e-06,0.75,2.094005435124526
0.02,0.5,kappa_e,1e-06,0.8333333333,2.1250738161440768
0.02,0.5,kappa_e,1e-06,0.9166666667,2.1487555503920146
0.02,0.5,kappa_e,1e-06,1.0,2.1592785347555936
0.02,0.5,kappa_e,1e-06,1.0416666667,0.9327849710110424
0.02,0.5,kappa_e,1e-06,1.0625,0.9959302080668758
0.02,0.5,kappa_e,1e-06,1.0833333333,1.043269430897236
0.02,0.5,kappa_e,1e-06,1.0833333333,2.165012669222108
0.02,0.5,kappa_e,1e-06,1.1041666667,1.0850091956451742
0.02,0.5,kappa_e,1e-06,1.125,1.1239598494312806
0.02,0.5,kappa_e,1e-06,1.1458333333,1.1610864203518279
0.02,0.5,kappa_e,1e-06,1.1666666667,1.195274277050443
0.02,0.5,kappa_e,1e-06,1.1666666667,2.159466622300778
0.02,0.5,kappa_e,1e-06,1.1875,1.228508244238786
0.02,0.5,kappa_e,1e-06,1.2083333333,1.2620928506629856
0.02,0.5,kappa_e,1e-06,1.2291666667,1.2948503100864093
0.02,0.5,kappa_e,1e-06,1.25,1.3285293458638419
0.02,0.5,kappa_e,1e-06,1.25,2.138700180108875
0.02,0.5,kappa_e,1e-06,1.2708333333,1.3631254324333453
0.02,0.5,kappa_e,1e-06,1.2916666667,1.3988185135356843
0.02,0.5,kappa_e,1e-06,1.3125,1.4363054919807543
0.02,0.5,kappa_e,1e-06,1.3333333333,1.4760859715047283
0.02,0.5,kappa_e,1e-06,1.3333333333,2.0890862207181686
0.02,0.5,kappa_e,1e-06,1.3541666667,1.5188935065671003
0.02,0.5,kappa_e,1e-06,1.375,1.5664230037464504
0.02,0.5,kappa_e,1e-06,1.4166666667,1.6919784526609798
0.02,0.5,kappa_e,1e-06,1.4166666667,1.9664398778324517
0.02,0.5,kappa_e,1e-08,0.0,2.1998598365498605
0.02,0.5,kappa_e,1e-08,0.0833333333,2.321680781295227
0.02,0.5,kappa_e,1e-08,1.25,0.6432878667132653
0.02,0.5,kappa_e,1e-08,1.25,0.9833157088512162
0.02,0.5,kappa_e,1e-08,1.3333333333,1.125177476518723
0.02,0.5,kappa_e,1e-08,1.4166666667,1.2548465689483226
0.02,0.5,kappa_e,1e-08,1.5,1.383523588717401
0.02,0.5,kappa_e,1e-08,1.5833333333,1.5110859098467275
0.02,0.5,kappa_e,1e-08,1.6666666667,1.6423158773239597
0.02,0.5,kappa_e,1e-08,1.75,1.774153426269193
0.02,0.5,kappa_e,1e-08,1.8333333333,1.9049421833730362
0.02,0.5,kappa_e,1e-08,1.9166666667,2.038245408319361
0.02,0.5,kappa_e,1e-08,2.0,2.1778927616718606
0.03,0.5,sigma,0.0001,0.0,1.372113532615981
0.03,0.5,sigma,0.0001,0.0208333333,1.3876815935286404
0.03,0.5,sigma,0.0001,0.0416666667,1.4146837826111236
0.03,0.5,sigma,0.0001,0.0625,1.4429852056620478
0.03,0.5,sigma,0.0001,0.0833333333,1.4707493267733858
0.03,0.5,sigma,0.0001,0.1041666667,1.4977109019538675
0.03,0.5,sigma,0.0001,0.125,1.523798218064914
0.03,0.5,sigma,0.0001,0.1458333334,1.5487257816748965
0.03,0.5,sigma,0.0001,0.1666666667,1.5726599178732
0.03,0.5,sigma,0.0001,0.2083333334,1.6184403651297692
0.03,0.5,sigma,0.0001,0.2291666667,1.6398401468066737
0.03,0.5,sigma,0.0001,0.25,1.6607192761699885
0.03,0.5,sigma,0.0001,0.3333333333,1.7365970613749881
0.03,0.5,sigma,0.0001,0.4166666667,1.8042500336527891
0.03,0.5,sigma,0.0001,0.5,1.8628098220499194
0.03,0.5,sigma,0.0001,0.5833333333,1.9110577876812738
0.03,0.5,sigma,0.0001,0.6666666667,1.954471978650735
0.03,0.5,sigma,0.0001,0.75,1.9870941480407032
0.03,0.5,sigma,0.0001,0.8333333333,2.0150003498348337
0.03,0.5,sigma,0.0001,0.9166666667,2.0333922358318777
0.03,0.5,sigma,0.0001,0.9583333334,0.83133835814813
0.03,0.5,sigma,0.0001,0.9791666667,0.9005640931926792
0.03,0.5,sigma,0.0001,1.0,0.9506153420161507
0.03,0.5,sigma,0.0001,1.0,2.0414518849179064
0.03,0.5,sigma,0.0001,1.0208333333,0.9926356820253238
0.03,0.5,sigma,0.0001,1.0416666667,1.0292804752931866
0.03,0.5,sigma,0.0001,1.0625,1.063603267702343
0.03,0.5,sigma,0.0001,1.0833333333,1.0951973024632644
0.03,0.5,sigma,0.0001,1.0833333333,2.038135768603397
0.03,0.5,sigma,0.0001,1.1041666667,1.1271075456669122
0.03,0.5,sigma,0.0001,1.125,1.1579147345985388
0.03,0.5,sigma,0.0001,1.1458333333,1.190061189919918
0.03,0.5,sigma,0.0001,1.1666666667,1.2219622913882664
0.03,0.5,sigma,0.0001,1.1666666667,2.019637199523076
0.03,0.5,sigma,0.0001,1.1875,1.2554766406369788
0.03,0.5,sigma,0.0001,1.2083333333,1.2903451903792773
0.03,0.5,sigma,0.0001,1.2291666667,1.3266875032045007
0.03,0.5,sigma,0.0001,1.25,1.3653003235980739
0.03,0.5,sigma,0.0001,1.25,1.9749641868418695
0.03,0.5,sigma,0.0001,1.2708333333,1.407051496308927
0.03,0.5,sigma,0.0001,1.2916666667,1.4529238662017183
0.03,0.5,sigma,0.0001,1.3125,1.5050593417433171
0.03,0.5,sigma,0.0001,1.3333333333,1.5688361631186634
0.03,0.5,sigma,0.0001,1.3333333333,1.8662546716873167
0.03,0.5,sigma,1e-06,0.0,1.7341802079263389
0.03,0.5,sigma,1e-06,0.0833333333,1.8524946843877643
0.03,0.5,sigma,1e-06,0.1666666667,1.959183038993693
0.03,0.5,sigma,1e-06,0.25,2.05140458569642
0.03,0.5,sigma,1e-06,0.3333333333,2.1351916660757047
0.03,0.5,sigma,1e-06,0.4166666667,2.2102089941927603
0.03,0.5,sigma,1e-06,0.5,2.277134724132539
0.03,0.5,sigma,1e-06,0.5833333333,2.335515205123194
0.03,0.5,sigma,1e-06,0.6666666667,2.389234985310238
0.03,0.5,sigma,1e-06,1.1666666667,0.6698066815554401
0.03,0.5,sigma,1e-06,1.1666666667,1.0667608526897912
0.03,0.5,sigma,1e-06,1.2083333333,1.135922770340958
0.03,0.5,sigma,1e-06,1.2291666667,1.1690120751404929
0.03,0.5,sigma,1e-06,1.25,0.11800432173302147
0.03,0.5,sigma,1e-06,1.25,1.201779794000733
0.03,0.5,sigma,1e-06,1.2708333333,1.2337740234226036
0.03,0.5,sigma,1e-06,1.2916666667,1.265474787035183
0.03,0.5,sigma,1e-06,1.3125,1.2969454555825595
0.03,0.5,sigma,1e-06,1.3333333333,1.3277387354994399
0.03,0.5,sigma,1e-06,1.375,1.3889006289042338
0.03,0.5,sigma,1e-06,1.3958333333,1.4195426632373276
0.03,0.5,sigma,1e-06,1.4166666667,1.449915187600735
0.03,0.5,sigma,1e-06,1.5,1.5772805551839542
0.03,0.5,sigma,1e-06,1.5833333333,1.7211664958980124
0.03,0.5,sigma,1e-06,1.6666666667,1.8984695344218243
0.03,0.5,sigma,1e-08,1.5833333333,0.15500093008421748
0.03,0.5,sigma,1e-08,1.5833333333,0.8300646386917871
0.03,0.5,sigma,1e-08,1.6666666667,1.0130103251496572
0.03,0.5,sigma,1e-08,1.75,1.176992730356559
0.03,0.5,sigma,1e-08,1.8333333333,1.3305575821535467
0.03,0.5,sigma,1e-08,1.9166666667,1.4765660326456347
0.03,0.5,sigma,1e-08,2.0,1.617041545567278
0.03,0.5,kappa_e,0.0001,0.0,1.276184452289939
0.03,0.5,kappa_e,0.0001,0.0833333333,1.3432195679826182
0.03,0.5,kappa_e,0.0001,0.1666666667,1.4430693374831105
0.03,0.5,kappa_e,0.0001,0.25,1.5289690208182405
0.03,0.5,kappa_e,0.0001,0.3333333333,1.6056473345007725
0.03,0.5,kappa_e,0.0001,0.4166666667,1.6710651820054996
0.03,0.5,kappa_e,0.0001,0.5,1.724480655551233
0.03,0.5,kappa_e,0.0001,0.5833333333,1.7730289068482532
0.03,0.5,kappa_e,0.0001,0.6666666667,1.8102374775595986
0.03,0.5,kappa_e,0.0001,0.75,1.8426484818527296
0.03,0.5,kappa_e,0.0001,0.8333333333,1.859767253016833
0.03,0.5,kappa_e,0.0001,0.9166666667,1.867898446232632
0.03,0.5,kappa_e,0.0001,0.9375,0.824213723314899
0.03,0.5,kappa_e,0.0001,0.9583333334,0.9170053787782801
0.03,0.5,kappa_e,0.0001,0.9791666667,0.9738532978054915
0.03,0.5,kappa_e,0.0001,1.0,1.020368651906295
0.03,0.5,kappa_e,0.0001,1.0,1.8628727547808148
0.03,0.5,kappa_e,0.0001,1.0208333333,1.0629475543939706
0.03,0.5,kappa_e,0.0001,1.0416666667,1.1037742313956047
0.03,0.5,kappa_e,0.0001,1.0833333333,1.1844973423878722
0.03,0.5,kappa_e,0.0001,1.0833333333,1.8401526905999632
0.03,0.5,kappa_e,0.0001,1.1041666667,1.2259939554719224
0.03,0.5,kappa_e,0.0001,1.125,1.2692679478931799
0.03,0.5,kappa_e,0.0001,1.1666666667,1.3682071544803909
0.03,0.5,kappa_e,0.0001,1.1666666667,1.7707450176860118
0.03,0.5,kappa_e,1e-06,0.0,1.4659594546415298
0.03,0.5,kappa_e,1e-06,0.0208333333,1.4920535731261368
0.03,0.5,kappa_e,1e-06,0.0833333333,1.579530686024779
0.03,0.5,kappa_e,1e-06,0.1666666667,1.6850232895257995
0.03,0.5,kappa_e,1e-06,0.25,1.7755170337941082
0.03,0.5,kappa_e,1e-06,0.3333333333,1.8534204914945507
0.03,0.5,kappa_e,1e-06,0.4166666667,1.919201745616179
0.03,0.5,kappa_e,1e-06,0.5,1.9827152854762045
0.03,0.5,kappa_e,1e-06,0.5833333333,2.0363789450762564
0.03,0.5,kappa_e,1e-06,0.6666666667,2.0799953758569996
0.03,0.5,kappa_e,1e-06,0.75,2.121220696258969
0.03,0.5,kappa_e,1e-06,0.8333333333,2.148807030431142
0.03,0.5,kappa_e,1e-06,0.9166666667,2.175158720288845
0.03,0.5,kappa_e,1e-06,1.0,2.189274697856971
0.03,0.5,kappa_e,1e-06,1.0833333333,2.1960332082595824
0.03,0.5,kappa_e,1e-06,1.125,1.0975394589032899
0.03,0.5,kappa_e,1e-06,1.1458333333,1.1461192972259013
0.03,0.5,kappa_e,1e-06,1.1666666667,0.7901187222821944
0.03,0.5,kappa_e,1e-06,1.1666666667,1.188354758746245
0.03,0.5,kappa_e,1e-06,1.1666666667,2.1909346170322466
0.03,0.5,kappa_e,1e-06,1.1875,1.2265277133635437
0.03,0.5,kappa_e,1e-06,1.2083333333,1.2628900156776712
0.03,0.5,kappa_e,1e-06,1.2291666667,1.2978814445283517
0.03,0.5,kappa_e,1e-06,1.25,0.6470682595317985
0.03,0.5,kappa_e,1e-06,1.25,1.332557014204309
0.03,0.5,kappa_e,1e-06,1.25,2.169521579978635
0.03,0.5,kappa_e,1e-06,1.2708333333,1.3682130690785446
0.03,0.5,kappa_e,1e-06,1.2916666667,1.404853674393019
0.03,0.5,kappa_e,1e-06,1.3125,1.4428424758285776
0.03,0.5,kappa_e,1e-06,1.3333333333,0.37186478846747417
0.03,0.5,kappa_e,1e-06,1.3333333333,1.4827661358120936
0.03,0.5,kappa_e,1e-06,1.3333333333,2.1253485177079083
0.03,0.5,kappa_e,1e-06,1.3541666667,1.5254015476978298
0.03,0.5,kappa_e,1e-06,1.375,1.5717652497880379
0.03,0.5,kappa_e,1e-06,1.4166666667,1.6870254585157585
0.03,0.5,kappa_e,1e-06,1.4166666667,2.018289308146335
0.03,0.5,kappa_e,1e-08,0.0,2.3429737310227523
0.03,0.5,kappa_e,1e-08,1.4166666667,0.8307461470199574
0.03,0.5,kappa_e,1e-08,1.4166666667,1.119686931927277
0.03,0.5,kappa_e,1e-08,1.5,0.7342075778667084
0.03,0.5,kappa_e,1e-08,1.5,1.269585679224512
0.03,0.5,kappa_e,1e-08,1.5833333333,0.610446551189101
0.03,0.5,kappa_e,1e-08,1.5833333333,1.4115506230700614
0.03,0.5,kappa_e,1e-08,1.6666666667,0.33924260103102244
0.03,0.5,kappa_e,1e-08,1.6666666667,1.552263556223115
0.03,0.5,kappa_e,1e-08,1.75,1.694356810252317
0.03,0.5,kappa_e,1e-08,1.8333333333,1.841121132239582
0.03,0.5,kappa_e,1e-08,1.9166666667,1.9845220625907725
0.03,0.5,kappa_e,1e-08,2.0,2.1241009194184923
0.05,0.5,sigma,0.0001,0.0,1.3676972730610666
0.05,0.5,sigma,0.0001,0.0208333333,1.3830174580088832
0.05,0.5,sigma,0.0001,0.0416666667,1.410075939977577
0.05,0.5,sigma,0.0001,0.0625,1.4383893864466955
0.05,0.5,sigma,0.0001,0.0833333333,1.4662611981747005
0.05,0.5,sigma,0.0001,0.1041666667,1.493277056304479
0.05,0.5,sigma,0.0001,0.125,1.5193994240037931
0.05,0.5,sigma,0.0001,0.1458333334,1.5444611038077851
0.05,0.5,sigma,0.0001,0.1666666667,1.5684601320203413
0.05,0.5,sigma,0.0001,0.2083333334,1.6142996295731042
0.05,0.5,sigma,0.0001,0.2291666667,1.6357608863980433
0.05,0.5,sigma,0.0001,0.25,1.6566125001257852
0.05,0.5,sigma,0.0001,0.3333333333,1.7327180148601895
0.05,0.5,sigma,0.0001,0.4166666667,1.8003317255060827
0.05,0.5,sigma,0.0001,0.5,1.8586242297533657
0.05,0.5,sigma,0.0001,0.5833333333,1.9067523238277388
0.05,0.5,sigma,0.0001,0.6666666667,1.9501335892387968
0.05,0.5,sigma,0.0001,0.75,1.9825161203694253
0.05,0.5,sigma,0.0001,0.8333333333,2.009792102936006
0.05,0.5,sigma,0.0001,0.9166666667,2.0278873527126553
0.05,0.5,sigma,0.0001,1.0,2.0354287417900947
0.05,0.5,sigma,0.0001,1.0208333333,0.9656247566336572
0.05,0.5,sigma,0.0001,1.0416666667,1.0236880944604665
0.05,0.5,sigma,0.0001,1.0625,1.0637205619061965
0.05,0.5,sigma,0.0001,1.0833333333,0.6779212031580898
0.05,0.5,sigma,0.0001,1.0833333333,1.098091534590727
0.05,0.5,sigma,0.0001,1.0833333333,2.031177323913204
0.05,0.5,sigma,0.0001,1.1041666667,1.131404617803123
0.05,0.5,sigma,0.0001,1.125,1.1639272927769708
0.05,0.5,sigma,0.0001,1.1458333333,1.1965395446435587
0.05,0.5,sigma,0.0001,1.1666666667,0.4788341673095601
0.05,0.5,sigma,0.0001,1.1666666667,1.2302616716145311
0.05,0.5,sigma,0.0001,1.1666666667,2.0109049560236874
0.05,0.5,sigma,0.0001,1.1875,1.2644808453008385
0.05,0.5,sigma,0.0001,1.2083333333,1.2999154796267995
0.05,0.5,sigma,0.0001,1.2291666667,1.3378583046578059
0.05,0.5,sigma,0.0001,1.25,1.3780565190668326
0.05,0.5,sigma,0.0001,1.25,1.9628415273378763
0.05,0.5,sigma,0.0001,1.2708333333,1.421621151459894
0.05,0.5,sigma,0.0001,1.2916666667,1.4704460557899715
0.05,0.5,sigma,0.0001,1.3333333333,1.5991410790185892
0.05,0.5,sigma,0.0001,1.3333333333,1.8404818971651966
0.05,0.5,sigma,1e-06,0.0,1.728890815700179
0.05,0.5,sigma,1e-06,0.0833333333,1.8474491050073716
0.05,0.5,sigma,1e-06,0.1666666667,1.9543927660719749
0.05,0.5,sigma,1e-06,0.25,2.047289443377536
0.05,0.5,sigma,1e-06,0.3333333333,2.1313806203983683
0.05,0.5,sigma,1e-06,0.4166666667,2.2063866309727116
0.05,0.5,sigma,1e-06,0.5,2.2732019432068054
0.05,0.5,sigma,1e-06,0.5833333333,2.331155215910164
0.05,0.5,sigma,1e-06,0.6666666667,2.3853005685633493
0.05,0.5,sigma,1e-06,1.2291666667,1.138196119514067
0.05,0.5,sigma,1e-06,1.25,0.899412595169968
0.05,0.5,sigma,1e-06,1.25,1.179858492162113
0.05,0.5,sigma,1e-06,1.2708333333,1.218729304778423
0.05,0.5,sigma,1e-06,1.2916666667,1.2557577965371551
0.05,0.5,sigma,1e-06,1.3125,1.2914316718609722
0.05,0.5,sigma,1e-06,1.3333333333,0.8277994356391641
0.05,0.5,sigma,1e-06,1.3333333333,1.3260882205131637
0.05,0.5,sigma,1e-06,1.3541666667,1.3601500804757252
0.05,0.5,sigma,1e-06,1.375,1.392734970488105
0.05,0.5,sigma,1e-06,1.3958333333,1.4254011578054462
0.05,0.5,sigma,1e-06,1.4166666667,0.759418537702223
0.05,0.5,sigma,1e-06,1.4166666667,1.458016168336928
0.05,0.5,sigma,1e-06,1.5,0.6790799476774053
0.05,0.5,sigma,1e-06,1.5,1.5917725843629067
0.05,0.5,sigma,1e-06,1.5833333333,0.5705500432061936
0.05,0.5,sigma,1e-06,1.5833333333,1.743349233930429
0.05,0.5,sigma,1e-06,1.6666666667,0.3767617119063928
0.05,0.5,sigma,1e-06,1.6666666667,1.9353578349005363
0.05,0.5,sigma,1e-08,1.75,0.8718067230885422
0.05,0.5,sigma,1e-08,1.75,1.1133514941207412
0.05,0.5,sigma,1e-08,1.8333333333,0.8073525297437507
0.05,0.5,sigma,1e-08,1.8333333333,1.2767790851103002
0.05,0.5,sigma,1e-08,1.9166666667,0.7402937947054958
0.05,0.5,sigma,1e-08,1.9166666667,1.4272261299851412
0.05,0.5,sigma,1e-08,2.0,0.6565642536062054
0.05,0.5,sigma,1e-08,2.0,1.5700148889273553
0.05,0.5,kappa_e,0.0001,0.0,1.2812232036317115
0.05,0.5,kappa_e,0.0001,0.0833333333,1.3563057270313705
0.05,0.5,kappa_e,0.0001,0.1666666667,1.4575247763500232
0.05,0.5,kappa_e,0.0001,0.25,1.5428598563639258
0.05,0.5,kappa_e,0.0001,0.3333333333,1.6196399355877469
0.05,0.5,kappa_e,0.0001,0.4166666667,1.68719895223828
0.05,0.5,kappa_e,0.0001,0.5,1.7420671657250055
0.05,0.5,kappa_e,0.0001,0.5833333333,1.787970186658053
0.05,0.5,kappa_e,0.0001,0.6666666667,1.8281754512293125
0.05,0.5,kappa_e,0.0001,0.75,1.8565514844667106
0.05,0.5,kappa_e,0.0001,0.8333333333,1.8749511207484828
0.05,0.5,kappa_e,0.0001,0.9166666667,1.8833987504324141
0.05,0.5,kappa_e,0.0001,1.0,0.9252647213526476
0.05,0.5,kappa_e,0.0001,1.0,0.985241267593692
0.05,0.5,kappa_e,0.0001,1.0,1.8774825843610918
0.05,0.5,kappa_e,0.0001,1.0208333333,1.0591388145146605
0.05,0.5,kappa_e,0.0001,1.0416666667,1.1092590981923052
0.05,0.5,kappa_e,0.0001,1.0833333333,0.7667193284414185
0.05,0.5,kappa_e,0.0001,1.0833333333,1.1984150245841845
0.05,0.5,kappa_e,0.0001,1.0833333333,1.8521841038796332
0.05,0.5,kappa_e,0.0001,1.1041666667,1.2427275040936756
0.05,0.5,kappa_e,0.0001,1.1666666667,0.6650923885053368
0.05,0.5,kappa_e,0.0001,1.1666666667,1.3977633571130392
0.05,0.5,kappa_e,0.0001,1.1666666667,1.7803780482035947
0.05,0.5,kappa_e,0.0001,1.25,0.5471314812237694
0.05,0.5,kappa_e,0.0001,1.3333333333,0.36461858159209154
0.05,0.5,kappa_e,1e-06,0.0,1.483145193591258
0.05,0.5,kappa_e,1e-06,0.0208333333,1.5111343304532723
0.05,0.5,kappa_e,1e-06,0.0833333333,1.600458253562026
0.05,0.5,kappa_e,1e-06,0.1666666667,1.7097893940257942
0.05,0.5,kappa_e,1e-06,0.25,1.8002936960384648
0.05,0.5,kappa_e,1e-06,0.3333333333,1.879849277504518
0.05,0.5,kappa_e,1e-06,0.4166666667,1.948837185085618
0.05,0.5,kappa_e,1e-06,0.5,2.007859544338195
0.05,0.5,kappa_e,1e-06,0.5833333333,2.0624511289039256
0.05,0.5,kappa_e,1e-06,0.6666666667,2.1095267180748687
0.05,0.5,kappa_e,1e-06,0.75,2.1485325257033883
0.05,0.5,kappa_e,1e-06,0.8333333333,2.1782481141075114
0.05,0.5,kappa_e,1e-06,0.9166666667,2.2052548714328313
0.05,0.5,kappa_e,1e-06,1.0,2.2191887238194927
0.05,0.5,kappa_e,1e-06,1.0833333333,2.2256162733187836
0.05,0.5,kappa_e,1e-06,1.1666666667,1.0507654637818131
0.05,0.5,kappa_e,1e-06,1.1666666667,1.1417051165426206
0.05,0.5,kappa_e,1e-06,1.1666666667,2.221188580078786
0.05,0.5,kappa_e,1e-06,1.1875,1.2154925563268077
0.05,0.5,kappa_e,1e-06,1.2083333333,1.2626596335162001
0.05,0.5,kappa_e,1e-06,1.2291666667,1.3028943005413343
0.05,0.5,kappa_e,1e-06,1.25,0.9528862997214567
0.05,0.5,kappa_e,1e-06,1.25,1.3414192009231134
0.05,0.5,kappa_e,1e-06,1.25,2.2005620214201844
0.05,0.5,kappa_e,1e-06,1.2708333333,1.37959702448263
0.05,0.5,kappa_e,1e-06,1.2916666667,1.4183481453566225
0.05,0.5,kappa_e,1e-06,1.3125,1.4586106075198646
0.05,0.5,kappa_e,1e-06,1.3333333333,0.9057205507434642
0.05,0.5,kappa_e,1e-06,1.3333333333,1.5008809915705057
0.05,0.5,kappa_e,1e-06,1.3333333333,2.1546559155861833
0.05,0.5,kappa_e,1e-06,1.3541666667,1.5459741829477012
0.05,0.5,kappa_e,1e-06,1.375,1.5949339330737438
0.05,0.5,kappa_e,1e-06,1.4166666667,0.8621333820665269
0.05,0.5,kappa_e,1e-06,1.4166666667,1.7215606913877353
0.05,0.5,kappa_e,1e-06,1.4166666667,2.0456532907421736
0.05,0.5,kappa_e,1e-06,1.5,0.8174027470009838
0.05,0.5,kappa_e,1e-06,1.5833333333,0.7662170675886811
0.05,0.5,kappa_e,1e-06,1.6666666667,0.707412191622087
0.05,0.5,kappa_e,1e-06,1.75,0.6301750559016925
0.05,0.5,kappa_e,1e-06,1.8333333333,0.5180322913398072
0.05,0.5,kappa_e,1e-06,1.9166666667,0.32903457804276154
0.05,0.5,kappa_e,1e-08,1.6666666667,0.9839180952089177
0.05,0.5,kappa_e,1e-08,1.6666666667,1.2800639736478225
0.05,0.5,kappa_e,1e-08,1.75,0.9337161350701039
0.05,0.5,kappa_e,1e-08,1.75,1.475775918021966
0.05,0.5,kappa_e,1e-08,1.8333333333,0.8979415605870357
0.05,0.5,kappa_e,1e-08,1.8333333333,1.6532587244782186
0.05,0.5,kappa_e,1e-08,1.9166666667,0.859497564219046
0.05,0.5,kappa_e,1e-08,1.9166666667,1.8290272767278903
0.05,0.5,kappa_e,1e-08,2.0,0.8216184767352644
0.05,0.5,kappa_e,1e-08,2.0,2.0081551497154737
0.08,0.5,sigma,0.0001,0.0,1.3604629204149772
0.08,0.5,sigma,0.0001,0.0208333333,1.3754172794513067
0.08,0.5,sigma,0.0001,0.0416666667,1.4022437769975375
0.08,0.5,sigma,0.0001,0.0625,1.4306010093083807
0.08,0.5,sigma,0.0001,0.0833333333,1.458512497577072
0.08,0.5,sigma,0.0001,0.1041666667,1.485623134574647
0.08,0.5,sigma,0.0001,0.125,1.5117952358006868
0.08,0.5,sigma,0.0001,0.1458333334,1.5369576721565128
0.08,0.5,sigma,0.0001,0.1666666667,1.561104321451074
0.08,0.5,sigma,0.0001,0.2083333334,1.6070001305512833
0.08,0.5,sigma,0.0001,0.2291666667,1.6285845571062973
0.08,0.5,sigma,0.0001,0.25,1.6494262231699275
0.08,0.5,sigma,0.0001,0.3333333333,1.7257344176032263
0.08,0.5,sigma,0.0001,0.4166666667,1.7932279198581749
0.08,0.5,sigma,0.0001,0.5,1.8510135586783503
0.08,0.5,sigma,0.0001,0.5833333333,1.899146006449861
0.08,0.5,sigma,0.0001,0.6666666667,1.9422310226937154
0.08,0.5,sigma,0.0001,0.75,1.9743980371385568
0.08,0.5,sigma,0.0001,0.8333333333,2.000475280274466
0.08,0.5,sigma,0.0001,0.9166666667,2.01819031084209
0.08,0.5,sigma,0.0001,1.0,2.024872928473317
0.08,0.5,sigma,0.0001,1.0625,0.9236662181228326
0.08,0.5,sigma,0.0001,1.0625,1.0643556865766153
0.08,0.5,sigma,0.0001,1.0833333333,0.8961069123446695
0.08,0.5,sigma,0.0001,1.0833333333,1.1026049598456131
0.08,0.5,sigma,0.0001,1.0833333333,2.019123720198893
0.08,0.5,sigma,0.0001,1.1041666667,1.1369764863092713
0.08,0.5,sigma,0.0001,1.125,1.171209333053865
0.08,0.5,sigma,0.0001,1.1458333333,1.2050256480445887
0.08,0.5,sigma,0.0001,1.1666666667,0.8196184382878016
0.08,0.5,sigma,0.0001,1.1666666667,1.2392253882100412
0.08,0.5,sigma,0.0001,1.1666666667,1.995836849477037
0.08,0.5,sigma,0.0001,1.1875,1.275321935599919
0.08,0.5,sigma,0.0001,1.2083333333,1.3127532985181787
0.08,0.5,sigma,0.0001,1.2291666667,1.3522197012035
0.08,0.5,sigma,0.0001,1.25,0.7567486459980645
0.08,0.5,sigma,0.0001,1.25,1.3945217284154954
0.08,0.5,sigma,0.0001,1.25,1.943018472474757
0.08,0.5,sigma,0.0001,1.2708333333,1.4407048586752205
0.08,0.5,sigma,0.0001,1.2916666667,1.4939629497161722
0.08,0.5,sigma,0.0001,1.3333333333,0.6919098967907469
0.08,0.5,sigma,0.0001,1.3333333333,1.6687539884994826
0.08,0.5,sigma,0.0001,1.3333333333,1.7711784208434604
0.08,0.5,sigma,0.0001,1.4166666667,0.615860254361532
0.08,0.5,sigma,0.0001,1.5,0.5179499128580304
0.08,0.5,sigma,0.0001,1.5833333333,0.38000486284205937
0.08,0.5,sigma,0.0001,1.6666666667,0.10144568136071512
0.08,0.5,sigma,1e-06,0.0,1.717509762082953
0.08,0.5,sigma,1e-06,0.0833333333,1.8370747674553205
0.08,0.5,sigma,1e-06,0.1666666667,1.9440195877091548
0.08,0.5,sigma,1e-06,0.25,2.0382574030528575
0.08,0.5,sigma,1e-06,0.3333333333,2.1228426973271963
0.08,0.5,sigma,1e-06,0.4166666667,2.1977866086820947
0.08,0.5,sigma,1e-06,0.5,2.2643139462515447
0.08,0.5,sigma,1e-06,0.5833333333,2.321489845658119
0.08,0.5,sigma,1e-06,0.6666666667,2.376611542153638
0.08,0.5,sigma,1e-06,1.2916666667,1.234132158843726
0.08,0.5,sigma,1e-06,1.3125,1.2815647404243127
0.08,0.5,sigma,1e-06,1.3333333333,0.993470143192853
0.08,0.5,sigma,1e-06,1.3333333333,1.3234952310134804
0.08,0.5,sigma,1e-06,1.3541666667,1.3623099576155926
0.08,0.5,sigma,1e-06,1.375,1.398946928269797
0.08,0.5,sigma,1e-06,1.3958333333,1.4340885666636016
0.08,0.5,sigma,1e-06,1.4166666667,0.9478073990521246
0.08,0.5,sigma,1e-06,1.4166666667,1.4690817460725694
0.08,0.5,sigma,1e-06,1.5,0.9190208568204762
0.08,0.5,sigma,1e-06,1.5,1.6133908071292518
0.08,0.5,sigma,1e-06,1.5833333333,0.893114248819587
0.08,0.5,sigma,1e-06,1.5833333333,1.7781185376421074
0.08,0.5,sigma,1e-06,1.6666666667,0.8647069563480543
0.08,0.5,sigma,1e-06,1.6666666667,2.002941624143566
0.08,0.5,sigma,1e-06,1.6666666667,2.3450932865637837
0.08,0.5,sigma,1e-06,1.75,0.8332576946975008
0.08,0.5,sigma,1e-06,1.8333333333,0.803159919346949
0.08,0.5,sigma,1e-06,1.9166666667,0.7619062299104793
0.08,0.5,sigma,1e-06,2.0,0.7202657469266316
0.08,0.5,sigma,1e-08,1.9166666667,1.0357614603307195
0.08,0.5,sigma,1e-08,1.9166666667,1.21805838315886
0.08,0.5,sigma,1e-08,2.0,0.9864008870662242
0.08,0.5,sigma,1e-08,2.0,1.4271143841373166
0.08,0.5,kappa_e,0.0001,0.0,1.2714689221947515
0.08,0.5,kappa_e,0.0001,0.0833333333,1.3500206180441277
0.08,0.5,kappa_e,0.0001,0.1666666667,1.4537673438340943
0.08,0.5,kappa_e,0.0001,0.25,1.5406728889710009
0.08,0.5,kappa_e,0.0001,0.3333333333,1.617840191067853
0.08,0.5,kappa_e,0.0001,0.4166666667,1.685372864769831
0.08,0.5,kappa_e,0.0001,0.5,1.7394446226137832
0.08,0.5,kappa_e,0.0001,0.5833333333,1.7855273308706907
0.08,0.5,kappa_e,0.0001,0.6666666667,1.8240824783517007
0.08,0.5,kappa_e,0.0001,0.75,1.8525518722402805
0.08,0.5,kappa_e,0.0001,0.8333333333,1.869170722711422
0.08,0.5,kappa_e,0.0001,0.9166666667,1.8751083787982818
0.08,0.5,kappa_e,0.0001,1.0,1.8659257000227085
0.08,0.5,kappa_e,0.0001,1.0208333333,0.9931661300060517
0.08,0.5,kappa_e,0.0001,1.0208333333,1.0655256027184228
0.08,0.5,kappa_e,0.0001,1.0416666667,0.9591295834290327
0.08,0.5,kappa_e,0.0001,1.0625,0.939631472324
0.08,0.5,kappa_e,0.0001,1.0833333333,0.9244182786555353
0.08,0.5,kappa_e,0.0001,1.0833333333,1.2302065758840541
0.08,0.5,kappa_e,0.0001,1.0833333333,1.8342229359666846
0.08,0.5,kappa_e,0.0001,1.1041666667,1.2788388925178165
0.08,0.5,kappa_e,0.0001,1.1666666667,0.8800252612244954
0.08,0.5,kappa_e,0.0001,1.1666666667,1.4560534978545812
0.08,0.5,kappa_e,0.0001,1.1666666667,1.7349539591892358
0.08,0.5,kappa_e,0.0001,1.25,0.8394158470637421
0.08,0.5,kappa_e,0.0001,1.3333333333,0.8069299309680558
0.08,0.5,kappa_e,0.0001,1.4166666667,0.768066810068078
0.08,0.5,kappa_e,0.0001,1.5,0.7291253868526134
0.08,0.5,kappa_e,0.0001,1.5833333333,0.681131076314154
0.08,0.5,kappa_e,0.0001,1.6666666667,0.6282183807752951
0.08,0.5,kappa_e,0.0001,1.75,0.5625540758032261
0.08,0.5,kappa_e,0.0001,1.8333333333,0.4778355125747262
0.08,0.5,kappa_e,0.0001,1.9166666667,0.3599917509140222
0.08,0.5,kappa_e,0.0001,2.0,0.16951241428431837
0.08,0.5,kappa_e,1e-06,0.0,1.48696598736215
0.08,0.5,kappa_e,1e-06,0.0208333333,1.5162693320277683
0.08,0.5,kappa_e,1e-06,0.0833333333,1.609193046059473
0.08,0.5,kappa_e,1e-06,0.1666666667,1.7199419116301964
0.08,0.5,kappa_e,1e-06,0.25,1.811640711082742
0.08,0.5,kappa_e,1e-06,0.3333333333,1.8927317704101814
0.08,0.5,kappa_e,1e-06,0.4166666667,1.9634545365334835
0.08,0.5,kappa_e,1e-06,0.5,2.0245233771615645
0.08,0.5,kappa_e,1e-06,0.5833333333,2.076122078983725
0.08,0.5,kappa_e,1e-06,0.6666666667,2.1246648900563776
0.08,0.5,kappa_e,1e-06,0.75,2.162024956139581
0.08,0.5,kappa_e,1e-06,0.8333333333,2.194496755093873
0.08,0.5,kappa_e,1e-06,0.9166666667,2.2185634988183907
0.08,0.5,kappa_e,1e-06,1.0,2.2317349274603617
0.08,0.5,kappa_e,1e-06,1.0833333333,2.2362001659140622
0.08,0.5,kappa_e,1e-06,1.1666666667,2.2296875834772334
0.08,0.5,kappa_e,1e-06,1.2083333333,1.1667653674335556
0.08,0.5,kappa_e,1e-06,1.2083333333,1.2498008813398749
0.08,0.5,kappa_e,1e-06,1.2291666667,1.3083399408392273
0.08,0.5,kappa_e,1e-06,1.25,1.0972178979579517
0.08,0.5,kappa_e,1e-06,1.25,1.3525956851769432
0.08,0.5,kappa_e,1e-06,1.25,2.205149663750267
0.08,0.5,kappa_e,1e-06,1.2708333333,1.3949241883862837
0.08,0.5,kappa_e,1e-06,1.2916666667,1.437638803220121
0.08,0.5,kappa_e,1e-06,1.3125,1.4818471376856832
0.08,0.5,kappa_e,1e-06,1.3333333333,1.033798929389327
0.08,0.5,kappa_e,1e-06,1.3333333333,1.5286560341368647
0.08,0.5,kappa_e,1e-06,1.3333333333,2.149767124354345
0.08,0.5,kappa_e,1e-06,1.3541666667,1.5794274698056352
0.08,0.5,kappa_e,1e-06,1.4166666667,1.0072283888948714
0.08,0.5,kappa_e,1e-06,1.4166666667,1.8085027920741963
0.08,0.5,kappa_e,1e-06,1.4166666667,1.991540934178963
0.08,0.5,kappa_e,1e-06,1.5,0.9820372151345752
0.08,0.5,kappa_e,1e-06,1.5833333333,0.9578033250195073
0.08,0.5,kappa_e,1e-06,1.6666666667,0.9387746012373799
0.08,0.5,kappa_e,1e-06,1.75,0.920780347344198
0.08,0.5,kappa_e,1e-06,1.8333333333,0.9034658198409559
0.08,0.5,kappa_e,1e-06,1.9166666667,0.8865974511409634
0.08,0.5,kappa_e,1e-06,2.0,0.8649588515393483
0.08,0.5,kappa_e,1e-08,2.0,1.1624521652812037
0.08,0.5,kappa_e,1e-08,2.0,1.5876452655305318
