temperature,target_filling,field,branch_index,interaction_over_W,disorder_over_W,abs_dlog10R_dDelta
0.005,0.5,sigma,0,0.0,1.36,12.227643241434308
0.005,0.5,sigma,0,0.0416666667,1.4,10.100525180302554
0.005,0.5,sigma,0,0.0625,1.44,9.675255355421378
0.005,0.5,sigma,0,0.0833333333,1.46,9.513348159044334
0.005,0.5,sigma,0,0.1041666667,1.5,9.724072959789645
0.005,0.5,sigma,0,0.125,1.52,9.256710045276497
0.005,0.5,sigma,0,0.1458333334,1.54,9.59157364061948
0.005,0.5,sigma,0,0.1666666667,1.58,9.7092788847849
0.005,0.5,sigma,0,0.2291666667,1.64,9.676095182562143
0.005,0.5,sigma,0,0.25,1.66,9.13388965582893
0.005,0.5,sigma,1,0.25,2.24,1.5463602232500655
0.005,0.5,sigma,0,0.3333333333,0.16,0.003973985905511665
0.005,0.5,sigma,1,0.3333333333,1.76,8.181510644510608
0.005,0.5,sigma,0,0.4166666667,0.24,0.03309365127355127
0.005,0.5,sigma,1,0.4166666667,0.48,0.012090270656205292
0.005,0.5,sigma,2,0.4166666667,1.76,8.16812599691616
0.005,0.5,sigma,0,0.5,0.08,0.21993565585490527
0.005,0.5,sigma,1,0.5,0.32,0.02816697791794312
0.005,0.5,sigma,2,0.5,0.56,0.04565275412943101
0.005,0.5,sigma,3,0.5,1.84,8.44554276865483
0.005,0.5,sigma,0,0.5208333333,0.1,0.4829993055102476
0.005,0.5,sigma,0,0.5416666666,0.1,0.8625407068966361
0.005,0.5,sigma,0,0.5625,0.12,1.4213554487480276
0.005,0.5,sigma,0,0.5833333333,0.14,2.115134043582647
0.005,0.5,sigma,1,0.5833333333,0.34,2.04449365402421
0.005,0.5,sigma,2,0.5833333333,1.92,8.400540217098934
0.005,0.5,sigma,0,0.6041666666,0.16,2.8917520535012446
0.005,0.5,sigma,1,0.6041666666,0.36,3.2667139453828318
0.005,0.5,sigma,0,0.625,0.18,3.714440868693771
0.005,0.5,sigma,1,0.625,0.4,4.79542363623451
0.005,0.5,sigma,0,0.6458333334,0.22,4.644308361987536
0.005,0.5,sigma,1,0.6458333334,0.44,6.564642326649247
0.005,0.5,sigma,0,0.6666666667,0.24,5.84922765454791
0.005,0.5,sigma,1,0.6666666667,0.48,8.435284334483903
0.005,0.5,sigma,2,0.6666666667,2.0,7.7222665434918305
0.005,0.5,sigma,0,0.6875,0.28,7.432447707404712
0.005,0.5,sigma,1,0.6875,0.5,10.824130403961416
0.005,0.5,sigma,0,0.7083333334,0.32,9.231338785563512
0.005,0.5,sigma,1,0.7083333334,0.54,13.39630184582914
0.005,0.5,sigma,0,0.7291666667,0.36,10.915276600776753
0.005,0.5,sigma,1,0.7291666667,0.58,15.696664213673426
0.005,0.5,sigma,0,0.75,0.4,12.314828661511289
0.005,0.5,sigma,1,0.75,0.6,18.373146865473583
0.005,0.5,sigma,2,0.75,2.0,7.707030665305737
0.005,0.5,sigma,0,0.7708333333,0.44,13.418666148716376
0.005,0.5,sigma,1,0.7708333333,0.64,21.288462812586452
0.005,0.5,sigma,0,0.7916666666,0.46,14.27670662998365
0.005,0.5,sigma,1,0.7916666666,0.68,23.165864860438532
0.005,0.5,sigma,0,0.8125,0.5,15.11418190408677
0.005,0.5,sigma,1,0.8125,0.7,26.00140735043947
0.005,0.5,sigma,0,0.8333333333,0.54,15.710620542234032
0.005,0.5,sigma,1,0.8333333333,0.74,28.36841042997484
0.005,0.5,sigma,2,0.8333333333,2.0,7.452728709226653
0.005,0.5,sigma,0,0.8541666666,0.76,29.231036497948047
0.005,0.5,sigma,0,0.875,0.8,32.3044236382695
0.005,0.5,sigma,0,0.8958333334,0.84,31.87646549197457
0.005,0.5,sigma,0,0.9166666667,0.66,17.69983531453989
0.005,0.5,sigma,1,0.9166666667,0.86,34.90059242052803
0.005,0.5,sigma,2,0.9166666667,2.0,7.296085448326075
0.005,0.5,sigma,0,0.9375,0.9,33.73133541406743
0.005,0.5,sigma,0,0.9583333334,0.92,36.29966635059406
0.005,0.5,sigma,0,0.9791666667,0.94,34.38849436352318
0.005,0.5,sigma,0,1.0,0.8,16.066709622688762
0.005,0.5,sigma,1,1.0,0.98,36.21149201499172
0.005,0.5,sigma,2,1.0,2.08,6.727855881078996
0.005,0.5,sigma,0,1.0208333333,1.0,35.55062435629278
0.005,0.5,sigma,0,1.0416666667,1.04,33.814326439743645
0.005,0.5,sigma,0,1.0625,1.06,34.39600430020175
0.005,0.5,sigma,0,1.0833333333,0.88,19.235719288779848
0.005,0.5,sigma,1,1.0833333333,1.08,32.7561730984373
0.005,0.5,sigma,2,1.0833333333,2.08,6.434232850722214
0.005,0.5,sigma,0,1.1041666667,1.12,30.02668148290183
0.005,0.5,sigma,0,1.125,1.14,29.528389313167438
0.005,0.5,sigma,0,1.1458333333,1.16,27.51256792527196
0.005,0.5,sigma,0,1.1666666667,0.96,18.62262404033234
0.005,0.5,sigma,1,1.1666666667,1.18,24.62962007823583
0.005,0.5,sigma,2,1.1666666667,2.0,5.665930345831146
0.005,0.5,sigma,0,1.1875,1.22,22.275508352942616
0.005,0.5,sigma,0,1.2083333333,1.24,20.068511094724187
0.005,0.5,sigma,0,1.2291666667,1.26,17.68202789515074
0.005,0.5,sigma,0,1.25,1.04,19.006499518636765
0.005,0.5,sigma,1,1.25,1.28,15.4958834338143
0.005,0.5,sigma,2,1.25,2.0,4.946767375335021
0.005,0.5,sigma,0,1.2708333333,1.3,13.637206571603457
0.005,0.5,sigma,0,1.2916666667,1.32,12.097516311106418
0.005,0.5,sigma,0,1.3125,1.34,10.82492474155525
0.005,0.5,sigma,0,1.3333333333,1.12,18.722183220025507
0.005,0.5,sigma,1,1.3333333333,1.36,9.764877405917588
0.005,0.5,sigma,2,1.3333333333,2.0,3.48409065208741
0.005,0.5,sigma,0,1.375,1.4,8.109472213444988
0.005,0.5,sigma,0,1.3958333333,1.42,7.449633621402953
0.005,0.5,sigma,0,1.4166666667,1.2,18.049792012399955
0.005,0.5,sigma,1,1.4166666667,1.44,6.872143071300357
0.005,0.5,sigma,2,1.4166666667,2.08,2.121412926100735
0.005,0.5,sigma,0,1.5,1.36,19.56343391977242
0.005,0.5,sigma,1,1.5,1.6,3.732468702596318
0.005,0.5,sigma,0,1.5833333333,1.44,20.773218892523747
0.005,0.5,sigma,1,1.5833333333,1.68,2.8343683128258803
0.005,0.5,sigma,0,1.6666666667,1.52,21.565635687795528
0.005,0.5,sigma,1,1.6666666667,1.76,2.2403518285862276
0.005,0.5,sigma,0,1.75,1.6,21.986780090887926
0.005,0.5,sigma,1,1.75,1.84,1.8043121149611459
0.005,0.5,sigma,0,1.8333333333,1.68,22.126742074139575
0.005,0.5,sigma,0,1.9166666667,1.76,22.06334055733789
0.005,0.5,sigma,0,2.0,1.84,21.833082849280448
0.005,0.5,sigma,1,2.0,2.16,1.004386219003198
0.005,0.5,kappa_e,0,0.0,1.36,11.997488522188945
0.005,0.5,kappa_e,0,0.0416666667,1.4,9.83342857312416
0.005,0.5,kappa_e,0,0.0625,1.44,9.809841835636483
0.005,0.5,kappa_e,0,0.0833333333,1.48,9.716034946785236
0.005,0.5,kappa_e,0,0.1041666667,1.5,9.242181150118292
0.005,0.5,kappa_e,0,0.125,1.52,9.794188826200825
0.005,0.5,kappa_e,0,0.1458333334,1.56,9.389284969559188
0.005,0.5,kappa_e,0,0.1666666667,1.56,9.368756841257145
0.005,0.5,kappa_e,0,0.2083333334,1.62,9.215781141514803
0.005,0.5,kappa_e,0,0.2291666667,1.64,9.43827514577005
0.005,0.5,kappa_e,0,0.25,1.66,9.940881463084828
0.005,0.5,kappa_e,0,0.3333333333,0.16,0.003811466281758198
0.005,0.5,kappa_e,1,0.3333333333,1.76,8.652058770861668
0.005,0.5,kappa_e,0,0.4166666667,0.16,0.02834231610117111
0.005,0.5,kappa_e,1,0.4166666667,0.48,0.01248222843030377
0.005,0.5,kappa_e,2,0.4166666667,1.84,8.203059363229913
0.005,0.5,kappa_e,0,0.5,0.1,0.24437815391402767
0.005,0.5,kappa_e,1,0.5,0.56,0.046623836405715685
0.005,0.5,kappa_e,2,0.5,1.84,8.01991612927358
0.005,0.5,kappa_e,3,0.5,2.24,2.3590238086291926
0.005,0.5,kappa_e,0,0.5208333333,0.12,0.3775459446929894
0.005,0.5,kappa_e,0,0.5416666666,0.12,0.5258645217787132
0.005,0.5,kappa_e,0,0.5625,0.12,0.8144848539027683
0.005,0.5,kappa_e,0,0.5833333333,0.12,1.2611786773534395
0.005,0.5,kappa_e,1,0.5833333333,0.38,0.7574714971218497
0.005,0.5,kappa_e,2,0.5833333333,1.92,7.931871932946912
0.005,0.5,kappa_e,3,0.5833333333,2.32,2.441656225349597
0.005,0.5,kappa_e,0,0.6041666666,0.14,1.8372118578322887
0.005,0.5,kappa_e,1,0.6041666666,0.32,0.8307774003015957
0.005,0.5,kappa_e,2,0.6041666666,0.4,1.136416963865278
0.005,0.5,kappa_e,0,0.625,0.16,2.490246305041322
0.005,0.5,kappa_e,1,0.625,0.36,1.7488554689302163
0.005,0.5,kappa_e,2,0.625,0.44,1.5869950853329424
0.005,0.5,kappa_e,0,0.6458333334,0.18,3.1938814816865824
0.005,0.5,kappa_e,1,0.6458333334,0.38,2.8810735362661717
0.005,0.5,kappa_e,0,0.6666666667,0.2,3.93228520523715
0.005,0.5,kappa_e,1,0.6666666667,0.42,4.300616772170098
0.005,0.5,kappa_e,2,0.6666666667,1.92,8.068394348166544
0.005,0.5,kappa_e,0,0.6875,0.22,4.716724156076008
0.005,0.5,kappa_e,1,0.6875,0.46,5.873711854367247
0.005,0.5,kappa_e,0,0.7083333334,0.24,5.603503301923631
0.005,0.5,kappa_e,1,0.7083333334,0.5,7.5313632831914035
0.005,0.5,kappa_e,0,0.7291666667,0.26,6.721710949056586
0.005,0.5,kappa_e,1,0.7291666667,0.54,9.20754107811942
0.005,0.5,kappa_e,0,0.75,0.3,8.192574180581218
0.005,0.5,kappa_e,1,0.75,0.56,10.981877333859593
0.005,0.5,kappa_e,2,0.75,2.0,7.956014456307665
0.005,0.5,kappa_e,0,0.7708333333,0.6,12.926555388997201
0.005,0.5,kappa_e,0,0.7916666666,0.64,14.864301275031433
0.005,0.5,kappa_e,0,0.8125,0.68,16.767956279501
0.005,0.5,kappa_e,0,0.8333333333,0.44,13.391403070738583
0.005,0.5,kappa_e,1,0.8333333333,0.72,18.496297635137307
0.005,0.5,kappa_e,2,0.8333333333,2.0,7.734277347117596
0.005,0.5,kappa_e,0,0.8541666666,0.74,20.7647505562827
0.005,0.5,kappa_e,0,0.875,0.78,22.90666390721224
0.005,0.5,kappa_e,0,0.8958333334,0.82,24.378121772257067
0.005,0.5,kappa_e,0,0.9166666667,0.56,14.245569840287583
0.005,0.5,kappa_e,1,0.9166666667,0.84,26.279870421047214
0.005,0.5,kappa_e,2,0.9166666667,2.08,7.078584612433929
0.005,0.5,kappa_e,0,0.9375,0.88,27.968760734031505
0.005,0.5,kappa_e,0,0.9583333334,0.92,27.978012161875192
0.005,0.5,kappa_e,0,0.9791666667,0.94,29.906427325134196
0.005,0.5,kappa_e,0,1.0,0.72,15.049944037177447
0.005,0.5,kappa_e,1,1.0,0.98,29.44305129371059
0.005,0.5,kappa_e,2,1.0,2.0,6.804901413171708
0.005,0.5,kappa_e,0,1.0208333333,1.0,30.426271940809173
0.005,0.5,kappa_e,0,1.0416666667,1.04,29.026384585842386
0.005,0.5,kappa_e,0,1.0625,1.06,29.812576008100102
0.005,0.5,kappa_e,0,1.0833333333,0.8,16.864005265452207
0.005,0.5,kappa_e,1,1.0833333333,1.08,28.204029063061874
0.005,0.5,kappa_e,2,1.0833333333,2.0,6.101706296080247
0.005,0.5,kappa_e,0,1.1041666667,1.12,28.089080293390076
0.005,0.5,kappa_e,0,1.125,1.14,27.068628790822153
0.005,0.5,kappa_e,0,1.1458333333,1.18,24.79067161404204
0.005,0.5,kappa_e,0,1.1666666667,0.88,17.385561300088533
0.005,0.5,kappa_e,1,1.1666666667,1.2,24.190015799294194
0.005,0.5,kappa_e,2,1.1666666667,2.08,5.807564475895111
0.005,0.5,kappa_e,0,1.1875,1.22,22.251629503945722
0.005,0.5,kappa_e,0,1.2083333333,1.24,19.67800066041643
0.005,0.5,kappa_e,0,1.2291666667,1.28,17.95818797439835
0.005,0.5,kappa_e,0,1.25,0.96,16.944034503962563
0.005,0.5,kappa_e,1,1.25,1.3,15.910140739066449
0.005,0.5,kappa_e,2,1.25,2.0,4.838458598004024
0.005,0.5,kappa_e,0,1.2708333333,1.32,13.934172183491413
0.005,0.5,kappa_e,0,1.2916666667,1.34,12.22276693766311
0.005,0.5,kappa_e,0,1.3125,1.36,10.799653199760371
0.005,0.5,kappa_e,0,1.3333333333,1.12,17.603404068352393
0.005,0.5,kappa_e,1,1.3333333333,1.38,9.626761422583073
0.005,0.5,kappa_e,2,1.3333333333,2.0,3.586294243888288
0.005,0.5,kappa_e,0,1.3541666667,1.4,8.655094855290159
0.005,0.5,kappa_e,0,1.375,1.42,7.8407623453728235
0.005,0.5,kappa_e,0,1.3958333333,1.44,7.149409541084552
0.005,0.5,kappa_e,0,1.4166666667,1.2,18.9763600820498
0.005,0.5,kappa_e,1,1.4166666667,1.46,6.55583213028072
0.005,0.5,kappa_e,0,1.5,1.28,19.835277498333575
0.005,0.5,kappa_e,1,1.5,1.6,3.8796658437045117
0.005,0.5,kappa_e,2,1.5,2.16,1.3588182171987384
0.005,0.5,kappa_e,0,1.5833333333,1.36,20.202659223796754
0.005,0.5,kappa_e,1,1.5833333333,1.68,2.947679593987189
0.005,0.5,kappa_e,0,1.6666666667,1.44,20.165190896161604
0.005,0.5,kappa_e,1,1.6666666667,1.76,2.325490559979862
0.005,0.5,kappa_e,0,1.75,1.52,19.83561116345259
0.005,0.5,kappa_e,1,1.75,1.84,1.8620336733505205
0.005,0.5,kappa_e,0,1.8333333333,1.6,19.31265729902452
0.005,0.5,kappa_e,1,1.8333333333,1.92,1.4840834495907487
0.005,0.5,kappa_e,0,1.9166666667,1.76,18.937653242004497
0.005,0.5,kappa_e,1,1.9166666667,2.0,1.171358054745113
0.005,0.5,kappa_e,0,2.0,1.84,19.996053851108385
0.005,0.5,kappa_e,1,2.0,2.16,1.034623968648173
0.0075,0.5,sigma,0,0.0,1.36,12.15417082861076
0.0075,0.5,sigma,0,0.0416666667,1.4,10.015196111385698
0.0075,0.5,sigma,0,0.0625,1.44,9.717319164402
0.0075,0.5,sigma,0,0.0833333333,1.48,9.560425998412484
0.0075,0.5,sigma,0,0.1041666667,1.5,9.567486131576844
0.0075,0.5,sigma,0,0.125,1.52,9.42204879573614
0.0075,0.5,sigma,0,0.1458333334,1.56,9.512148585173799
0.0075,0.5,sigma,0,0.1666666667,1.58,9.58306339633338
0.0075,0.5,sigma,0,0.2291666667,1.64,9.600987365876442
0.0075,0.5,sigma,0,0.25,1.66,9.382992356913014
0.0075,0.5,sigma,0,0.3333333333,0.16,0.003911283703149651
0.0075,0.5,sigma,1,0.3333333333,1.76,8.324425860482872
0.0075,0.5,sigma,0,0.4166666667,0.24,0.030936350707803994
0.0075,0.5,sigma,1,0.4166666667,0.48,0.012241964832868012
0.0075,0.5,sigma,2,0.4166666667,1.84,8.168174741138843
0.0075,0.5,sigma,0,0.5,0.1,0.22248138607841506
0.0075,0.5,sigma,1,0.5,0.56,0.04602820608794311
0.0075,0.5,sigma,2,0.5,1.84,8.301005351346932
0.0075,0.5,sigma,0,0.5208333333,0.1,0.4197201099051589
0.0075,0.5,sigma,0,0.5416666666,0.12,0.6694615729347402
0.0075,0.5,sigma,0,0.5625,0.12,0.9997461259483071
0.0075,0.5,sigma,0,0.5833333333,0.14,1.4365894030526545
0.0075,0.5,sigma,1,0.5833333333,0.34,1.2921609056866714
0.0075,0.5,sigma,2,0.5833333333,1.92,8.239105552850942
0.0075,0.5,sigma,0,0.6041666666,0.16,1.9415067637567334
0.0075,0.5,sigma,1,0.6041666666,0.38,2.0241976483862087
0.0075,0.5,sigma,0,0.625,0.18,2.4866890259154566
0.0075,0.5,sigma,1,0.625,0.42,2.884969458060282
0.0075,0.5,sigma,0,0.6458333334,0.2,3.0520231007023035
0.0075,0.5,sigma,1,0.6458333334,0.46,3.8150372729029023
0.0075,0.5,sigma,0,0.6666666667,0.22,3.625464238099095
0.0075,0.5,sigma,1,0.6666666667,0.48,5.1111706528968295
0.0075,0.5,sigma,2,0.6666666667,1.92,7.742949790497571
0.0075,0.5,sigma,0,0.6875,0.24,4.207885146653615
0.0075,0.5,sigma,1,0.6875,0.52,6.477245182697828
0.0075,0.5,sigma,0,0.7083333334,0.26,4.820559556545689
0.0075,0.5,sigma,1,0.7083333334,0.54,7.8572414960678
0.0075,0.5,sigma,0,0.7291666667,0.28,5.506972131028412
0.0075,0.5,sigma,1,0.7291666667,0.58,9.714606064597811
0.0075,0.5,sigma,0,0.75,0.32,6.354897865697975
0.0075,0.5,sigma,1,0.75,0.62,11.337759145863341
0.0075,0.5,sigma,2,0.75,2.0,7.78442189847015
0.0075,0.5,sigma,0,0.7708333333,0.64,13.423877511846623
0.0075,0.5,sigma,0,0.7916666666,0.68,15.439880530190194
0.0075,0.5,sigma,0,0.8125,0.42,9.374852482101034
0.0075,0.5,sigma,1,0.8125,0.7,17.450041525695973
0.0075,0.5,sigma,0,0.8333333333,0.46,10.208629174695233
0.0075,0.5,sigma,1,0.8333333333,0.74,19.85802132034223
0.0075,0.5,sigma,2,0.8333333333,2.0,7.5407673204263155
0.0075,0.5,sigma,0,0.8541666666,0.76,21.63810439958301
0.0075,0.5,sigma,0,0.875,0.8,24.37774229824193
0.0075,0.5,sigma,0,0.8958333334,0.82,25.70630795862251
0.0075,0.5,sigma,0,0.9166666667,0.56,11.545623354272257
0.0075,0.5,sigma,1,0.9166666667,0.86,28.595620814814094
0.0075,0.5,sigma,2,0.9166666667,2.0,7.142941751541672
0.0075,0.5,sigma,0,0.9375,0.88,29.212125287527307
0.0075,0.5,sigma,0,0.9583333334,0.92,31.769525008225024
0.0075,0.5,sigma,0,0.9791666667,0.94,31.823700487417973
0.0075,0.5,sigma,0,1.0,0.72,12.7656035087778
0.0075,0.5,sigma,1,1.0,0.98,33.0458561102384
0.0075,0.5,sigma,2,1.0,2.08,6.7105983863472165
0.0075,0.5,sigma,0,1.0208333333,1.0,33.220150567286424
0.0075,0.5,sigma,0,1.0416666667,1.04,31.859701421059818
0.0075,0.5,sigma,0,1.0625,1.06,32.57178507079635
0.0075,0.5,sigma,0,1.0833333333,0.8,14.034408348756305
0.0075,0.5,sigma,1,1.0833333333,1.08,31.001968251736656
0.0075,0.5,sigma,2,1.0833333333,2.08,6.292492188477512
0.0075,0.5,sigma,0,1.1041666667,1.12,29.32388039518333
0.0075,0.5,sigma,0,1.125,1.14,28.651667777767514
0.0075,0.5,sigma,0,1.1458333333,1.16,26.482779845112624
0.0075,0.5,sigma,0,1.1666666667,0.88,14.579024139061591
0.0075,0.5,sigma,1,1.1666666667,1.2,23.818117160857497
0.0075,0.5,sigma,2,1.1666666667,2.0,5.6931270544146955
0.0075,0.5,sigma,0,1.1875,1.22,22.230842536607874
0.0075,0.5,sigma,0,1.2083333333,1.24,19.90829741769847
0.0075,0.5,sigma,0,1.2291666667,1.26,17.460761386586938
0.0075,0.5,sigma,0,1.25,0.96,14.509076128071056
0.0075,0.5,sigma,1,1.25,1.3,15.476101344580059
0.0075,0.5,sigma,2,1.25,2.0,4.911340563293773
0.0075,0.5,sigma,0,1.2708333333,1.32,13.570231371337698
0.0075,0.5,sigma,0,1.2916666667,1.34,11.894282753003068
0.0075,0.5,sigma,0,1.3125,1.34,10.565529205423857
0.0075,0.5,sigma,0,1.3333333333,1.12,15.533537676677483
0.0075,0.5,sigma,1,1.3333333333,1.36,9.504546984917354
0.0075,0.5,sigma,2,1.3333333333,2.0,3.5141362947621957
0.0075,0.5,sigma,0,1.375,1.4,7.845141084440243
0.0075,0.5,sigma,0,1.3958333333,1.42,7.1825571910564605
0.0075,0.5,sigma,0,1.4166666667,1.2,16.417375905715154
0.0075,0.5,sigma,1,1.4166666667,1.44,6.601950138181806
0.0075,0.5,sigma,2,1.4166666667,2.08,2.043861228065282
0.0075,0.5,sigma,0,1.5,1.28,17.006691688357687
0.0075,0.5,sigma,1,1.5,1.6,3.7801468159011726
0.0075,0.5,sigma,0,1.5833333333,1.36,17.319890399431173
0.0075,0.5,sigma,1,1.5833333333,1.68,2.8712053459141984
0.0075,0.5,sigma,0,1.6666666667,1.44,17.38566007764809
0.0075,0.5,sigma,1,1.6666666667,1.76,2.267794574165425
0.0075,0.5,sigma,0,1.75,1.52,17.24279562944779
0.0075,0.5,sigma,1,1.75,1.84,1.8225942384909537
0.0075,0.5,sigma,0,1.8333333333,1.6,16.935568428392457
0.0075,0.5,sigma,1,1.8333333333,1.92,1.4674648776741428
0.0075,0.5,sigma,0,1.9166666667,1.76,17.503677178325603
0.0075,0.5,sigma,0,2.0,1.84,18.14748320612228
0.0075,0.5,sigma,1,2.0,2.16,1.0151577399613814
0.0075,0.5,kappa_e,0,0.0,1.36,12.097090458116028
0.0075,0.5,kappa_e,0,0.0416666667,1.4,9.957332037805863
0.0075,0.5,kappa_e,0,0.0625,1.44,9.749453920915052
0.0075,0.5,kappa_e,0,0.0833333333,1.48,9.611367295535686
0.0075,0.5,kappa_e,0,0.1041666667,1.5,9.43799759070854
0.0075,0.5,kappa_e,0,0.125,1.52,9.568078742775446
0.0075,0.5,kappa_e,0,0.1458333334,1.56,9.451651896892525
0.0075,0.5,kappa_e,0,0.1666666667,1.58,9.466310872938053
0.0075,0.5,kappa_e,0,0.2291666667,1.64,9.52890639718121
0.0075,0.5,kappa_e,0,0.25,0.08,0.0003621600832473415
0.0075,0.5,kappa_e,1,0.25,1.66,9.638353344583287
0.0075,0.5,kappa_e,0,0.3333333333,0.16,0.003589174825522188
0.0075,0.5,kappa_e,1,0.3333333333,1.76,8.488180258630349
0.0075,0.5,kappa_e,0,0.4166666667,0.16,0.03154376166401459
0.0075,0.5,kappa_e,1,0.4166666667,0.48,0.013090477909640144
0.0075,0.5,kappa_e,2,0.4166666667,1.84,8.187049209426018
0.0075,0.5,kappa_e,0,0.5,0.12,0.23799673876816635
0.0075,0.5,kappa_e,1,0.5,0.56,0.04810642610296198
0.0075,0.5,kappa_e,2,0.5,1.84,8.140762082988934
0.0075,0.5,kappa_e,0,0.5208333333,0.14,0.33817800011285204
0.0075,0.5,kappa_e,0,0.5416666666,0.16,0.42967631683669383
0.0075,0.5,kappa_e,0,0.5625,0.14,0.5686242817147524
0.0075,0.5,kappa_e,0,0.5833333333,0.14,0.8023192921714195
0.0075,0.5,kappa_e,1,0.5833333333,0.4,0.49391414167637393
0.0075,0.5,kappa_e,2,0.5833333333,1.92,8.043761589803992
0.0075,0.5,kappa_e,0,0.6041666666,0.14,1.1178753850661254
0.0075,0.5,kappa_e,1,0.6041666666,0.42,0.7038007672440525
0.0075,0.5,kappa_e,0,0.625,0.16,1.5084764617486397
0.0075,0.5,kappa_e,1,0.625,0.36,0.4821983172083346
0.0075,0.5,kappa_e,2,0.625,0.46,0.9808612442909324
0.0075,0.5,kappa_e,0,0.6458333334,0.18,1.9428929323709783
0.0075,0.5,kappa_e,1,0.6458333334,0.4,1.0326760889191746
0.0075,0.5,kappa_e,0,0.6666666667,0.2,2.4059050398012047
0.0075,0.5,kappa_e,1,0.6666666667,0.42,1.7270980223136156
0.0075,0.5,kappa_e,2,0.6666666667,0.52,1.6698954122753857
0.0075,0.5,kappa_e,3,0.6666666667,1.92,7.932416792185798
0.0075,0.5,kappa_e,0,0.6875,0.22,2.887328375581527
0.0075,0.5,kappa_e,1,0.6875,0.46,2.5613369747725727
0.0075,0.5,kappa_e,2,0.6875,0.54,2.081476327748076
0.0075,0.5,kappa_e,0,0.7083333334,0.22,3.3813707314412422
0.0075,0.5,kappa_e,1,0.7083333334,0.5,3.472106898924185
0.0075,0.5,kappa_e,2,0.7083333334,0.58,2.591457349495638
0.0075,0.5,kappa_e,0,0.7291666667,0.24,3.8917527193489825
0.0075,0.5,kappa_e,1,0.7291666667,0.52,4.432489413573045
0.0075,0.5,kappa_e,0,0.75,0.26,4.407215498415573
0.0075,0.5,kappa_e,1,0.75,0.56,5.568350295517185
0.0075,0.5,kappa_e,2,0.75,2.0,7.88146394403368
0.0075,0.5,kappa_e,0,0.7708333333,0.6,6.744409296666447
0.0075,0.5,kappa_e,0,0.7916666666,0.64,7.949300205826358
0.0075,0.5,kappa_e,0,0.8125,0.66,9.244240487570345
0.0075,0.5,kappa_e,0,0.8333333333,0.32,6.490861436352203
0.0075,0.5,kappa_e,1,0.8333333333,0.7,10.754495632127025
0.0075,0.5,kappa_e,2,0.8333333333,2.0,7.663049782382124
0.0075,0.5,kappa_e,0,0.8541666666,0.74,12.344277595390928
0.0075,0.5,kappa_e,0,0.875,0.78,13.92371046592126
0.0075,0.5,kappa_e,0,0.8958333334,0.8,15.885110436602403
0.0075,0.5,kappa_e,0,0.9166666667,0.48,9.621689468730937
0.0075,0.5,kappa_e,1,0.9166666667,0.84,17.88113637409863
0.0075,0.5,kappa_e,2,0.9166666667,2.0,6.969246045011692
0.0075,0.5,kappa_e,0,0.9375,0.88,19.485558476982284
0.0075,0.5,kappa_e,0,0.9583333334,0.9,21.5867741719777
0.0075,0.5,kappa_e,0,0.9791666667,0.94,23.19727198286207
0.0075,0.5,kappa_e,0,1.0,0.56,11.130857114640886
0.0075,0.5,kappa_e,1,1.0,0.98,23.81273730260203
0.0075,0.5,kappa_e,2,1.0,2.0,6.704682168536065
0.0075,0.5,kappa_e,0,1.0208333333,1.0,25.447307441399104
0.0075,0.5,kappa_e,0,1.0416666667,1.04,25.55752419249182
0.0075,0.5,kappa_e,0,1.0625,1.06,26.302228837272743
0.0075,0.5,kappa_e,0,1.0833333333,0.72,12.276931404741745
0.0075,0.5,kappa_e,1,1.0833333333,1.1,25.621951181450378
0.0075,0.5,kappa_e,2,1.0833333333,2.0,6.161434927415106
0.0075,0.5,kappa_e,0,1.1041666667,1.12,26.125860606175777
0.0075,0.5,kappa_e,0,1.125,1.14,24.632162212499374
0.0075,0.5,kappa_e,0,1.1458333333,1.18,24.44950539648648
0.0075,0.5,kappa_e,0,1.1666666667,0.8,13.241834843961763
0.0075,0.5,kappa_e,1,1.1666666667,1.2,23.235441514130464
0.0075,0.5,kappa_e,2,1.1666666667,2.0,5.714997069632817
0.0075,0.5,kappa_e,0,1.1875,1.24,20.983502163659956
0.0075,0.5,kappa_e,0,1.2083333333,1.26,19.858838192329564
0.0075,0.5,kappa_e,0,1.2291666667,1.28,17.85169652927815
0.0075,0.5,kappa_e,0,1.25,0.88,13.683107322603648
0.0075,0.5,kappa_e,1,1.25,1.32,15.742198122206482
0.0075,0.5,kappa_e,2,1.25,2.0,4.8623858477605975
0.0075,0.5,kappa_e,0,1.2708333333,1.34,14.011827162596617
0.0075,0.5,kappa_e,0,1.2916666667,1.36,12.285692678986848
0.0075,0.5,kappa_e,0,1.3125,1.38,10.772951654641233
0.0075,0.5,kappa_e,0,1.3333333333,1.04,13.831904307445411
0.0075,0.5,kappa_e,1,1.3333333333,1.4,9.511787893060955
0.0075,0.5,kappa_e,2,1.3333333333,2.0,3.508996726299964
0.0075,0.5,kappa_e,0,1.3541666667,1.42,8.47329298038646
0.0075,0.5,kappa_e,0,1.375,1.44,7.615705234258741
0.0075,0.5,kappa_e,0,1.3958333333,1.46,6.90030011132562
0.0075,0.5,kappa_e,0,1.4166666667,1.12,14.653373290955168
0.0075,0.5,kappa_e,1,1.4166666667,1.48,6.295525532614022
0.0075,0.5,kappa_e,2,1.4166666667,2.16,1.9601934881643892
0.0075,0.5,kappa_e,0,1.5,1.2,15.266030034850104
0.0075,0.5,kappa_e,1,1.5,1.6,3.8920230245742857
0.0075,0.5,kappa_e,2,1.5,2.24,1.3173372233445484
0.0075,0.5,kappa_e,0,1.5833333333,1.28,15.670577443193672
0.0075,0.5,kappa_e,1,1.5833333333,1.68,2.9502520410234077
0.0075,0.5,kappa_e,0,1.6666666667,1.36,15.870135491720257
0.0075,0.5,kappa_e,1,1.6666666667,1.76,2.31540474351927
0.0075,0.5,kappa_e,0,1.75,1.44,15.87605831879674
0.0075,0.5,kappa_e,1,1.75,1.84,1.8422005049049375
0.0075,0.5,kappa_e,0,1.8333333333,1.52,15.710669196700154
0.0075,0.5,kappa_e,1,1.8333333333,1.92,1.463007292283578
0.0075,0.5,kappa_e,0,1.9166666667,1.68,16.00091266583449
0.0075,0.5,kappa_e,1,1.9166666667,2.08,1.1842029494182995
0.0075,0.5,kappa_e,0,2.0,1.76,16.487636060287777
0.0075,0.5,kappa_e,1,2.0,2.16,1.0596949649906193
0.01,0.5,sigma,0,0.0,1.36,12.138943408918479
0.01,0.5,sigma,0,0.0416666667,1.4,9.999357163322024
0.01,0.5,sigma,0,0.0625,1.44,9.725985770675628
0.01,0.5,sigma,0,0.0833333333,1.48,9.574361895139212
0.01,0.5,sigma,0,0.1041666667,1.5,9.53248546797846
0.01,0.5,sigma,0,0.125,1.52,9.460894900991393
0.01,0.5,sigma,0,0.1458333334,1.56,9.496061849717222
0.01,0.5,sigma,0,0.1666666667,1.58,9.551856577264438
0.01,0.5,sigma,0,0.2291666667,1.64,9.581803120855028
0.01,0.5,sigma,0,0.25,1.66,9.450270423601012
0.01,0.5,sigma,0,0.3333333333,0.16,0.003831696350955919
0.01,0.5,sigma,1,0.3333333333,1.76,8.367018749185307
0.01,0.5,sigma,0,0.4166666667,0.24,0.02882424467456731
0.01,0.5,sigma,1,0.4166666667,0.48,0.012446645037130409
0.01,0.5,sigma,2,0.4166666667,1.84,8.173278179504159
0.01,0.5,sigma,0,0.5,0.1,0.22458382963952436
0.01,0.5,sigma,1,0.5,0.56,0.04653027506540941
0.01,0.5,sigma,2,0.5,1.84,8.257677278494505
0.01,0.5,sigma,0,0.5208333333,0.12,0.3860769381840623
0.01,0.5,sigma,0,0.5416666666,0.14,0.5669115388914012
0.01,0.5,sigma,0,0.5625,0.14,0.8076792516428859
0.01,0.5,sigma,0,0.5833333333,0.16,1.1038454632309356
0.01,0.5,sigma,1,0.5833333333,0.36,0.9038042762301273
0.01,0.5,sigma,2,0.5833333333,1.92,8.186460059229477
0.01,0.5,sigma,0,0.6041666666,0.16,1.4635357807395626
0.01,0.5,sigma,1,0.6041666666,0.4,1.3761679443650605
0.01,0.5,sigma,0,0.625,0.18,1.8639058601189307
0.01,0.5,sigma,1,0.625,0.42,2.0211583310674515
0.01,0.5,sigma,0,0.6458333334,0.2,2.2886518737005304
0.01,0.5,sigma,1,0.6458333334,0.46,2.762458891081402
0.01,0.5,sigma,0,0.6666666667,0.22,2.725418666176628
0.01,0.5,sigma,1,0.6666666667,0.5,3.533766171845512
0.01,0.5,sigma,2,0.6666666667,1.92,7.791422797300925
0.01,0.5,sigma,0,0.6875,0.24,3.164895514208583
0.01,0.5,sigma,1,0.6875,0.52,4.492703739308373
0.01,0.5,sigma,0,0.7083333334,0.26,3.6026784662339963
0.01,0.5,sigma,1,0.7083333334,0.56,5.592234185627431
0.01,0.5,sigma,0,0.7291666667,0.28,4.038180668466801
0.01,0.5,sigma,1,0.7291666667,0.58,6.622338850555002
0.01,0.5,sigma,0,0.75,0.3,4.474041525603333
0.01,0.5,sigma,1,0.75,0.62,8.086021044995972
0.01,0.5,sigma,2,0.75,2.0,7.809702471750969
0.01,0.5,sigma,0,0.7708333333,0.66,9.279822382903912
0.01,0.5,sigma,0,0.7916666666,0.68,11.068607951246285
0.01,0.5,sigma,0,0.8125,0.72,12.471559046332992
0.01,0.5,sigma,0,0.8333333333,0.4,6.4603776591446405
0.01,0.5,sigma,1,0.8333333333,0.74,14.561616957094813
0.01,0.5,sigma,2,0.8333333333,2.0,7.572170665120538
0.01,0.5,sigma,0,0.8541666666,0.78,16.092790629933276
0.01,0.5,sigma,0,0.875,0.8,18.587391517923397
0.01,0.5,sigma,0,0.8958333334,0.82,20.03075262786858
0.01,0.5,sigma,0,0.9166666667,0.48,8.468365812078183
0.01,0.5,sigma,1,0.9166666667,0.86,23.023416155534054
0.01,0.5,sigma,2,0.9166666667,2.0,7.096077836225733
0.01,0.5,sigma,0,0.9375,0.88,24.4537732460114
0.01,0.5,sigma,0,0.9583333334,0.92,27.233213696667626
0.01,0.5,sigma,0,0.9791666667,0.94,28.34047108030603
0.01,0.5,sigma,0,1.0,0.64,10.023949735180228
0.01,0.5,sigma,1,1.0,0.98,29.935661159392637
0.01,0.5,sigma,2,1.0,2.08,6.7030836494876365
0.01,0.5,sigma,0,1.0208333333,1.0,30.696110880217
0.01,0.5,sigma,0,1.0416666667,1.04,30.08247288372919
0.01,0.5,sigma,0,1.0625,1.06,30.869785783630697
0.01,0.5,sigma,0,1.0833333333,0.72,10.892723581047235
0.01,0.5,sigma,1,1.0833333333,1.08,29.352582904356744
0.01,0.5,sigma,2,1.0833333333,2.08,6.245325518183156
0.01,0.5,sigma,0,1.1041666667,1.12,28.588959629076605
0.01,0.5,sigma,0,1.125,1.14,27.75127542291701
0.01,0.5,sigma,0,1.1458333333,1.16,25.455410051782884
0.01,0.5,sigma,0,1.1666666667,0.88,11.36887800522296
0.01,0.5,sigma,1,1.1666666667,1.2,23.714531391343506
0.01,0.5,sigma,2,1.1666666667,2.0,5.699107522102256
0.01,0.5,sigma,0,1.1875,1.22,21.968583512261873
0.01,0.5,sigma,0,1.2083333333,1.24,19.549539302043975
0.01,0.5,sigma,0,1.2291666667,1.28,17.487957828988115
0.01,0.5,sigma,0,1.25,0.96,12.195522315624764
0.01,0.5,sigma,1,1.25,1.3,15.51003486653849
0.01,0.5,sigma,2,1.25,2.0,4.898820149774368
0.01,0.5,sigma,0,1.2708333333,1.32,13.574280324067033
0.01,0.5,sigma,0,1.2916666667,1.34,11.885606974115362
0.01,0.5,sigma,0,1.3125,1.36,10.47774945951744
0.01,0.5,sigma,0,1.3333333333,1.04,12.804758982567737
0.01,0.5,sigma,1,1.3333333333,1.38,9.3173438646958
0.01,0.5,sigma,2,1.3333333333,2.0,3.5139772456634883
0.01,0.5,sigma,0,1.3541666667,1.4,8.35774850462684
0.01,0.5,sigma,0,1.375,1.42,7.55565687764944
0.01,0.5,sigma,0,1.3958333333,1.44,6.8761148610164184
0.01,0.5,sigma,0,1.4166666667,1.12,13.219471689209412
0.01,0.5,sigma,1,1.4166666667,1.46,6.294092790155176
0.01,0.5,sigma,2,1.4166666667,2.08,2.0182808398963736
0.01,0.5,sigma,0,1.5,1.2,13.453576966088274
0.01,0.5,sigma,1,1.5,1.6,3.806043708314224
0.01,0.5,sigma,2,1.5,2.32,1.3437344355804122
0.01,0.5,sigma,0,1.5833333333,1.28,13.521034619960394
0.01,0.5,sigma,1,1.5833333333,1.68,2.889866791169837
0.01,0.5,sigma,0,1.6666666667,1.44,13.926023272283096
0.01,0.5,sigma,1,1.6666666667,1.76,2.2792562217193044
0.01,0.5,sigma,0,1.75,1.52,14.36738458352826
0.01,0.5,sigma,1,1.75,1.84,1.827489747913713
0.01,0.5,sigma,0,1.8333333333,1.6,14.724883892277447
0.01,0.5,sigma,1,1.8333333333,1.92,1.4665871491230185
0.01,0.5,sigma,0,1.9166666667,1.68,15.00539232010237
0.01,0.5,sigma,0,2.0,1.76,15.21363845956227
0.01,0.5,sigma,1,2.0,2.16,1.025341470137601
0.01,0.5,kappa_e,0,0.0,1.36,12.11421722388043
0.01,0.5,kappa_e,0,0.0416666667,1.4,9.993552788381592
0.01,0.5,kappa_e,0,0.0625,1.44,9.729543309174069
0.01,0.5,kappa_e,0,0.0833333333,1.46,9.571287448570537
0.01,0.5,kappa_e,0,0.1041666667,1.5,9.499653493251085
0.01,0.5,kappa_e,0,0.125,1.52,9.493378751613726
0.01,0.5,kappa_e,0,0.1458333334,1.56,9.46653328618913
0.01,0.5,kappa_e,0,0.1666666667,1.58,9.516547742513765
0.01,0.5,kappa_e,0,0.2291666667,1.64,9.562829063191586
0.01,0.5,kappa_e,0,0.25,0.08,0.0006741205642320274
0.01,0.5,kappa_e,1,0.25,1.66,9.513129998283993
0.01,0.5,kappa_e,0,0.3333333333,0.08,0.003479613894435122
0.01,0.5,kappa_e,1,0.3333333333,0.32,0.0028912987692147753
0.01,0.5,kappa_e,2,0.3333333333,1.76,8.40358536607516
0.01,0.5,kappa_e,0,0.4166666667,0.16,0.03539998423458664
0.01,0.5,kappa_e,1,0.4166666667,0.48,0.013877806793550211
0.01,0.5,kappa_e,2,0.4166666667,1.84,8.163040986983262
0.01,0.5,kappa_e,0,0.5,0.14,0.22888122061135535
0.01,0.5,kappa_e,1,0.5,0.56,0.04999046293182596
0.01,0.5,kappa_e,2,0.5,1.84,8.2170573434137
0.01,0.5,kappa_e,0,0.5208333333,0.16,0.3105880130964239
0.01,0.5,kappa_e,0,0.5416666666,0.18,0.3867149726230924
0.01,0.5,kappa_e,0,0.5625,0.16,0.4675953889453184
0.01,0.5,kappa_e,0,0.5833333333,0.16,0.6038457131621289
0.01,0.5,kappa_e,1,0.5833333333,0.42,0.37085201759821107
0.01,0.5,kappa_e,2,0.5833333333,1.92,8.11900336837618
0.01,0.5,kappa_e,0,0.6041666666,0.16,0.8049826943960314
0.01,0.5,kappa_e,1,0.6041666666,0.46,0.5225655144441519
0.01,0.5,kappa_e,0,0.625,0.16,1.0552210979890435
0.01,0.5,kappa_e,0,0.6458333334,0.18,1.353802548940489
0.01,0.5,kappa_e,0,0.6666666667,0.2,1.6798789071679714
0.01,0.5,kappa_e,1,0.6666666667,0.44,0.7299678579696849
0.01,0.5,kappa_e,2,0.6666666667,0.54,1.1808875193169586
0.01,0.5,kappa_e,3,0.6666666667,1.92,7.85734558449297
0.01,0.5,kappa_e,0,0.6875,0.22,2.025710482633918
0.01,0.5,kappa_e,1,0.6875,0.46,1.217408377976465
0.01,0.5,kappa_e,2,0.6875,0.56,1.4810910403744586
0.01,0.5,kappa_e,0,0.7083333334,0.22,2.385660178529884
0.01,0.5,kappa_e,1,0.7083333334,0.5,1.7879466712900758
0.01,0.5,kappa_e,2,0.7083333334,0.6,1.8081382338238994
0.01,0.5,kappa_e,0,0.7291666667,0.24,2.7619870394385426
0.01,0.5,kappa_e,1,0.7291666667,0.54,2.4057093758902752
0.01,0.5,kappa_e,2,0.7291666667,0.62,2.219533550103165
0.01,0.5,kappa_e,0,0.75,0.26,3.1428912155084348
0.01,0.5,kappa_e,1,0.75,0.56,3.1313366073096702
0.01,0.5,kappa_e,2,0.75,0.64,2.6376199537350296
0.01,0.5,kappa_e,3,0.75,2.0,7.825814644954962
0.01,0.5,kappa_e,0,0.7708333333,0.6,3.9187804332828478
0.01,0.5,kappa_e,1,0.7708333333,0.68,3.1834291672633643
0.01,0.5,kappa_e,0,0.7916666666,0.64,4.748622897889561
0.01,0.5,kappa_e,0,0.8125,0.66,5.6627035420234755
0.01,0.5,kappa_e,0,0.8333333333,0.32,4.552121850299268
0.01,0.5,kappa_e,1,0.8333333333,0.7,6.735690766678857
0.01,0.5,kappa_e,2,0.8333333333,2.0,7.614997472086614
0.01,0.5,kappa_e,0,0.8541666666,0.74,7.906833949492011
0.01,0.5,kappa_e,0,0.875,0.78,9.156970404207716
0.01,0.5,kappa_e,0,0.8958333334,0.8,10.707498999619766
0.01,0.5,kappa_e,0,0.9166666667,0.4,6.194650912080563
0.01,0.5,kappa_e,1,0.9166666667,0.84,12.429717870173057
0.01,0.5,kappa_e,2,0.9166666667,2.0,7.049866920487743
0.01,0.5,kappa_e,0,0.9375,0.88,14.113957059047053
0.01,0.5,kappa_e,0,0.9583333334,0.9,16.217067998499076
0.01,0.5,kappa_e,0,0.9791666667,0.94,18.200845053542174
0.01,0.5,kappa_e,0,1.0,0.48,7.958934103751395
0.01,0.5,kappa_e,1,1.0,0.98,19.74027522883354
0.01,0.5,kappa_e,2,1.0,2.08,6.66727737001251
0.01,0.5,kappa_e,0,1.0208333333,1.0,21.564661297732528
0.01,0.5,kappa_e,0,1.0416666667,1.04,22.764474772516813
0.01,0.5,kappa_e,0,1.0625,1.06,23.438871102611706
0.01,0.5,kappa_e,0,1.0833333333,0.64,9.089192877980873
0.01,0.5,kappa_e,1,1.0833333333,1.1,24.05448191620802
0.01,0.5,kappa_e,2,1.0833333333,2.0,6.190042834047505
0.01,0.5,kappa_e,0,1.1041666667,1.12,24.135160721102054
0.01,0.5,kappa_e,0,1.125,1.16,23.504932882008845
0.01,0.5,kappa_e,0,1.1458333333,1.18,23.457106459777698
0.01,0.5,kappa_e,0,1.1666666667,0.72,9.998346203214837
0.01,0.5,kappa_e,1,1.1666666667,1.2,21.743815903951685
0.01,0.5,kappa_e,2,1.1666666667,2.0,5.6953392191169705
0.01,0.5,kappa_e,0,1.1875,1.24,20.93388811225259
0.01,0.5,kappa_e,0,1.2083333333,1.26,19.361086691823857
0.01,0.5,kappa_e,0,1.2291666667,1.3,17.3508626857669
0.01,0.5,kappa_e,0,1.25,0.8,10.659271856062922
0.01,0.5,kappa_e,1,1.25,1.32,15.794265556367982
0.01,0.5,kappa_e,2,1.25,2.0,4.853613636592593
0.01,0.5,kappa_e,0,1.2708333333,1.34,13.902823215921472
0.01,0.5,kappa_e,0,1.2916666667,1.38,12.182988083404851
0.01,0.5,kappa_e,0,1.3125,1.4,10.700746260520532
0.01,0.5,kappa_e,0,1.3333333333,0.88,11.05785844507809
0.01,0.5,kappa_e,1,1.3333333333,1.42,9.399068994359183
0.01,0.5,kappa_e,2,1.3333333333,2.0,3.451356503949029
0.01,0.5,kappa_e,0,1.3541666667,1.44,8.312917930811693
0.01,0.5,kappa_e,0,1.375,1.46,7.418421204956033
0.01,0.5,kappa_e,0,1.3958333333,1.46,6.687978125443038
0.01,0.5,kappa_e,0,1.4166666667,1.04,11.427871712383435
0.01,0.5,kappa_e,1,1.4166666667,1.48,6.0844894276441295
0.01,0.5,kappa_e,2,1.4166666667,2.16,1.96067570843638
0.01,0.5,kappa_e,0,1.5,1.12,11.918521929712272
0.01,0.5,kappa_e,1,1.5,1.6,3.8318649380999297
0.01,0.5,kappa_e,2,1.5,2.32,1.3048940770204709
0.01,0.5,kappa_e,0,1.5833333333,1.2,12.30033890672779
0.01,0.5,kappa_e,1,1.5833333333,1.68,2.8953852719240416
0.01,0.5,kappa_e,0,1.6666666667,1.28,12.576876715069666
0.01,0.5,kappa_e,1,1.6666666667,1.76,2.263258527547979
0.01,0.5,kappa_e,0,1.75,1.36,12.750535875247413
0.01,0.5,kappa_e,1,1.75,1.84,1.792659418350258
0.01,0.5,kappa_e,0,1.8333333333,1.44,12.824353073384373
0.01,0.5,kappa_e,1,1.8333333333,1.92,1.417483879699386
0.01,0.5,kappa_e,0,1.9166666667,1.6,12.886336435651767
0.01,0.5,kappa_e,1,1.9166666667,2.08,1.2250296070050553
0.01,0.5,kappa_e,0,2.0,1.68,13.18762027869639
0.01,0.5,kappa_e,1,2.0,2.16,1.0909688525158572
0.015,0.5,sigma,0,0.0,1.36,12.13010974308176
0.015,0.5,sigma,0,0.0416666667,1.4,9.997909648081695
0.015,0.5,sigma,0,0.0625,1.44,9.726561634233484
0.015,0.5,sigma,0,0.0833333333,1.48,9.571850990709805
0.015,0.5,sigma,0,0.1041666667,1.5,9.522130459688274
0.015,0.5,sigma,0,0.125,1.52,9.470352137770014
0.015,0.5,sigma,0,0.1458333334,1.56,9.48567289773882
0.015,0.5,sigma,0,0.1666666667,1.58,9.540450789489334
0.015,0.5,sigma,0,0.2291666667,1.64,9.575879444903102
0.015,0.5,sigma,0,0.25,0.08,0.0003417353362739453
0.015,0.5,sigma,1,0.25,1.66,9.46869308728347
0.015,0.5,sigma,0,0.3333333333,0.16,0.0036294524240271797
0.015,0.5,sigma,1,0.3333333333,1.76,8.376978198823185
0.015,0.5,sigma,0,0.4166666667,0.16,0.030961172101699637
0.015,0.5,sigma,1,0.4166666667,0.48,0.012986247235233853
0.015,0.5,sigma,2,0.4166666667,1.84,8.168493144909943
0.015,0.5,sigma,0,0.5,0.12,0.21821652564961602
0.015,0.5,sigma,1,0.5,0.56,0.04783462187850532
0.015,0.5,sigma,2,0.5,1.84,8.246040816272059
0.015,0.5,sigma,0,0.5208333333,0.14,0.33769117238516977
0.015,0.5,sigma,0,0.5416666666,0.16,0.46593664557893133
0.015,0.5,sigma,0,0.5625,0.16,0.613812695663372
0.015,0.5,sigma,0,0.5833333333,0.16,0.7926925928438942
0.015,0.5,sigma,1,0.5833333333,0.38,0.5491734240184196
0.015,0.5,sigma,2,0.5833333333,1.92,8.165325527309117
0.015,0.5,sigma,0,0.6041666666,0.18,1.0097254696451565
0.015,0.5,sigma,1,0.6041666666,0.42,0.8328452750788893
0.015,0.5,sigma,0,0.625,0.2,1.25208152247055
0.015,0.5,sigma,1,0.625,0.44,1.2202005449704272
0.015,0.5,sigma,0,0.6458333334,0.2,1.5209887971815492
0.015,0.5,sigma,0,0.6666666667,0.22,1.81023387026692
0.015,0.5,sigma,1,0.6666666667,0.5,2.162127144094357
0.015,0.5,sigma,2,0.6666666667,1.92,7.811933487485231
0.015,0.5,sigma,0,0.6875,0.24,2.1096810833502824
0.015,0.5,sigma,1,0.6875,0.54,2.7633622032325835
0.015,0.5,sigma,0,0.7083333334,0.26,2.415060630277031
0.015,0.5,sigma,1,0.7083333334,0.58,3.314992713662299
0.015,0.5,sigma,0,0.7291666667,0.28,2.7230755104289646
0.015,0.5,sigma,1,0.7291666667,0.6,4.158178626097959
0.015,0.5,sigma,0,0.75,0.3,3.0309833418041148
0.015,0.5,sigma,1,0.75,0.64,4.887416976038255
0.015,0.5,sigma,2,0.75,2.0,7.813129248428375
0.015,0.5,sigma,0,0.7708333333,0.66,5.869845988061153
0.015,0.5,sigma,0,0.7916666666,0.7,6.780124647877374
0.015,0.5,sigma,0,0.8125,0.72,8.006566717306928
0.015,0.5,sigma,0,0.8333333333,0.4,4.200604840242278
0.015,0.5,sigma,1,0.8333333333,0.76,9.04926872475852
0.015,0.5,sigma,2,0.8333333333,2.0,7.585231319519931
0.015,0.5,sigma,0,0.8541666666,0.78,10.67384660359182
0.015,0.5,sigma,0,0.875,0.8,11.97282756472913
0.015,0.5,sigma,0,0.8958333334,0.84,13.964174279390893
0.015,0.5,sigma,0,0.9166666667,0.48,5.404899417664433
0.015,0.5,sigma,1,0.9166666667,0.86,15.852603601704864
0.015,0.5,sigma,2,0.9166666667,2.0,7.082703293374877
0.015,0.5,sigma,0,0.9375,0.9,17.812280462888726
0.015,0.5,sigma,0,0.9583333334,0.92,20.477711996160114
0.015,0.5,sigma,0,0.9791666667,0.94,22.02970897860579
0.015,0.5,sigma,0,1.0,0.56,6.600826199027008
0.015,0.5,sigma,1,1.0,0.98,24.82632659495421
0.015,0.5,sigma,2,1.0,2.08,6.68955262292187
0.015,0.5,sigma,0,1.0208333333,1.0,26.145436535076428
0.015,0.5,sigma,0,1.0416666667,1.04,27.077683491527537
0.015,0.5,sigma,0,1.0625,1.06,27.937780666428083
0.015,0.5,sigma,0,1.0833333333,0.64,7.1354009826123015
0.015,0.5,sigma,1,1.0833333333,1.08,26.51760152072181
0.015,0.5,sigma,2,1.0833333333,2.08,6.218958334767148
0.015,0.5,sigma,0,1.1041666667,1.12,27.12813091990659
0.015,0.5,sigma,0,1.125,1.14,26.029021673852228
0.015,0.5,sigma,0,1.1458333333,1.18,23.92406988196911
0.015,0.5,sigma,0,1.1666666667,0.72,7.6734716850187255
0.015,0.5,sigma,1,1.1666666667,1.2,23.144943419765617
0.015,0.5,sigma,2,1.1666666667,2.0,5.697028364535868
0.015,0.5,sigma,0,1.1875,1.22,21.155378027215612
0.015,0.5,sigma,0,1.2083333333,1.26,19.093290638883282
0.015,0.5,sigma,0,1.2291666667,1.28,17.346483069474466
0.015,0.5,sigma,0,1.25,0.8,8.16689207675344
0.015,0.5,sigma,1,1.25,1.3,15.26942674786217
0.015,0.5,sigma,2,1.25,2.0,4.882305188046669
0.015,0.5,sigma,0,1.2708333333,1.34,13.550756469793015
0.015,0.5,sigma,0,1.2916666667,1.36,11.888283645583726
0.015,0.5,sigma,0,1.3125,1.38,10.4060826360584
0.015,0.5,sigma,0,1.3333333333,0.96,8.559440109509953
0.015,0.5,sigma,1,1.3333333333,1.4,9.161761357453116
0.015,0.5,sigma,2,1.3333333333,2.0,3.49041800192861
0.015,0.5,sigma,0,1.3541666667,1.42,8.134854348138447
0.015,0.5,sigma,0,1.375,1.42,7.290153435723582
0.015,0.5,sigma,0,1.3958333333,1.44,6.617162213803994
0.015,0.5,sigma,0,1.4166666667,1.04,8.965421829721212
0.015,0.5,sigma,1,1.4166666667,1.46,6.04053330892566
0.015,0.5,sigma,2,1.4166666667,2.08,1.9956812786302613
0.015,0.5,sigma,0,1.5,1.12,9.30222288356179
0.015,0.5,sigma,1,1.5,1.6,3.806326964523901
0.015,0.5,sigma,2,1.5,2.32,1.33030908682748
0.015,0.5,sigma,0,1.5833333333,1.2,9.578649692178148
0.015,0.5,sigma,1,1.5833333333,1.68,2.885033721551814
0.015,0.5,sigma,0,1.6666666667,1.28,9.801696317019392
0.015,0.5,sigma,1,1.6666666667,1.76,2.268428597818165
0.015,0.5,sigma,0,1.75,1.36,9.976516024821194
0.015,0.5,sigma,1,1.75,1.84,1.8112880374881009
0.015,0.5,sigma,0,1.8333333333,1.44,10.107051968998842
0.015,0.5,sigma,1,1.8333333333,1.92,1.446391376084783
0.015,0.5,sigma,0,1.9166666667,1.6,10.303896760399434
0.015,0.5,sigma,1,1.9166666667,2.08,1.1726835710091663
0.015,0.5,sigma,0,2.0,1.68,10.49034792948956
0.015,0.5,sigma,1,2.0,2.16,1.0460685021686658
0.015,0.5,kappa_e,0,0.0,1.36,12.082629080276831
0.015,0.5,kappa_e,0,0.0416666667,1.4,10.002102932133852
0.015,0.5,kappa_e,0,0.0625,1.44,9.713261846118591
0.015,0.5,kappa_e,0,0.0833333333,1.46,9.579050820885087
0.015,0.5,kappa_e,0,0.1041666667,1.5,9.50248507822863
0.015,0.5,kappa_e,0,0.125,1.52,9.46729146660659
0.015,0.5,kappa_e,0,0.1458333334,1.54,9.480519677595014
0.015,0.5,kappa_e,0,0.1666666667,1.58,9.513636633228828
0.015,0.5,kappa_e,0,0.2291666667,1.64,9.56659383220763
0.015,0.5,kappa_e,0,0.25,1.66,9.463823123812702
0.015,0.5,kappa_e,0,0.3333333333,0.08,0.004372850425122947
0.015,0.5,kappa_e,1,0.3333333333,0.32,0.005519822311869189
0.015,0.5,kappa_e,2,0.3333333333,1.76,8.352121743760017
0.015,0.5,kappa_e,0,0.4166666667,0.16,0.04198375055471963
0.015,0.5,kappa_e,1,0.4166666667,0.4,0.016342294468935002
0.015,0.5,kappa_e,2,0.4166666667,1.84,8.121645450754574
0.015,0.5,kappa_e,0,0.5,0.16,0.20937398758446973
0.015,0.5,kappa_e,1,0.5,0.48,0.06261023559699525
0.015,0.5,kappa_e,2,0.5,1.84,8.262506005290106
0.015,0.5,kappa_e,0,0.5208333333,0.18,0.27117586057840826
0.015,0.5,kappa_e,0,0.5416666666,0.2,0.33379913056461996
0.015,0.5,kappa_e,0,0.5625,0.22,0.38526817546347614
0.015,0.5,kappa_e,0,0.5833333333,0.2,0.44442195996694966
0.015,0.5,kappa_e,1,0.5833333333,0.48,0.2670088627488538
0.015,0.5,kappa_e,2,0.5833333333,1.92,8.146378837538412
0.015,0.5,kappa_e,0,0.6041666666,0.18,0.5378895878020302
0.015,0.5,kappa_e,0,0.625,0.18,0.6655106832387725
0.015,0.5,kappa_e,0,0.6458333334,0.2,0.8261406470394941
0.015,0.5,kappa_e,0,0.6666666667,0.2,1.0101817992692461
0.015,0.5,kappa_e,1,0.6666666667,0.56,0.7509199334484666
0.015,0.5,kappa_e,2,0.6666666667,1.92,7.83493597444199
0.015,0.5,kappa_e,0,0.6875,0.22,1.2188898926946274
0.015,0.5,kappa_e,1,0.6875,0.6,0.9306516557617766
0.015,0.5,kappa_e,0,0.7083333334,0.24,1.4418671884537577
0.015,0.5,kappa_e,1,0.7083333334,0.62,1.1437289630795693
0.015,0.5,kappa_e,0,0.7291666667,0.26,1.6760639012995595
0.015,0.5,kappa_e,1,0.7291666667,0.54,0.7839140054033873
0.015,0.5,kappa_e,0,0.75,0.26,1.9237004180416584
0.015,0.5,kappa_e,1,0.75,0.58,1.1409122275425698
0.015,0.5,kappa_e,2,0.75,0.68,1.6522150384056893
0.015,0.5,kappa_e,3,0.75,2.0,7.775260938116071
0.015,0.5,kappa_e,0,0.7708333333,0.62,1.5367736378315122
0.015,0.5,kappa_e,1,0.7708333333,0.7,1.9885491736349863
0.015,0.5,kappa_e,0,0.7916666666,0.64,2.0064335378693183
0.015,0.5,kappa_e,1,0.7916666666,0.72,2.3538735314466095
0.015,0.5,kappa_e,0,0.8125,0.68,2.538768539223586
0.015,0.5,kappa_e,1,0.8125,0.76,2.775155686058607
0.015,0.5,kappa_e,0,0.8333333333,0.32,2.8851898699024736
0.015,0.5,kappa_e,1,0.8333333333,0.72,3.1407900252978678
0.015,0.5,kappa_e,2,0.8333333333,0.78,3.3159450634972263
0.015,0.5,kappa_e,3,0.8333333333,2.0,7.591743681802106
0.015,0.5,kappa_e,0,0.8541666666,0.74,3.8408392888995024
0.015,0.5,kappa_e,1,0.8541666666,0.8,3.926830484488322
0.015,0.5,kappa_e,0,0.875,0.78,4.702444831743989
0.015,0.5,kappa_e,1,0.875,0.82,4.682018913367422
0.015,0.5,kappa_e,0,0.8958333334,0.82,5.710270474559305
0.015,0.5,kappa_e,0,0.9166666667,0.4,4.021302129711271
0.015,0.5,kappa_e,1,0.9166666667,0.86,6.911920729581368
0.015,0.5,kappa_e,2,0.9166666667,2.0,7.097101161994287
0.015,0.5,kappa_e,0,0.9375,0.88,8.35296467891811
0.015,0.5,kappa_e,0,0.9583333334,0.92,10.103427913224088
0.015,0.5,kappa_e,0,0.9791666667,0.94,11.951039543120068
0.015,0.5,kappa_e,0,1.0,0.56,5.364039489081261
0.015,0.5,kappa_e,1,1.0,0.98,14.274343698050458
0.015,0.5,kappa_e,2,1.0,2.0,6.641895277594248
0.015,0.5,kappa_e,0,1.0208333333,1.02,16.07946518276217
0.015,0.5,kappa_e,0,1.0416666667,1.04,18.41297688685203
0.015,0.5,kappa_e,0,1.0625,1.08,19.470458812112774
0.015,0.5,kappa_e,0,1.0833333333,0.64,6.872774346972104
0.015,0.5,kappa_e,1,1.0833333333,1.1,21.00713151216985
0.015,0.5,kappa_e,2,1.0833333333,2.0,6.201299115943584
0.015,0.5,kappa_e,0,1.1041666667,1.14,20.838093198622246
0.015,0.5,kappa_e,0,1.125,1.16,21.755438461300358
0.015,0.5,kappa_e,0,1.1458333333,1.18,20.798995550389584
0.015,0.5,kappa_e,0,1.1666666667,0.56,6.8277936886253165
0.015,0.5,kappa_e,1,1.1666666667,1.22,20.64994652264997
0.015,0.5,kappa_e,2,1.1666666667,2.0,5.670233522095058
0.015,0.5,kappa_e,0,1.1875,1.24,19.541736477428373
0.015,0.5,kappa_e,0,1.2083333333,1.28,18.177927946807714
0.015,0.5,kappa_e,0,1.2291666667,1.3,16.87900949985808
0.015,0.5,kappa_e,0,1.25,0.64,6.747695179524914
0.015,0.5,kappa_e,1,1.25,1.34,15.05889045371434
0.015,0.5,kappa_e,2,1.25,2.0,4.793502429931701
0.015,0.5,kappa_e,0,1.2708333333,1.36,13.608310708635159
0.015,0.5,kappa_e,0,1.2916666667,1.38,11.912789981182613
0.015,0.5,kappa_e,0,1.3125,1.42,10.455091853615926
0.015,0.5,kappa_e,0,1.3333333333,0.72,7.122249543820823
0.015,0.5,kappa_e,1,1.3333333333,1.44,9.161311196287969
0.015,0.5,kappa_e,2,1.3333333333,2.0,3.3480300287593874
0.015,0.5,kappa_e,0,1.3541666667,1.46,8.050670530477504
0.015,0.5,kappa_e,0,1.375,1.48,7.132429106499174
0.015,0.5,kappa_e,0,1.3958333333,1.5,6.379087577921538
0.015,0.5,kappa_e,0,1.4166666667,0.8,7.529998491928295
0.015,0.5,kappa_e,1,1.4166666667,1.52,5.756679018878543
0.015,0.5,kappa_e,2,1.4166666667,2.16,1.9210685982955376
0.015,0.5,kappa_e,0,1.5,0.96,7.858400160324029
0.015,0.5,kappa_e,1,1.5,1.6,3.5833679616033542
0.015,0.5,kappa_e,2,1.5,2.32,1.2808262458729622
0.015,0.5,kappa_e,0,1.5833333333,1.04,8.179880541413764
0.015,0.5,kappa_e,1,1.5833333333,1.68,2.687629676353911
0.015,0.5,kappa_e,0,1.6666666667,1.12,8.451003282807752
0.015,0.5,kappa_e,1,1.6666666667,1.76,2.0841549702108395
0.015,0.5,kappa_e,0,1.75,1.2,8.675671646793242
0.015,0.5,kappa_e,1,1.75,1.92,1.6662837827869446
0.015,0.5,kappa_e,0,1.8333333333,1.28,8.857681499774618
0.015,0.5,kappa_e,1,1.8333333333,2.0,1.4362666467430927
0.015,0.5,kappa_e,0,1.9166666667,1.36,9.000257710696372
0.015,0.5,kappa_e,1,1.9166666667,2.08,1.253230700514937
0.015,0.5,kappa_e,0,2.0,1.44,9.106042733696738
0.015,0.5,kappa_e,1,2.0,2.16,1.0997932785785345
0.02,0.5,sigma,0,0.0,1.36,12.11944801790419
0.02,0.5,sigma,0,0.0416666667,1.4,9.99879895003614
0.02,0.5,sigma,0,0.0625,1.44,9.723463562559417
0.02,0.5,sigma,0,0.0833333333,1.46,9.56428536088361
0.02,0.5,sigma,0,0.1041666667,1.5,9.517521637817252
0.02,0.5,sigma,0,0.125,1.52,9.469636047849809
0.02,0.5,sigma,0,0.1458333334,1.56,9.475352425702201
0.02,0.5,sigma,0,0.1666666667,1.58,9.534165915852661
0.02,0.5,sigma,0,0.2291666667,1.64,9.57363981616561
0.02,0.5,sigma,0,0.25,0.08,0.0006340918181212584
0.02,0.5,sigma,1,0.25,1.66,9.46764063117272
0.02,0.5,sigma,0,0.3333333333,0.16,0.0033677936119603943
0.02,0.5,sigma,1,0.3333333333,1.76,8.371247544099138
0.02,0.5,sigma,0,0.4166666667,0.16,0.03363975756924847
0.02,0.5,sigma,1,0.4166666667,0.48,0.013641639276458166
0.02,0.5,sigma,2,0.4166666667,1.84,8.157524617741595
0.02,0.5,sigma,0,0.5,0.12,0.2097506104227952
0.02,0.5,sigma,1,0.5,0.56,0.04939428563536233
0.02,0.5,sigma,2,0.5,1.84,8.24973019813973
0.02,0.5,sigma,0,0.5208333333,0.14,0.3084107846035522
0.02,0.5,sigma,0,0.5416666666,0.16,0.4114424311543966
0.02,0.5,sigma,0,0.5625,0.18,0.5179955375049765
0.02,0.5,sigma,0,0.5833333333,0.18,0.6447986533004166
0.02,0.5,sigma,1,0.5833333333,0.4,0.39035824632714844
0.02,0.5,sigma,2,0.5833333333,1.92,8.160672068414554
0.02,0.5,sigma,0,0.6041666666,0.2,0.7937862786394363
0.02,0.5,sigma,1,0.6041666666,0.44,0.5868458376073624
0.02,0.5,sigma,0,0.625,0.2,0.9659200288255811
0.02,0.5,sigma,1,0.625,0.46,0.8457785097088744
0.02,0.5,sigma,0,0.6458333334,0.22,1.1575659629549104
0.02,0.5,sigma,0,0.6666666667,0.24,1.362934801710729
0.02,0.5,sigma,1,0.6666666667,0.52,1.5144520428960622
0.02,0.5,sigma,2,0.6666666667,1.92,7.8174504430733265
0.02,0.5,sigma,0,0.6875,0.24,1.580972841183672
0.02,0.5,sigma,1,0.6875,0.54,1.9085712807531143
0.02,0.5,sigma,0,0.7083333334,0.26,1.8125446822959077
0.02,0.5,sigma,1,0.7083333334,0.58,2.4159020170726517
0.02,0.5,sigma,0,0.7291666667,0.28,2.0504196846941287
0.02,0.5,sigma,1,0.7291666667,0.62,2.8689829171944865
0.02,0.5,sigma,0,0.75,0.3,2.2926487302000993
0.02,0.5,sigma,1,0.75,0.64,3.558450556652282
0.02,0.5,sigma,2,0.75,2.0,7.804345939101193
0.02,0.5,sigma,0,0.7708333333,0.68,4.121906055000796
0.02,0.5,sigma,0,0.7916666666,0.7,4.9828273677528845
0.02,0.5,sigma,0,0.8125,0.72,5.653553692853276
0.02,0.5,sigma,0,0.8333333333,0.4,3.2611027479484918
0.02,0.5,sigma,1,0.8333333333,0.76,6.782754899927138
0.02,0.5,sigma,2,0.8333333333,2.0,7.586821866197029
0.02,0.5,sigma,0,0.8541666666,0.78,7.744539833547499
0.02,0.5,sigma,0,0.875,0.82,9.056610721594229
0.02,0.5,sigma,0,0.8958333334,0.84,10.514186436555455
0.02,0.5,sigma,0,0.9166666667,0.48,4.3064732151422245
0.02,0.5,sigma,1,0.9166666667,0.88,11.850420102195908
0.02,0.5,sigma,2,0.9166666667,2.0,7.085861719531135
0.02,0.5,sigma,0,0.9375,0.9,14.088932115760429
0.02,0.5,sigma,0,0.9583333334,0.92,16.09553443749284
0.02,0.5,sigma,0,0.9791666667,0.96,18.225028601676584
0.02,0.5,sigma,0,1.0,0.56,5.657276234956303
0.02,0.5,sigma,1,1.0,0.98,21.026911441569418
0.02,0.5,sigma,2,1.0,2.08,6.671786301653215
0.02,0.5,sigma,0,1.0208333333,1.0,22.479892563422332
0.02,0.5,sigma,0,1.0416666667,1.04,24.63388619164212
0.02,0.5,sigma,0,1.0625,1.06,25.519895529430222
0.02,0.5,sigma,0,1.0833333333,0.64,6.5940031470299925
0.02,0.5,sigma,1,1.0833333333,1.1,25.185194885203025
0.02,0.5,sigma,2,1.0833333333,2.08,6.202466377650712
0.02,0.5,sigma,0,1.1041666667,1.12,25.768464535249663
0.02,0.5,sigma,0,1.125,1.14,24.496824802857837
0.02,0.5,sigma,0,1.1458333333,1.18,23.435407308253275
0.02,0.5,sigma,0,1.1666666667,0.64,6.128542317853219
0.02,0.5,sigma,1,1.1666666667,1.2,22.404704010065508
0.02,0.5,sigma,2,1.1666666667,2.0,5.690928230271281
0.02,0.5,sigma,0,1.1875,1.22,20.259590742069726
0.02,0.5,sigma,0,1.2083333333,1.26,18.860663899959867
0.02,0.5,sigma,0,1.2291666667,1.28,16.98024550024723
0.02,0.5,sigma,0,1.25,0.72,5.903178999938778
0.02,0.5,sigma,1,1.25,1.32,15.136563550855413
0.02,0.5,sigma,2,1.25,2.0,4.862312199705986
0.02,0.5,sigma,0,1.2708333333,1.34,13.449330882156431
0.02,0.5,sigma,0,1.2916666667,1.36,11.751173630766246
0.02,0.5,sigma,0,1.3125,1.4,10.311964086324807
0.02,0.5,sigma,0,1.3333333333,0.8,6.187335408729442
0.02,0.5,sigma,1,1.3333333333,1.42,9.042959221545217
0.02,0.5,sigma,2,1.3333333333,2.0,3.458616670824295
0.02,0.5,sigma,0,1.3541666667,1.42,7.985576045883988
0.02,0.5,sigma,0,1.375,1.44,7.14151970501085
0.02,0.5,sigma,0,1.3958333333,1.46,6.440357387390023
0.02,0.5,sigma,0,1.4166666667,0.88,6.506302688224107
0.02,0.5,sigma,1,1.4166666667,1.48,5.849969361297582
0.02,0.5,sigma,2,1.4166666667,2.16,1.9771336228851553
0.02,0.5,sigma,0,1.5,1.04,6.7852715058327195
0.02,0.5,sigma,1,1.5,1.6,3.760724648904965
0.02,0.5,sigma,2,1.5,2.32,1.318682403105182
0.02,0.5,sigma,0,1.5833333333,1.12,7.036130217029209
0.02,0.5,sigma,1,1.5833333333,1.68,2.843369587311866
0.02,0.5,sigma,0,1.6666666667,1.2,7.252702173046178
0.02,0.5,sigma,1,1.6666666667,1.76,2.2286309309445507
0.02,0.5,sigma,0,1.75,1.28,7.439843835027748
0.02,0.5,sigma,1,1.75,1.84,1.7731057147706295
0.02,0.5,sigma,0,1.8333333333,1.36,7.601603909212857
0.02,0.5,sigma,1,1.8333333333,1.92,1.4104505678101944
0.02,0.5,sigma,0,1.9166666667,1.44,7.741153345889472
0.02,0.5,sigma,1,1.9166666667,2.08,1.1892519790571896
0.02,0.5,sigma,0,2.0,1.52,7.8610929706188255
0.02,0.5,sigma,1,2.0,2.16,1.0570750793727477
0.02,0.5,kappa_e,0,0.0,1.36,12.019053280713663
0.02,0.5,kappa_e,0,0.0416666667,1.4,9.991224226229342
0.02,0.5,kappa_e,0,0.0625,1.44,9.687409351696814
0.02,0.5,kappa_e,0,0.0833333333,1.46,9.582195741335326
0.02,0.5,kappa_e,0,0.1041666667,1.5,9.47456347819762
0.02,0.5,kappa_e,0,0.125,1.52,9.450252305451048
0.02,0.5,kappa_e,0,0.1458333334,1.54,9.478671826569476
0.02,0.5,kappa_e,0,0.1666666667,1.56,9.489086419759133
0.02,0.5,kappa_e,0,0.2291666667,1.64,9.547561418607998
0.02,0.5,kappa_e,0,0.25,1.66,9.444795488080807
0.02,0.5,kappa_e,0,0.3333333333,0.08,0.004511378400168883
0.02,0.5,kappa_e,1,0.3333333333,0.32,0.007925144896824998
0.02,0.5,kappa_e,2,0.3333333333,1.76,8.319236327464605
0.02,0.5,kappa_e,0,0.4166666667,0.16,0.04534569217203459
0.02,0.5,kappa_e,1,0.4166666667,0.4,0.022940975556858034
0.02,0.5,kappa_e,2,0.4166666667,1.84,8.071734004319048
0.02,0.5,kappa_e,0,0.5,0.18,0.1913720936384996
0.02,0.5,kappa_e,1,0.5,0.48,0.0711822819887862
0.02,0.5,kappa_e,2,0.5,1.84,8.278244926306197
0.02,0.5,kappa_e,0,0.5208333333,0.2,0.2423113845656366
0.02,0.5,kappa_e,0,0.5416666666,0.22,0.29690091517706485
0.02,0.5,kappa_e,0,0.5833333333,0.26,0.3866063981210839
0.02,0.5,kappa_e,1,0.5833333333,0.48,0.20444050185017631
0.02,0.5,kappa_e,2,0.5833333333,1.92,8.130815596258982
0.02,0.5,kappa_e,0,0.6041666666,0.24,0.43585061549766335
0.02,0.5,kappa_e,0,0.625,0.22,0.5101172265864549
0.02,0.5,kappa_e,0,0.6458333334,0.22,0.6071129463340494
0.02,0.5,kappa_e,0,0.6666666667,0.22,0.7238528198572158
0.02,0.5,kappa_e,1,0.6666666667,0.6,0.5681634970778067
0.02,0.5,kappa_e,2,0.6666666667,1.92,7.8462252235555034
0.02,0.5,kappa_e,0,0.6875,0.24,0.860962705383816
0.02,0.5,kappa_e,0,0.7083333334,0.24,1.0111133988479044
0.02,0.5,kappa_e,0,0.7291666667,0.26,1.1783368896627424
0.02,0.5,kappa_e,0,0.75,0.28,1.3550703879037194
0.02,0.5,kappa_e,1,0.75,0.7,1.2100650631828875
0.02,0.5,kappa_e,2,0.75,2.0,7.731238996497556
0.02,0.5,kappa_e,0,0.7708333333,0.72,1.4468893540835666
0.02,0.5,kappa_e,0,0.7916666666,0.74,1.716666186474459
0.02,0.5,kappa_e,0,0.8125,0.76,2.018251150621545
0.02,0.5,kappa_e,0,0.8333333333,0.32,2.072906952910034
0.02,0.5,kappa_e,1,0.8333333333,0.8,2.4100679772014306
0.02,0.5,kappa_e,2,0.8333333333,2.0,7.583233490313248
0.02,0.5,kappa_e,0,0.8541666666,0.82,2.872259968000309
0.02,0.5,kappa_e,0,0.875,0.84,3.407744946999985
0.02,0.5,kappa_e,0,0.9166666667,0.4,2.9748679998422847
0.02,0.5,kappa_e,1,0.9166666667,0.9,4.873255005698901
0.02,0.5,kappa_e,2,0.9166666667,2.0,7.110965307249067
0.02,0.5,kappa_e,0,0.9375,0.92,5.941438984765707
0.02,0.5,kappa_e,0,0.9583333334,0.94,7.2823854489008255
0.02,0.5,kappa_e,0,0.9791666667,0.96,8.92299145301389
0.02,0.5,kappa_e,0,1.0,0.56,4.173641316031126
0.02,0.5,kappa_e,1,1.0,1.0,10.746401554493588
0.02,0.5,kappa_e,2,1.0,2.0,6.648450478326847
0.02,0.5,kappa_e,0,1.0208333333,1.02,13.157778048631627
0.02,0.5,kappa_e,0,1.0416666667,1.04,15.081626992909612
0.02,0.5,kappa_e,0,1.0625,1.08,17.234064030342104
0.02,0.5,kappa_e,0,1.0833333333,0.72,6.020175847054796
0.02,0.5,kappa_e,1,1.0833333333,1.1,18.267350110884735
0.02,0.5,kappa_e,2,1.0833333333,2.0,6.19722307137541
0.02,0.5,kappa_e,0,1.1041666667,1.14,19.43727998267301
0.02,0.5,kappa_e,0,1.125,1.16,19.621824234402737
0.02,0.5,kappa_e,0,1.1458333333,1.2,19.54330390675932
0.02,0.5,kappa_e,0,1.1666666667,0.72,7.56948227409503
0.02,0.5,kappa_e,1,1.1666666667,1.22,19.25319254093749
0.02,0.5,kappa_e,2,1.1666666667,2.0,5.635846945787989
0.02,0.5,kappa_e,0,1.1875,1.26,18.11503060454443
0.02,0.5,kappa_e,0,1.2083333333,1.28,17.40759002898266
0.02,0.5,kappa_e,0,1.2291666667,1.32,15.78334104633631
0.02,0.5,kappa_e,0,1.25,0.64,7.503021695993134
0.02,0.5,kappa_e,1,1.25,1.34,14.651122811751598
0.02,0.5,kappa_e,2,1.25,2.0,4.71141276869743
0.02,0.5,kappa_e,0,1.2708333333,1.38,12.944183872995865
0.02,0.5,kappa_e,0,1.2916666667,1.4,11.599907682564506
0.02,0.5,kappa_e,0,1.3125,1.24,2.7852361452643066
0.02,0.5,kappa_e,1,1.3125,1.42,10.112833690352218
0.02,0.5,kappa_e,0,1.3333333333,0.64,6.632454008872498
0.02,0.5,kappa_e,1,1.3333333333,1.26,2.628712461170622
0.02,0.5,kappa_e,2,1.3333333333,1.46,8.814078604200745
0.02,0.5,kappa_e,3,1.3333333333,2.0,3.2367114821815655
0.02,0.5,kappa_e,0,1.3541666667,1.48,7.722222763222632
0.02,0.5,kappa_e,0,1.375,1.5,6.802902926095683
0.02,0.5,kappa_e,0,1.3958333333,1.52,6.0470222517687375
0.02,0.5,kappa_e,0,1.4166666667,0.64,5.708351563711366
0.02,0.5,kappa_e,1,1.4166666667,1.36,2.0044038400297666
0.02,0.5,kappa_e,2,1.4166666667,1.54,5.424647188669553
0.02,0.5,kappa_e,3,1.4166666667,2.16,1.8606487623847734
0.02,0.5,kappa_e,0,1.5,0.8,5.5158370734486475
0.02,0.5,kappa_e,1,1.5,1.6,3.2607234878148184
0.02,0.5,kappa_e,2,1.5,2.32,1.239247688183795
0.02,0.5,kappa_e,0,1.5833333333,0.88,5.793147566222645
0.02,0.5,kappa_e,1,1.5833333333,1.68,2.425489726898366
0.02,0.5,kappa_e,0,1.6666666667,0.96,6.04971210512684
0.02,0.5,kappa_e,1,1.6666666667,1.84,1.9682695080945223
0.02,0.5,kappa_e,0,1.75,1.04,6.271742146993244
0.02,0.5,kappa_e,1,1.75,1.92,1.6466075069966877
0.02,0.5,kappa_e,0,1.8333333333,1.12,6.463578463427606
0.02,0.5,kappa_e,1,1.8333333333,2.0,1.400684897376113
0.02,0.5,kappa_e,0,1.9166666667,1.2,6.627771440111786
0.02,0.5,kappa_e,1,1.9166666667,2.08,1.2030303571626568
0.02,0.5,kappa_e,0,2.0,1.28,6.767292438252079
0.02,0.5,kappa_e,1,2.0,2.16,1.0365231153530488
0.03,0.5,sigma,0,0.0,1.36,12.084699332415397
0.03,0.5,sigma,0,0.0416666667,1.4,9.994679958751057
0.03,0.5,sigma,0,0.0625,1.44,9.709722585418447
0.03,0.5,sigma,0,0.0833333333,1.46,9.568930876285059
0.03,0.5,sigma,0,0.1041666667,1.5,9.501472119025125
0.03,0.5,sigma,0,0.125,1.52,9.461598946777075
0.03,0.5,sigma,0,0.1458333334,1.54,9.472631484413988
0.03,0.5,sigma,0,0.1666666667,1.58,9.514293492035506
0.03,0.5,sigma,0,0.2291666667,1.64,9.563182029376563
0.03,0.5,sigma,0,0.25,0.08,0.0014223521558006426
0.03,0.5,sigma,1,0.25,1.66,9.458580708450455
0.03,0.5,sigma,0,0.3333333333,0.08,0.0035027890795362995
0.03,0.5,sigma,1,0.3333333333,0.32,0.00434264675697428
0.03,0.5,sigma,2,0.3333333333,1.76,8.352030787782448
0.03,0.5,sigma,0,0.4166666667,0.16,0.0377083918281757
0.03,0.5,sigma,1,0.4166666667,0.48,0.014984092590077096
0.03,0.5,sigma,2,0.4166666667,1.84,8.126240818696381
0.03,0.5,sigma,0,0.5,0.14,0.19320322036615045
0.03,0.5,sigma,1,0.5,0.48,0.0527244674838612
0.03,0.5,sigma,2,0.5,1.84,8.259156535551735
0.03,0.5,sigma,0,0.5208333333,0.16,0.2663225400221597
0.03,0.5,sigma,0,0.5416666666,0.18,0.3462499992934176
0.03,0.5,sigma,0,0.5625,0.2,0.42078121008673497
0.03,0.5,sigma,0,0.5833333333,0.22,0.5011289482776073
0.03,0.5,sigma,1,0.5833333333,0.46,0.26155581148445917
0.03,0.5,sigma,2,0.5833333333,1.92,8.149282224426162
0.03,0.5,sigma,0,0.6041666666,0.22,0.5936569551550626
0.03,0.5,sigma,0,0.625,0.24,0.699119659843551
0.03,0.5,sigma,0,0.6458333334,0.24,0.8173520466600386
0.03,0.5,sigma,0,0.6666666667,0.26,0.9478746237094411
0.03,0.5,sigma,1,0.6666666667,0.54,0.9115352604255298
0.03,0.5,sigma,2,0.6666666667,1.92,7.827177211504814
0.03,0.5,sigma,0,0.6875,0.28,1.0870624828112572
0.03,0.5,sigma,1,0.6875,0.56,1.1539195233956043
0.03,0.5,sigma,0,0.7083333334,0.28,1.2367960357264725
0.03,0.5,sigma,1,0.7083333334,0.6,1.4611621478288788
0.03,0.5,sigma,0,0.7291666667,0.3,1.3963814646397426
0.03,0.5,sigma,0,0.75,0.32,1.562925508421177
0.03,0.5,sigma,1,0.75,0.66,2.184810861856292
0.03,0.5,sigma,2,0.75,2.0,7.777821767147147
0.03,0.5,sigma,0,0.7708333333,0.68,2.644774348651028
0.03,0.5,sigma,0,0.7916666666,0.72,3.111835627100982
0.03,0.5,sigma,0,0.8125,0.74,3.743034776910415
0.03,0.5,sigma,0,0.8333333333,0.4,2.285641110619128
0.03,0.5,sigma,1,0.8333333333,0.78,4.274188723626466
0.03,0.5,sigma,2,0.8333333333,2.0,7.5844403898595125
0.03,0.5,sigma,0,0.8541666666,0.8,5.171775908102518
0.03,0.5,sigma,0,0.875,0.82,5.999645809516103
0.03,0.5,sigma,0,0.8958333334,0.86,7.012633466141633
0.03,0.5,sigma,0,0.9166666667,0.48,3.1171926596589206
0.03,0.5,sigma,1,0.9166666667,0.88,8.360658377328598
0.03,0.5,sigma,2,0.9166666667,2.0,7.093846363528005
0.03,0.5,sigma,0,0.9375,0.9,9.678126524715406
0.03,0.5,sigma,0,0.9583333334,0.94,11.45132960568943
0.03,0.5,sigma,0,0.9791666667,0.96,13.72577282670488
0.03,0.5,sigma,0,1.0,0.64,4.415258924396095
0.03,0.5,sigma,1,1.0,0.98,15.80877429873351
0.03,0.5,sigma,2,1.0,2.0,6.63477527286104
0.03,0.5,sigma,0,1.0208333333,1.02,18.246425504950224
0.03,0.5,sigma,0,1.0416666667,1.04,20.830473018729506
0.03,0.5,sigma,0,1.0625,1.06,21.711955945049198
0.03,0.5,sigma,0,1.0833333333,0.72,6.320052775889746
0.03,0.5,sigma,1,1.0833333333,1.1,23.16208712557632
0.03,0.5,sigma,2,1.0833333333,2.0,6.197010357179625
0.03,0.5,sigma,0,1.1041666667,1.12,23.43610194617593
0.03,0.5,sigma,0,1.125,1.16,22.161636610140228
0.03,0.5,sigma,0,1.1458333333,1.18,22.29533034493155
0.03,0.5,sigma,0,1.1666666667,0.72,7.447859259821236
0.03,0.5,sigma,1,1.1666666667,1.2,20.94823588138894
0.03,0.5,sigma,2,1.1666666667,2.0,5.67164753609277
0.03,0.5,sigma,0,1.1875,1.24,19.467466559670214
0.03,0.5,sigma,0,1.2083333333,1.26,18.150277883645245
0.03,0.5,sigma,0,1.2291666667,1.3,16.234949258618393
0.03,0.5,sigma,0,1.25,0.72,7.452578267453285
0.03,0.5,sigma,1,1.25,1.32,14.809126175845172
0.03,0.5,sigma,2,1.25,2.0,4.812418820378738
0.03,0.5,sigma,0,1.2708333333,1.34,13.017731218101503
0.03,0.5,sigma,0,1.2916666667,1.38,11.579526517019644
0.03,0.5,sigma,0,1.3125,1.4,10.123139423402847
0.03,0.5,sigma,0,1.3333333333,0.64,6.623475796665556
0.03,0.5,sigma,1,1.3333333333,1.42,8.835071125197175
0.03,0.5,sigma,2,1.3333333333,2.0,3.3874033586061962
0.03,0.5,sigma,0,1.3541666667,1.44,7.759704208497482
0.03,0.5,sigma,0,1.375,1.46,6.8759669835122565
0.03,0.5,sigma,0,1.3958333333,1.48,6.150023958834623
0.03,0.5,sigma,0,1.4166666667,0.64,5.7685692394304695
0.03,0.5,sigma,1,1.4166666667,1.5,5.548735399146437
0.03,0.5,sigma,2,1.4166666667,2.16,1.9371165395121572
0.03,0.5,sigma,0,1.5,0.64,4.82266409265382
0.03,0.5,sigma,1,1.5,1.6,3.6067267031788006
0.03,0.5,sigma,2,1.5,2.32,1.2905250989257517
0.03,0.5,sigma,0,1.5833333333,0.96,4.276233975697531
0.03,0.5,sigma,1,1.5833333333,1.68,2.710674887519506
0.03,0.5,sigma,0,1.6666666667,1.04,4.456609584730842
0.03,0.5,sigma,1,1.6666666667,1.76,2.111935123223873
0.03,0.5,sigma,0,1.75,1.12,4.618258423994574
0.03,0.5,sigma,1,1.75,1.84,1.6704603871102215
0.03,0.5,sigma,0,1.8333333333,1.2,4.7610667154383695
0.03,0.5,sigma,1,1.8333333333,2.0,1.3535517386377762
0.03,0.5,sigma,0,1.9166666667,1.28,4.887574319189893
0.03,0.5,sigma,1,1.9166666667,2.08,1.1844872431707891
0.03,0.5,sigma,0,2.0,1.36,5.00022340185674
0.03,0.5,sigma,1,2.0,2.16,1.0426362469534851
0.03,0.5,kappa_e,0,0.0,1.36,11.82388796074828
0.03,0.5,kappa_e,0,0.0416666667,1.4,9.924112321316358
0.03,0.5,kappa_e,0,0.0625,1.42,9.595619974404428
0.03,0.5,kappa_e,0,0.0833333333,1.46,9.549721168343794
0.03,0.5,kappa_e,0,0.1041666667,1.48,9.444256754903071
0.03,0.5,kappa_e,0,0.125,1.52,9.377215972827138
0.03,0.5,kappa_e,0,0.1458333334,1.54,9.434299922210778
0.03,0.5,kappa_e,0,0.1666666667,1.56,9.481140298747704
0.03,0.5,kappa_e,0,0.2291666667,1.64,9.464981772914221
0.03,0.5,kappa_e,0,0.25,0.16,0.006095631319824813
0.03,0.5,kappa_e,1,0.25,1.64,9.3949168512409
0.03,0.5,kappa_e,0,0.3333333333,0.08,0.0027706948544705605
0.03,0.5,kappa_e,1,0.3333333333,0.32,0.010141565269984753
0.03,0.5,kappa_e,2,0.3333333333,1.76,8.226229400753198
0.03,0.5,kappa_e,0,0.4166666667,0.16,0.04399851084412509
0.03,0.5,kappa_e,1,0.4166666667,0.4,0.02829150336227145
0.03,0.5,kappa_e,2,0.4166666667,1.76,8.126432068087553
0.03,0.5,kappa_e,0,0.5,0.2,0.16063837115189677
0.03,0.5,kappa_e,1,0.5,0.48,0.0706038772147845
0.03,0.5,kappa_e,2,0.5,1.84,8.289665029364228
0.03,0.5,kappa_e,0,0.5833333333,0.3,0.3347851315706942
0.03,0.5,kappa_e,1,0.5833333333,0.56,0.16577629597454113
0.03,0.5,kappa_e,2,0.5833333333,1.92,8.063737996297508
0.03,0.5,kappa_e,0,0.6041666666,0.32,0.3722034303577113
0.03,0.5,kappa_e,0,0.625,0.32,0.4070415259740823
0.03,0.5,kappa_e,0,0.6458333334,0.3,0.44939772691304447
0.03,0.5,kappa_e,0,0.6666666667,0.3,0.5061529012643846
0.03,0.5,kappa_e,1,0.6666666667,0.64,0.38913803141354103
0.03,0.5,kappa_e,2,0.6666666667,1.92,7.865654402882443
0.03,0.5,kappa_e,0,0.6875,0.3,0.5762741744713793
0.03,0.5,kappa_e,0,0.7083333334,0.3,0.6591236466814094
0.03,0.5,kappa_e,0,0.7291666667,0.3,0.7526941396771218
0.03,0.5,kappa_e,0,0.75,0.32,0.8586515389750611
0.03,0.5,kappa_e,1,0.75,0.74,0.8010985029896052
0.03,0.5,kappa_e,2,0.75,2.0,7.6156850311007815
0.03,0.5,kappa_e,0,0.7708333333,0.76,0.94799537052024
0.03,0.5,kappa_e,0,0.8333333333,0.4,1.358559895028856
0.03,0.5,kappa_e,1,0.8333333333,0.82,1.5612095780835542
0.03,0.5,kappa_e,2,0.8333333333,2.0,7.539074089632983
0.03,0.5,kappa_e,0,0.8541666666,0.86,1.849022038935681
0.03,0.5,kappa_e,0,0.9166666667,0.48,1.9955464079104264
0.03,0.5,kappa_e,1,0.9166666667,0.92,3.205792062358089
0.03,0.5,kappa_e,2,0.9166666667,2.0,7.113195479244487
0.03,0.5,kappa_e,0,0.9375,0.94,3.9001032869022154
0.03,0.5,kappa_e,0,0.9583333334,0.96,4.782847388447998
0.03,0.5,kappa_e,0,0.9791666667,0.98,5.907998906013312
0.03,0.5,kappa_e,0,1.0,0.64,2.943218957224836
0.03,0.5,kappa_e,1,1.0,1.02,7.33546561986763
0.03,0.5,kappa_e,2,1.0,2.0,6.646958027325425
0.03,0.5,kappa_e,0,1.0208333333,1.04,9.320387770788596
0.03,0.5,kappa_e,0,1.0416666667,1.06,11.561432506378516
0.03,0.5,kappa_e,0,1.0625,1.08,13.347434419558951
0.03,0.5,kappa_e,0,1.0833333333,0.8,4.892932172308843
0.03,0.5,kappa_e,1,1.0833333333,1.12,15.327427465289034
0.03,0.5,kappa_e,2,1.0833333333,2.0,6.163857436865364
0.03,0.5,kappa_e,0,1.1041666667,1.14,16.28679463894629
0.03,0.5,kappa_e,0,1.125,1.18,17.002265419421953
0.03,0.5,kappa_e,0,1.1458333333,1.2,17.192744198350177
0.03,0.5,kappa_e,0,1.1666666667,0.8,7.040737425082757
0.03,0.5,kappa_e,1,1.1666666667,1.24,16.85932577950482
0.03,0.5,kappa_e,2,1.1666666667,2.0,5.536184279600931
0.03,0.5,kappa_e,0,1.1875,1.26,16.490269818044396
0.03,0.5,kappa_e,0,1.2083333333,1.3,15.52428760213727
0.03,0.5,kappa_e,0,1.2291666667,1.32,14.635951936595795
0.03,0.5,kappa_e,0,1.25,0.8,8.378962074618865
0.03,0.5,kappa_e,1,1.25,1.36,13.386537737090535
0.03,0.5,kappa_e,2,1.25,2.0,4.522010607072271
0.03,0.5,kappa_e,0,1.2708333333,1.38,12.088305542461228
0.03,0.5,kappa_e,0,1.2916666667,1.42,10.759951983121084
0.03,0.5,kappa_e,0,1.3125,1.44,9.40578538797645
0.03,0.5,kappa_e,0,1.3333333333,0.8,8.957749814126915
0.03,0.5,kappa_e,1,1.3333333333,1.26,2.0147374163565672
0.03,0.5,kappa_e,2,1.3333333333,1.48,8.17231330778003
0.03,0.5,kappa_e,3,1.3333333333,2.0,3.0095567311105675
0.03,0.5,kappa_e,0,1.3541666667,1.5,7.106602523701085
0.03,0.5,kappa_e,0,1.375,1.52,6.192917642757152
0.03,0.5,kappa_e,0,1.3958333333,1.54,5.44354341586137
0.03,0.5,kappa_e,0,1.4166666667,0.8,8.764831320941177
0.03,0.5,kappa_e,1,1.4166666667,1.36,1.669779832811912
0.03,0.5,kappa_e,2,1.4166666667,1.56,4.833670102335901
0.03,0.5,kappa_e,3,1.4166666667,2.16,1.7244828544810495
0.03,0.5,kappa_e,0,1.5,0.72,8.384292113359244
0.03,0.5,kappa_e,1,1.5,1.68,2.960170604885519
0.03,0.5,kappa_e,2,1.5,2.32,1.1500131543717984
0.03,0.5,kappa_e,0,1.5833333333,0.72,7.727510777063587
0.03,0.5,kappa_e,1,1.5833333333,1.76,2.237359493906162
0.03,0.5,kappa_e,0,1.6666666667,0.64,6.683839151891885
0.03,0.5,kappa_e,1,1.6666666667,1.6,1.066063643649752
0.03,0.5,kappa_e,2,1.6666666667,1.84,1.7772437517743747
0.03,0.5,kappa_e,0,1.75,0.64,5.780525107968993
0.03,0.5,kappa_e,1,1.75,1.68,0.9328076091479325
0.03,0.5,kappa_e,2,1.75,1.92,1.4516131741462104
0.03,0.5,kappa_e,0,1.8333333333,0.64,4.77881221715622
0.03,0.5,kappa_e,1,1.8333333333,1.76,0.8176750023301054
0.03,0.5,kappa_e,2,1.8333333333,2.0,1.2026302142370326
0.03,0.5,kappa_e,0,1.9166666667,0.64,4.0376491471960945
0.03,0.5,kappa_e,1,1.9166666667,0.96,3.9050693650174058
0.03,0.5,kappa_e,2,1.9166666667,1.84,0.7151396197728701
0.03,0.5,kappa_e,3,1.9166666667,2.08,1.0033523463675103
0.03,0.5,kappa_e,0,2.0,1.04,4.052871218159847
0.03,0.5,kappa_e,1,2.0,1.92,0.6213952562761946
0.03,0.5,kappa_e,2,2.0,2.24,0.8777772916067867
0.05,0.5,sigma,0,0.0,1.36,11.978843161743413
0.05,0.5,sigma,0,0.0416666667,1.4,9.959439316468426
0.05,0.5,sigma,0,0.0625,1.44,9.654784621932905
0.05,0.5,sigma,0,0.0833333333,1.46,9.553722708244855
0.05,0.5,sigma,0,0.1041666667,1.5,9.443417568478122
0.05,0.5,sigma,0,0.125,1.52,9.420355420692985
0.05,0.5,sigma,0,0.1458333334,1.54,9.449428727881617
0.05,0.5,sigma,0,0.1666666667,1.56,9.463446502878917
0.05,0.5,sigma,0,0.2291666667,1.64,9.514869117755083
0.05,0.5,sigma,0,0.25,0.08,0.003379695265924749
0.05,0.5,sigma,1,0.25,1.66,9.41807874924919
0.05,0.5,sigma,0,0.3333333333,0.08,0.0027338742158079204
0.05,0.5,sigma,1,0.3333333333,0.32,0.005990513245413299
0.05,0.5,sigma,2,0.3333333333,1.76,8.292636296118337
0.05,0.5,sigma,0,0.4166666667,0.16,0.03957515264761427
0.05,0.5,sigma,1,0.4166666667,0.4,0.01757260184167516
0.05,0.5,sigma,2,0.4166666667,1.76,8.061535485231861
0.05,0.5,sigma,0,0.5,0.18,0.16434394769218758
0.05,0.5,sigma,1,0.5,0.48,0.05680660562924547
0.05,0.5,sigma,2,0.5,1.84,8.267516569997825
0.05,0.5,sigma,0,0.5208333333,0.2,0.21391536540328526
0.05,0.5,sigma,0,0.5416666666,0.22,0.27507923869378936
0.05,0.5,sigma,0,0.5833333333,0.28,0.3929847148762562
0.05,0.5,sigma,1,0.5833333333,0.56,0.1729034150863421
0.05,0.5,sigma,2,0.5833333333,1.92,8.106946422251314
0.05,0.5,sigma,0,0.6041666666,0.28,0.44844110797074244
0.05,0.5,sigma,0,0.625,0.3,0.5109103233698176
0.05,0.5,sigma,0,0.6458333334,0.3,0.5824044649239202
0.05,0.5,sigma,0,0.6666666667,0.32,0.6604062994761364
0.05,0.5,sigma,1,0.6666666667,0.6,0.503893641437779
0.05,0.5,sigma,2,0.6666666667,1.92,7.840306222144825
0.05,0.5,sigma,0,0.6875,0.32,0.7452289529010265
0.05,0.5,sigma,1,0.6875,0.62,0.6329000395151043
0.05,0.5,sigma,0,0.7083333334,0.34,0.8384082819903167
0.05,0.5,sigma,0,0.7291666667,0.36,0.9377610563355576
0.05,0.5,sigma,0,0.75,0.38,1.0436144862108279
0.05,0.5,sigma,1,0.75,0.68,1.1859357477118957
0.05,0.5,sigma,2,0.75,2.0,7.704622888993887
0.05,0.5,sigma,0,0.7708333333,0.72,1.4281393251668089
0.05,0.5,sigma,0,0.7916666666,0.74,1.738949096719189
0.05,0.5,sigma,0,0.8125,0.44,1.4051860523300714
0.05,0.5,sigma,1,0.8125,0.76,2.0975429858293353
0.05,0.5,sigma,0,0.8333333333,0.46,1.5430114309358967
0.05,0.5,sigma,1,0.8333333333,0.78,2.4864626779612102
0.05,0.5,sigma,2,0.8333333333,2.0,7.559610915428873
0.05,0.5,sigma,0,0.8541666666,0.82,2.9832901270578898
0.05,0.5,sigma,0,0.875,0.84,3.594830243533675
0.05,0.5,sigma,0,0.9166666667,0.56,2.1871432477474504
0.05,0.5,sigma,1,0.9166666667,0.9,5.093859910743934
0.05,0.5,sigma,2,0.9166666667,2.0,7.09708399286108
0.05,0.5,sigma,0,0.9375,0.92,6.222039096752539
0.05,0.5,sigma,0,0.9583333334,0.94,7.44800041712918
0.05,0.5,sigma,0,0.9791666667,0.98,8.919733861753539
0.05,0.5,sigma,0,1.0,0.72,3.326635517285249
0.05,0.5,sigma,1,1.0,1.0,11.201086140214372
0.05,0.5,sigma,2,1.0,2.0,6.63606174566703
0.05,0.5,sigma,0,1.0208333333,1.02,13.626689531427715
0.05,0.5,sigma,0,1.0416666667,1.04,15.639110610303973
0.05,0.5,sigma,0,1.0625,1.08,18.236847879953075
0.05,0.5,sigma,0,1.0833333333,0.88,5.7190145811271975
0.05,0.5,sigma,1,1.0833333333,1.1,19.998556582852785
0.05,0.5,sigma,2,1.0833333333,2.0,6.180419478817397
0.05,0.5,sigma,0,1.1041666667,1.12,19.97918301047998
0.05,0.5,sigma,0,1.125,1.16,20.625898968682918
0.05,0.5,sigma,0,1.1458333333,1.18,20.29376424442154
0.05,0.5,sigma,0,1.1666666667,0.88,7.49849268123439
0.05,0.5,sigma,1,1.1666666667,1.22,18.922734159016827
0.05,0.5,sigma,2,1.1666666667,2.0,5.616947641624396
0.05,0.5,sigma,0,1.1875,1.24,18.40315026112517
0.05,0.5,sigma,0,1.2083333333,1.26,16.789775274718103
0.05,0.5,sigma,0,1.2291666667,1.3,15.630672493866854
0.05,0.5,sigma,0,1.25,0.88,8.534539582694446
0.05,0.5,sigma,1,1.25,1.32,13.993934845942334
0.05,0.5,sigma,2,1.25,2.0,4.704580811953035
0.05,0.5,sigma,0,1.2708333333,1.36,12.619207214505664
0.05,0.5,sigma,0,1.2916666667,1.38,11.073870363087039
0.05,0.5,sigma,0,1.3125,1.42,9.749871377815822
0.05,0.5,sigma,0,1.3333333333,0.88,8.893696465775562
0.05,0.5,sigma,1,1.3333333333,1.44,8.493872451838925
0.05,0.5,sigma,2,1.3333333333,2.0,3.2536056997392713
0.05,0.5,sigma,0,1.3541666667,1.46,7.397498947332124
0.05,0.5,sigma,0,1.375,1.48,6.487482471217746
0.05,0.5,sigma,0,1.3958333333,1.5,5.742924626682992
0.05,0.5,sigma,0,1.4166666667,0.8,8.882842335110505
0.05,0.5,sigma,1,1.4166666667,1.52,5.133570281272966
0.05,0.5,sigma,2,1.4166666667,2.16,1.8507733254581673
0.05,0.5,sigma,0,1.5,0.8,8.927259255567446
0.05,0.5,sigma,1,1.5,1.6,3.2712365276173436
0.05,0.5,sigma,2,1.5,2.32,1.2296122386172357
0.05,0.5,sigma,0,1.5833333333,0.8,8.707345878240636
0.05,0.5,sigma,1,1.5833333333,1.68,2.4309531648403784
0.05,0.5,sigma,0,1.6666666667,0.8,8.211601692494813
0.05,0.5,sigma,1,1.6666666667,1.76,1.8781311001278276
0.05,0.5,sigma,0,1.75,0.8,7.458810579599897
0.05,0.5,sigma,1,1.75,1.92,1.5017068096816395
0.05,0.5,sigma,0,1.8333333333,0.72,6.842568355918356
0.05,0.5,sigma,1,1.8333333333,2.0,1.2775131507879927
0.05,0.5,sigma,0,1.9166666667,0.72,6.246990902413641
0.05,0.5,sigma,1,1.9166666667,2.08,1.100254913724612
0.05,0.5,sigma,0,2.0,0.72,5.4781342581231165
0.05,0.5,sigma,1,2.0,1.12,2.515338071590083
0.05,0.5,sigma,2,2.0,2.16,0.9518581911672861
0.05,0.5,kappa_e,0,0.0,1.36,11.309105955108095
0.05,0.5,kappa_e,0,0.0416666667,1.38,9.799876054140746
0.05,0.5,kappa_e,0,0.0625,1.42,9.489124131601123
0.05,0.5,kappa_e,0,0.0833333333,1.46,9.35204770246667
0.05,0.5,kappa_e,0,0.1041666667,1.48,9.33845184643283
0.05,0.5,kappa_e,0,0.125,1.5,9.275312130909477
0.05,0.5,kappa_e,0,0.1458333334,1.52,9.225990848868406
0.05,0.5,kappa_e,0,0.1666666667,1.56,9.3267432495946
0.05,0.5,kappa_e,0,0.2291666667,1.62,9.307147031551914
0.05,0.5,kappa_e,0,0.25,0.08,0.009184104050621958
0.05,0.5,kappa_e,1,0.25,1.64,9.338125950141482
0.05,0.5,kappa_e,0,0.3333333333,0.24,0.004527062908100362
0.05,0.5,kappa_e,1,0.3333333333,1.68,8.06649111158252
0.05,0.5,kappa_e,0,0.4166666667,0.16,0.03285553040151474
0.05,0.5,kappa_e,1,0.4166666667,1.76,8.194357779879631
0.05,0.5,kappa_e,0,0.5,0.24,0.12232454472842615
0.05,0.5,kappa_e,1,0.5,0.56,0.04066807953664639
0.05,0.5,kappa_e,2,0.5,1.84,8.222505255933564
0.05,0.5,kappa_e,0,0.5833333333,0.34,0.2737182217176448
0.05,0.5,kappa_e,1,0.5833333333,0.64,0.10381353855502345
0.05,0.5,kappa_e,2,0.5833333333,1.92,7.833226293359592
0.05,0.5,kappa_e,0,0.6041666666,0.36,0.31796667885918906
0.05,0.5,kappa_e,0,0.625,0.4,0.3608363815837874
0.05,0.5,kappa_e,0,0.6458333334,0.42,0.40434919533056846
0.05,0.5,kappa_e,0,0.6666666667,0.44,0.44522541134885696
0.05,0.5,kappa_e,1,0.6666666667,0.72,0.2156486251012536
0.05,0.5,kappa_e,2,0.6666666667,1.92,7.835162186952852
0.05,0.5,kappa_e,0,0.6875,0.46,0.4863911759457622
0.05,0.5,kappa_e,0,0.7083333334,0.46,0.5310041950251505
0.05,0.5,kappa_e,0,0.7291666667,0.46,0.5800893946022825
0.05,0.5,kappa_e,0,0.75,0.48,0.6362331376478831
0.05,0.5,kappa_e,1,0.75,0.8,0.461016065102542
0.05,0.5,kappa_e,2,0.75,2.0,7.325107504777867
0.05,0.5,kappa_e,0,0.7708333333,0.48,0.700031840633474
0.05,0.5,kappa_e,0,0.7916666666,0.5,0.7715455962283855
0.05,0.5,kappa_e,0,0.8125,0.5,0.8528555237694118
0.05,0.5,kappa_e,0,0.8333333333,0.52,0.9437047831320022
0.05,0.5,kappa_e,1,0.8333333333,0.88,0.8881264538218318
0.05,0.5,kappa_e,2,0.8333333333,2.0,7.356551196419533
0.05,0.5,kappa_e,0,0.9166666667,0.64,1.439862293521358
0.05,0.5,kappa_e,1,0.9166666667,0.98,1.8995365856389839
0.05,0.5,kappa_e,2,0.9166666667,2.0,7.0229530279302494
0.05,0.5,kappa_e,0,0.9375,1.0,2.321257991028112
0.05,0.5,kappa_e,0,0.9583333334,1.02,2.87148761762764
0.05,0.5,kappa_e,0,1.0,0.82,2.5840394991471847
0.05,0.5,kappa_e,1,1.0,1.04,4.665296673592707
0.05,0.5,kappa_e,2,1.0,2.0,6.565511931902471
0.05,0.5,kappa_e,0,1.0208333333,1.06,6.090304966454891
0.05,0.5,kappa_e,0,1.0416666667,0.9,3.926615042474076
0.05,0.5,kappa_e,1,1.0416666667,1.08,7.892179762746906
0.05,0.5,kappa_e,0,1.0625,0.92,4.819033189550389
0.05,0.5,kappa_e,0,1.0833333333,0.94,5.714299430719471
0.05,0.5,kappa_e,1,1.0833333333,1.14,11.573247698213066
0.05,0.5,kappa_e,2,1.0833333333,2.0,6.028471109047599
0.05,0.5,kappa_e,0,1.1041666667,1.16,12.980690279126023
0.05,0.5,kappa_e,0,1.125,1.2,13.463671006580547
0.05,0.5,kappa_e,0,1.1458333333,1.22,14.169432785765025
0.05,0.5,kappa_e,0,1.1666666667,0.88,7.067178498020727
0.05,0.5,kappa_e,1,1.1666666667,1.24,13.794224561513637
0.05,0.5,kappa_e,2,1.1666666667,2.0,5.29542161152353
0.05,0.5,kappa_e,0,1.1875,1.28,13.884893840793545
0.05,0.5,kappa_e,0,1.2083333333,1.32,13.072777653009908
0.05,0.5,kappa_e,0,1.25,0.88,8.380029312971983
0.05,0.5,kappa_e,1,1.25,1.38,11.56486873223838
0.05,0.5,kappa_e,2,1.25,2.0,4.166246794370625
0.05,0.5,kappa_e,0,1.2708333333,1.4,10.514966225443032
0.05,0.5,kappa_e,0,1.2916666667,1.44,9.413243825389543
0.05,0.5,kappa_e,0,1.3125,1.48,8.16658943497913
0.05,0.5,kappa_e,0,1.3333333333,0.88,9.29395031243118
0.05,0.5,kappa_e,1,1.3333333333,1.5,7.101276460059793
0.05,0.5,kappa_e,2,1.3333333333,2.0,2.6381234920921095
0.05,0.5,kappa_e,0,1.3541666667,1.52,6.044302469377854
0.05,0.5,kappa_e,0,1.375,1.56,5.21270067233705
0.05,0.5,kappa_e,0,1.3958333333,1.58,4.5125620992215545
0.05,0.5,kappa_e,0,1.4166666667,0.88,9.923249392433213
0.05,0.5,kappa_e,1,1.4166666667,1.6,3.875687381094737
0.05,0.5,kappa_e,2,1.4166666667,2.16,1.4787020737961143
0.05,0.5,kappa_e,0,1.5,0.88,10.336496735034313
0.05,0.5,kappa_e,1,1.5,1.68,2.324750821170131
0.05,0.5,kappa_e,0,1.5833333333,0.88,10.575325390817468
0.05,0.5,kappa_e,1,1.5833333333,1.76,1.684628529744245
0.05,0.5,kappa_e,0,1.6666666667,0.88,10.658225146730512
0.05,0.5,kappa_e,1,1.6666666667,1.6,0.8421980196917467
0.05,0.5,kappa_e,2,1.6666666667,1.84,1.2934006932883477
0.05,0.5,kappa_e,0,1.75,0.88,10.584499934986495
0.05,0.5,kappa_e,1,1.75,1.68,0.8099356479910149
0.05,0.5,kappa_e,2,1.75,2.0,1.0670332446718724
0.05,0.5,kappa_e,0,1.8333333333,0.88,10.340394788945247
0.05,0.5,kappa_e,1,1.8333333333,1.76,0.77964271573288
0.05,0.5,kappa_e,2,1.8333333333,2.08,0.8970681097716202
0.05,0.5,kappa_e,0,1.9166666667,0.88,9.908730265184339
0.05,0.5,kappa_e,1,1.9166666667,1.84,0.7507995085998367
0.05,0.5,kappa_e,2,1.9166666667,2.16,0.7609534540264242
0.05,0.5,kappa_e,0,2.0,0.88,9.281831864914029
0.05,0.5,kappa_e,1,2.0,1.92,0.722918096467307
0.05,0.5,kappa_e,2,2.0,2.24,0.6477009932502469
0.08,0.5,sigma,0,0.0,1.36,11.8067283291292
0.08,0.5,sigma,0,0.0416666667,1.4,9.874964937693022
0.08,0.5,sigma,0,0.0625,1.44,9.546028955601194
0.08,0.5,sigma,0,0.0833333333,1.46,9.492234882530134
0.08,0.5,sigma,0,0.1041666667,1.48,9.381966872783968
0.08,0.5,sigma,0,0.125,1.52,9.329021475843016
0.08,0.5,sigma,0,0.1458333334,1.54,9.37726799379988
0.08,0.5,sigma,0,0.1666666667,1.56,9.417884471281852
0.08,0.5,sigma,0,0.2291666667,1.64,9.408382087075616
0.08,0.5,sigma,0,0.25,0.08,0.005331845581802158
0.08,0.5,sigma,1,0.25,1.64,9.331811281274533
0.08,0.5,sigma,0,0.3333333333,0.08,0.0006906162953685293
0.08,0.5,sigma,1,0.3333333333,0.24,0.0025943314677216427
0.08,0.5,sigma,2,0.3333333333,1.76,8.181150939483164
0.08,0.5,sigma,0,0.4166666667,0.16,0.036870629257464926
0.08,0.5,sigma,1,0.4166666667,0.4,0.01078980586508646
0.08,0.5,sigma,2,0.4166666667,1.76,8.09900919461148
0.08,0.5,sigma,0,0.5,0.22,0.13718371554368913
0.08,0.5,sigma,1,0.5,0.56,0.04684168689042606
0.08,0.5,sigma,2,0.5,1.84,8.248543329806239
0.08,0.5,sigma,0,0.5833333333,0.3,0.3300256566511224
0.08,0.5,sigma,1,0.5833333333,0.64,0.12510255144112897
0.08,0.5,sigma,2,0.5833333333,1.92,8.01677151388214
0.08,0.5,sigma,0,0.6041666666,0.34,0.382647260211334
0.08,0.5,sigma,0,0.625,0.36,0.43229197965268407
0.08,0.5,sigma,0,0.6458333334,0.38,0.482245483847227
0.08,0.5,sigma,0,0.6666666667,0.38,0.5395450924065992
0.08,0.5,sigma,1,0.6666666667,0.64,0.30168534119045565
0.08,0.5,sigma,2,0.6666666667,1.92,7.83531414163369
0.08,0.5,sigma,0,0.6875,0.4,0.6029691727174944
0.08,0.5,sigma,0,0.7083333334,0.42,0.6718705164126599
0.08,0.5,sigma,0,0.7291666667,0.44,0.7466540159415107
0.08,0.5,sigma,0,0.75,0.44,0.8284674225686093
0.08,0.5,sigma,1,0.75,0.74,0.6925480460591649
0.08,0.5,sigma,2,0.75,2.0,7.5853088584824775
0.08,0.5,sigma,0,0.7708333333,0.46,0.9169975579577265
0.08,0.5,sigma,1,0.7708333333,0.76,0.8366629919721715
0.08,0.5,sigma,0,0.7916666666,0.48,1.0128199388708685
0.08,0.5,sigma,1,0.7916666666,0.78,1.00978051130625
0.08,0.5,sigma,0,0.8125,0.52,1.1177070063947578
0.08,0.5,sigma,0,0.8333333333,0.54,1.2332469638158976
0.08,0.5,sigma,1,0.8333333333,0.82,1.4709751826574404
0.08,0.5,sigma,2,0.8333333333,2.0,7.49565155206683
0.08,0.5,sigma,0,0.8541666666,0.84,1.7773983741280013
0.08,0.5,sigma,0,0.9166666667,0.66,1.854351772109041
0.08,0.5,sigma,1,0.9166666667,0.92,3.185970501231381
0.08,0.5,sigma,2,0.9166666667,2.0,7.073626991747307
0.08,0.5,sigma,0,0.9375,0.94,3.962055975522336
0.08,0.5,sigma,0,0.9583333334,0.96,4.964159979053189
0.08,0.5,sigma,0,0.9791666667,0.98,6.235299307347471
0.08,0.5,sigma,0,1.0,0.82,3.1785784622389848
0.08,0.5,sigma,1,1.0,1.0,7.76227008333796
0.08,0.5,sigma,2,1.0,2.0,6.616567013928028
0.08,0.5,sigma,0,1.0208333333,1.04,9.924032744625638
0.08,0.5,sigma,0,1.0416666667,0.9,4.619210621659789
0.08,0.5,sigma,1,1.0416666667,1.06,12.723732537545118
0.08,0.5,sigma,0,1.0625,0.92,5.5395579901671255
0.08,0.5,sigma,1,1.0625,1.08,15.320228358233358
0.08,0.5,sigma,0,1.0833333333,0.94,6.463142633331245
0.08,0.5,sigma,1,1.0833333333,1.1,16.739533313342953
0.08,0.5,sigma,2,1.0833333333,2.0,6.142251878207681
0.08,0.5,sigma,0,1.1041666667,1.14,18.023369642425557
0.08,0.5,sigma,0,1.125,1.16,18.810611670367322
0.08,0.5,sigma,0,1.1458333333,1.18,18.141885280569944
0.08,0.5,sigma,0,1.1666666667,0.96,7.562991643466054
0.08,0.5,sigma,1,1.1666666667,1.22,17.97202731855927
0.08,0.5,sigma,2,1.1666666667,2.0,5.54049429077835
0.08,0.5,sigma,0,1.1875,1.24,17.123021488312112
0.08,0.5,sigma,0,1.2083333333,1.28,15.943407447492085
0.08,0.5,sigma,0,1.2291666667,1.3,14.826100960592527
0.08,0.5,sigma,0,1.25,0.88,8.666172904066315
0.08,0.5,sigma,1,1.25,1.34,13.43124069904718
0.08,0.5,sigma,2,1.25,2.0,4.583310291046219
0.08,0.5,sigma,0,1.2708333333,1.36,12.063337271185517
0.08,0.5,sigma,0,1.2916666667,1.4,10.699170590322979
0.08,0.5,sigma,0,1.3125,1.42,9.346484305017881
0.08,0.5,sigma,0,1.3333333333,0.88,9.417238954422436
0.08,0.5,sigma,1,1.3333333333,1.46,8.125253774222358
0.08,0.5,sigma,2,1.3333333333,2.0,3.121216098981442
0.08,0.5,sigma,0,1.3541666667,1.48,7.0536702211069695
0.08,0.5,sigma,0,1.375,1.5,6.1341541276118505
0.08,0.5,sigma,0,1.3958333333,1.52,5.3781410220800865
0.08,0.5,sigma,0,1.4166666667,0.88,9.939670159928502
0.08,0.5,sigma,1,1.4166666667,1.54,4.7599436554074686
0.08,0.5,sigma,2,1.4166666667,2.16,1.750001600366243
0.08,0.5,sigma,0,1.5,0.88,10.305288548120824
0.08,0.5,sigma,1,1.5,1.6,2.885307187099631
0.08,0.5,sigma,2,1.5,2.32,1.1558624415926353
0.08,0.5,sigma,0,1.5833333333,0.88,10.555881423963184
0.08,0.5,sigma,1,1.5833333333,1.68,2.117670476060262
0.08,0.5,sigma,0,1.6666666667,0.88,10.716548921848636
0.08,0.5,sigma,1,1.6666666667,1.84,1.661857255972194
0.08,0.5,sigma,0,1.75,0.88,10.801364398330108
0.08,0.5,sigma,1,1.75,1.92,1.3664645553605084
0.08,0.5,sigma,0,1.8333333333,0.88,10.81638191915411
0.08,0.5,sigma,1,1.8333333333,2.0,1.146359672681026
0.08,0.5,sigma,0,1.9166666667,0.88,10.76164698965854
0.08,0.5,sigma,1,1.9166666667,2.08,0.9740391616712856
0.08,0.5,sigma,0,2.0,0.88,10.632874338358663
0.08,0.5,sigma,1,2.0,2.16,0.8316553901228261
0.08,0.5,kappa_e,0,0.0,1.36,10.581996668387035
0.08,0.5,kappa_e,0,0.0625,1.4,9.256690119137872
0.08,0.5,kappa_e,0,0.0833333333,1.44,9.170948400751307
0.08,0.5,kappa_e,0,0.1041666667,1.46,9.114075560693038
0.08,0.5,kappa_e,0,0.125,1.5,9.04670102828408
0.08,0.5,kappa_e,0,0.1458333334,1.52,9.047998014927764
0.08,0.5,kappa_e,0,0.1666666667,1.54,9.078509476173707
0.08,0.5,kappa_e,0,0.25,1.64,9.076369839034435
0.08,0.5,kappa_e,0,0.3333333333,1.68,8.112355209182372
0.08,0.5,kappa_e,0,0.4166666667,0.32,0.06977710507958895
0.08,0.5,kappa_e,1,0.4166666667,1.76,8.14832297135342
0.08,0.5,kappa_e,0,0.5,0.32,0.14136776198913326
0.08,0.5,kappa_e,1,0.5,1.84,8.00479729377088
0.08,0.5,kappa_e,0,0.5833333333,0.4,0.2817660622436793
0.08,0.5,kappa_e,1,0.5833333333,1.84,7.6741981214647215
0.08,0.5,kappa_e,0,0.6041666666,0.42,0.3243592102443533
0.08,0.5,kappa_e,0,0.625,0.44,0.3709498398499955
0.08,0.5,kappa_e,0,0.6666666667,0.48,0.474783016895453
0.08,0.5,kappa_e,1,0.6666666667,0.8,0.05702495839321098
0.08,0.5,kappa_e,2,0.6666666667,1.92,7.679735747043727
0.08,0.5,kappa_e,0,0.6875,0.52,0.532749048936628
0.08,0.5,kappa_e,0,0.7083333334,0.54,0.5933230973268326
0.08,0.5,kappa_e,0,0.7291666667,0.56,0.655723818645991
0.08,0.5,kappa_e,0,0.75,0.6,0.725453958087753
0.08,0.5,kappa_e,1,0.75,0.88,0.1945227891373258
0.08,0.5,kappa_e,2,0.75,1.92,7.3397751054570275
0.08,0.5,kappa_e,0,0.7708333333,0.62,0.7998362077503733
0.08,0.5,kappa_e,0,0.7916666666,0.64,0.881626044188355
0.08,0.5,kappa_e,0,0.8125,0.66,0.9732934896696523
0.08,0.5,kappa_e,0,0.8333333333,0.7,1.0790954521151885
0.08,0.5,kappa_e,1,0.8333333333,0.96,0.4803617387097274
0.08,0.5,kappa_e,2,0.8333333333,2.0,7.040927410105976
0.08,0.5,kappa_e,0,0.8541666666,0.72,1.2027085346492292
0.08,0.5,kappa_e,0,0.875,0.74,1.3481380257502344
0.08,0.5,kappa_e,0,0.8958333334,0.76,1.5218439045758938
0.08,0.5,kappa_e,0,0.9166666667,0.8,1.7404421540613768
0.08,0.5,kappa_e,1,0.9166666667,1.04,1.3118581776101168
0.08,0.5,kappa_e,2,0.9166666667,2.0,6.809585673581978
0.08,0.5,kappa_e,0,0.9375,0.82,2.0142230883112973
0.08,0.5,kappa_e,0,0.9583333334,0.86,2.369831906026036
0.08,0.5,kappa_e,0,0.9791666667,0.88,2.8464268162039446
0.08,0.5,kappa_e,0,1.0,0.92,3.484430058888197
0.08,0.5,kappa_e,1,1.0,1.1,3.4768534466014067
0.08,0.5,kappa_e,2,1.0,2.0,6.384868612598451
0.08,0.5,kappa_e,0,1.0208333333,0.94,4.357024329107823
0.08,0.5,kappa_e,0,1.0416666667,0.96,5.426281335593643
0.08,0.5,kappa_e,0,1.0625,0.98,6.529594000015663
0.08,0.5,kappa_e,0,1.0833333333,0.98,7.5425641673664
0.08,0.5,kappa_e,1,1.0833333333,1.16,9.0986871043648
0.08,0.5,kappa_e,2,1.0833333333,2.0,5.814632931959082
0.08,0.5,kappa_e,0,1.1041666667,1.18,10.341592901706555
0.08,0.5,kappa_e,0,1.125,1.2,10.93133919699298
0.08,0.5,kappa_e,0,1.1458333333,1.24,11.54440647559683
0.08,0.5,kappa_e,0,1.1666666667,0.96,8.508301357205612
0.08,0.5,kappa_e,1,1.1666666667,1.26,11.531732803982798
0.08,0.5,kappa_e,2,1.1666666667,2.0,5.004600272824456
0.08,0.5,kappa_e,0,1.1875,1.3,11.509995336886597
0.08,0.5,kappa_e,0,1.2083333333,1.32,10.977934036178382
0.08,0.5,kappa_e,0,1.25,0.96,9.390765525834567
0.08,0.5,kappa_e,1,1.25,1.4,9.798635393707386
0.08,0.5,kappa_e,2,1.25,1.92,3.806615291350159
0.08,0.5,kappa_e,0,1.2708333333,1.42,8.917183310667966
0.08,0.5,kappa_e,0,1.2916666667,1.46,8.00418597254722
0.08,0.5,kappa_e,0,1.3125,1.5,6.9615606516884725
0.08,0.5,kappa_e,0,1.3333333333,0.96,9.9204140710156
0.08,0.5,kappa_e,1,1.3333333333,1.52,5.9321039590628715
0.08,0.5,kappa_e,2,1.3333333333,2.0,2.297607007559897
0.08,0.5,kappa_e,0,1.3541666667,1.56,5.035381854023001
0.08,0.5,kappa_e,0,1.4166666667,0.96,10.282216488997133
0.08,0.5,kappa_e,1,1.4166666667,1.6,2.756076173411035
0.08,0.5,kappa_e,2,1.4166666667,2.16,1.2474867178195197
0.08,0.5,kappa_e,0,1.5,0.96,10.541719136403454
0.08,0.5,kappa_e,1,1.5,1.76,1.7325916049352479
0.08,0.5,kappa_e,0,1.5833333333,0.96,10.728503788509235
0.08,0.5,kappa_e,1,1.5833333333,1.84,1.248459654071862
0.08,0.5,kappa_e,0,1.6666666667,0.96,10.85999183121057
0.08,0.5,kappa_e,1,1.6666666667,1.92,0.9578428796592178
0.08,0.5,kappa_e,0,1.75,0.96,10.948252623627898
0.08,0.5,kappa_e,1,1.75,2.0,0.7630003826792304
0.08,0.5,kappa_e,0,1.8333333333,0.96,11.00191049640585
0.08,0.5,kappa_e,1,1.8333333333,1.76,0.4705019878002439
0.08,0.5,kappa_e,2,1.8333333333,2.08,0.6237314641959415
0.08,0.5,kappa_e,0,1.9166666667,0.96,11.026852272760399
0.08,0.5,kappa_e,1,1.9166666667,1.84,0.4922635095204484
0.08,0.5,kappa_e,2,1.9166666667,2.16,0.5186388097235124
0.08,0.5,kappa_e,0,2.0,0.96,11.026670492704685
0.08,0.5,kappa_e,1,2.0,1.92,0.5076610649290885
0.08,0.5,kappa_e,2,2.0,2.32,0.439169216474653
