temperature,target_filling,field,relative_threshold,branch_index,interaction_over_W,disorder_over_W
0.005,0.5,sigma,0.01,0,0.0,1.3309392685619565
0.005,0.5,sigma,0.01,0,0.0416666667,1.3696617398985995
0.005,0.5,sigma,0.01,0,0.0625,1.3979397131016873
0.005,0.5,sigma,0.01,0,0.0833333333,1.4263471956617113
0.005,0.5,sigma,0.01,0,0.1041666667,1.454536788026511
0.005,0.5,sigma,0.01,0,0.125,1.4823122286203716
0.005,0.5,sigma,0.01,0,0.1458333334,1.5081953224072526
0.005,0.5,sigma,0.01,0,0.1666666667,1.5341846129973347
0.005,0.5,sigma,0.01,0,0.2291666667,1.6055633736892587
0.005,0.5,sigma,0.01,0,0.25,1.6272711682200445
0.005,0.5,sigma,0.01,0,0.3333333333,1.7056295266926602
0.005,0.5,sigma,0.01,0,0.4166666667,1.776881353833702
0.005,0.5,sigma,0.01,0,0.5,1.83946251675281
0.005,0.5,sigma,0.01,0,0.5833333333,1.8902134827848687
0.005,0.5,sigma,0.01,0,0.6666666667,1.9344437258544056
0.005,0.5,sigma,0.01,0,0.7291666667,0.46803311583089063
0.005,0.5,sigma,0.01,1,0.7291666667,0.4852559101517326
0.005,0.5,sigma,0.01,0,0.75,0.46758143479075187
0.005,0.5,sigma,0.01,1,0.75,0.557352214952088
0.005,0.5,sigma,0.01,2,0.75,1.9678316452380846
0.005,0.5,sigma,0.01,0,0.7708333333,0.4895025073748368
0.005,0.5,sigma,0.01,1,0.7708333333,0.6063981580797159
0.005,0.5,sigma,0.01,0,0.7916666666,0.5148287562215242
0.005,0.5,sigma,0.01,1,0.7916666666,0.6492639801384802
0.005,0.5,sigma,0.01,0,0.8125,0.5409619490996416
0.005,0.5,sigma,0.01,1,0.8125,0.6886452207048236
0.005,0.5,sigma,0.01,0,0.8333333333,0.5673916823067497
0.005,0.5,sigma,0.01,1,0.8333333333,0.7258128101044842
0.005,0.5,sigma,0.01,2,0.8333333333,1.9965432492763253
0.005,0.5,sigma,0.01,0,0.8541666666,0.7614457141966039
0.005,0.5,sigma,0.01,0,0.875,0.7949645385905051
0.005,0.5,sigma,0.01,0,0.8958333334,0.6444718225340698
0.005,0.5,sigma,0.01,1,0.8958333334,0.8279899429586751
0.005,0.5,sigma,0.01,0,0.9166666667,0.6696288296281662
0.005,0.5,sigma,0.01,1,0.9166666667,0.8603196388513381
0.005,0.5,sigma,0.01,2,0.9166666667,2.016500576917554
0.005,0.5,sigma,0.01,0,0.9375,0.8910834159350455
0.005,0.5,sigma,0.01,0,0.9583333334,0.9221418260865445
0.005,0.5,sigma,0.01,0,0.9791666667,0.9516022844514737
0.005,0.5,sigma,0.01,0,1.0,0.7690287169299701
0.005,0.5,sigma,0.01,1,1.0,0.9811665721536619
0.005,0.5,sigma,0.01,2,1.0,2.025510415744254
0.005,0.5,sigma,0.01,0,1.0208333333,1.0104087603501337
0.005,0.5,sigma,0.01,0,1.0416666667,1.0381928900292094
0.005,0.5,sigma,0.01,0,1.0625,1.0679239371743987
0.005,0.5,sigma,0.01,0,1.0833333333,0.8625286109030172
0.005,0.5,sigma,0.01,1,1.0833333333,1.095828406576106
0.005,0.5,sigma,0.01,2,1.0833333333,2.0215966259118727
0.005,0.5,sigma,0.01,0,1.1041666667,1.1251474686311693
0.005,0.5,sigma,0.01,0,1.125,1.1548021660381735
0.005,0.5,sigma,0.01,0,1.1458333333,1.185465146717259
0.005,0.5,sigma,0.01,0,1.1666666667,0.9553036878021173
0.005,0.5,sigma,0.01,1,1.1666666667,1.2171463030277503
0.005,0.5,sigma,0.01,2,1.1666666667,2.000549686113427
0.005,0.5,sigma,0.01,0,1.1875,1.2511204631327149
0.005,0.5,sigma,0.01,0,1.2083333333,1.2864390011829736
0.005,0.5,sigma,0.01,0,1.2291666667,1.3240353983665933
0.005,0.5,sigma,0.01,0,1.25,1.0485202276394738
0.005,0.5,sigma,0.01,1,1.25,1.3647627914991216
0.005,0.5,sigma,0.01,2,1.25,1.9520177881061946
0.005,0.5,sigma,0.01,0,1.2708333333,1.4094315547947562
0.005,0.5,sigma,0.01,0,1.2916666667,1.4589738454435863
0.005,0.5,sigma,0.01,0,1.3125,1.5178691534460418
0.005,0.5,sigma,0.01,0,1.3333333333,1.1391456589722135
0.005,0.5,sigma,0.01,1,1.3333333333,1.5959591325186562
0.005,0.5,sigma,0.01,2,1.3333333333,1.8167728240089427
0.005,0.5,sigma,0.01,0,1.4166666667,1.2278476018206934
0.005,0.5,sigma,0.01,0,1.5,1.315247528108184
0.005,0.5,sigma,0.01,0,1.5833333333,1.401735865608652
0.005,0.5,sigma,0.01,0,1.6666666667,1.4876610536100505
0.005,0.5,sigma,0.01,0,1.75,1.5734104444012065
0.005,0.5,sigma,0.01,0,1.8333333333,1.6593951119109631
0.005,0.5,sigma,0.01,0,1.9166666667,1.7460288879488173
0.005,0.5,sigma,0.01,0,2.0,1.833731085032294
0.005,0.5,sigma,0.0001,0,0.0,1.6112892569055703
0.005,0.5,sigma,0.0001,0,0.0833333333,1.763022247734002
0.005,0.5,sigma,0.0001,0,0.1666666667,1.8753751642889085
0.005,0.5,sigma,0.0001,0,0.25,1.974260738434552
0.005,0.5,sigma,0.0001,0,0.3333333333,2.066661084159151
0.005,0.5,sigma,0.0001,0,0.4166666667,2.151279801971888
0.005,0.5,sigma,0.0001,0,0.5,2.228800147553173
0.005,0.5,sigma,0.0001,0,0.5833333333,2.303340426973769
0.005,0.5,sigma,0.0001,0,0.6666666667,2.382169856748826
0.005,0.5,sigma,0.0001,0,1.2708333333,1.204658090401825
0.005,0.5,sigma,0.0001,1,1.2708333333,1.2283898365346142
0.005,0.5,sigma,0.0001,0,1.2916666667,1.2178038756594827
0.005,0.5,sigma,0.0001,1,1.2916666667,1.2629706356182258
0.005,0.5,sigma,0.0001,0,1.3125,1.235544045889583
0.005,0.5,sigma,0.0001,1,1.3125,1.2916475399510767
0.005,0.5,sigma,0.0001,0,1.3333333333,1.2540265912346658
0.005,0.5,sigma,0.0001,1,1.3333333333,1.3212266463975668
0.005,0.5,sigma,0.0001,0,1.375,1.3754426261293289
0.005,0.5,sigma,0.0001,0,1.3958333333,1.403246977714122
0.005,0.5,sigma,0.0001,0,1.4166666667,1.3429626392602538
0.005,0.5,sigma,0.0001,1,1.4166666667,1.4309110749239373
0.005,0.5,sigma,0.0001,0,1.5,1.4220632107081
0.005,0.5,sigma,0.0001,1,1.5,1.5558759557895916
0.005,0.5,sigma,0.0001,0,1.5833333333,1.502910070737945
0.005,0.5,sigma,0.0001,1,1.5833333333,1.7054461350784635
0.005,0.5,sigma,0.0001,0,1.6666666667,1.5846654083842215
0.005,0.5,sigma,0.0001,1,1.6666666667,1.9059657636900496
0.005,0.5,sigma,0.0001,0,1.75,1.666892830702653
0.005,0.5,sigma,0.0001,0,1.8333333333,1.7492648771050705
0.005,0.5,sigma,0.0001,0,1.9166666667,1.8316661126309883
0.005,0.5,sigma,0.0001,0,2.0,1.914198487320735
0.005,0.5,kappa_e,0.01,0,0.0,1.3308650045176946
0.005,0.5,kappa_e,0.01,0,0.0416666667,1.3695644968818594
0.005,0.5,kappa_e,0.01,0,0.0625,1.3973379516763145
0.005,0.5,kappa_e,0.01,0,0.0833333333,1.4261148060736066
0.005,0.5,kappa_e,0.01,0,0.1041666667,1.4543682094738197
0.005,0.5,kappa_e,0.01,0,0.125,1.4815334610443194
0.005,0.5,kappa_e,0.01,0,0.1458333334,1.508551372662623
0.005,0.5,kappa_e,0.01,0,0.1666666667,1.5334618394777915
0.005,0.5,kappa_e,0.01,0,0.2291666667,1.6044514636546645
0.005,0.5,kappa_e,0.01,0,0.25,1.6268090076635275
0.005,0.5,kappa_e,0.01,0,0.3333333333,1.7067581828486016
0.005,0.5,kappa_e,0.01,0,0.4166666667,1.777713117134112
0.005,0.5,kappa_e,0.01,0,0.5,1.8361979025074422
0.005,0.5,kappa_e,0.01,0,0.5833333333,1.8864962362894195
0.005,0.5,kappa_e,0.01,0,0.6666666667,1.934035318310828
0.005,0.5,kappa_e,0.01,0,0.75,1.9687987555047584
0.005,0.5,kappa_e,0.01,0,0.7708333333,0.42068372370871654
0.005,0.5,kappa_e,0.01,1,0.7708333333,0.5480589192796449
0.005,0.5,kappa_e,0.01,0,0.7916666666,0.4345307646119036
0.005,0.5,kappa_e,0.01,1,0.7916666666,0.6035470309898533
0.005,0.5,kappa_e,0.01,0,0.8125,0.4585527897944819
0.005,0.5,kappa_e,0.01,1,0.8125,0.6509736163375498
0.005,0.5,kappa_e,0.01,0,0.8333333333,0.4860440072162156
0.005,0.5,kappa_e,0.01,1,0.8333333333,0.6946155985826493
0.005,0.5,kappa_e,0.01,2,0.8333333333,1.9975537614590118
0.005,0.5,kappa_e,0.01,0,0.8541666666,0.7353976855115979
0.005,0.5,kappa_e,0.01,0,0.875,0.7739246130610745
0.005,0.5,kappa_e,0.01,0,0.8958333334,0.810724503163901
0.005,0.5,kappa_e,0.01,0,0.9166666667,0.5983446789434963
0.005,0.5,kappa_e,0.01,1,0.9166666667,0.8461751378080672
0.005,0.5,kappa_e,0.01,2,0.9166666667,2.01652006144139
0.005,0.5,kappa_e,0.01,0,0.9375,0.8801315661197697
0.005,0.5,kappa_e,0.01,0,0.9583333334,0.9131185357023945
0.005,0.5,kappa_e,0.01,0,0.9791666667,0.9455100577330559
0.005,0.5,kappa_e,0.01,0,1.0,0.7009744184911679
0.005,0.5,kappa_e,0.01,1,1.0,0.9765416925837962
0.005,0.5,kappa_e,0.01,2,1.0,2.0241540410868284
0.005,0.5,kappa_e,0.01,0,1.0208333333,1.0076674079813228
0.005,0.5,kappa_e,0.01,0,1.0416666667,1.0374484723548685
0.005,0.5,kappa_e,0.01,0,1.0625,1.0680250801499052
0.005,0.5,kappa_e,0.01,0,1.0833333333,0.7995044585935889
0.005,0.5,kappa_e,0.01,1,1.0833333333,1.0970532760137355
0.005,0.5,kappa_e,0.01,2,1.0833333333,2.0206364130478978
0.005,0.5,kappa_e,0.01,0,1.1041666667,1.1277148447157785
0.005,0.5,kappa_e,0.01,0,1.125,1.1572244079158445
0.005,0.5,kappa_e,0.01,0,1.1458333333,1.1888002425675748
0.005,0.5,kappa_e,0.01,0,1.1666666667,0.8970908382903636
0.005,0.5,kappa_e,0.01,1,1.1666666667,1.2198159969621016
0.005,0.5,kappa_e,0.01,2,1.1666666667,2.0019804763941664
0.005,0.5,kappa_e,0.01,0,1.1875,1.2540681491312002
0.005,0.5,kappa_e,0.01,0,1.2083333333,1.2895053475569624
0.005,0.5,kappa_e,0.01,0,1.2291666667,1.327094088260528
0.005,0.5,kappa_e,0.01,0,1.25,0.9908135317426799
0.005,0.5,kappa_e,0.01,1,1.25,1.367741632278067
0.005,0.5,kappa_e,0.01,2,1.25,1.9508088685626699
0.005,0.5,kappa_e,0.01,0,1.2708333333,1.4122867535832209
0.005,0.5,kappa_e,0.01,0,1.2916666667,1.4620759302881743
0.005,0.5,kappa_e,0.01,0,1.3333333333,1.082061922371364
0.005,0.5,kappa_e,0.01,1,1.3333333333,1.600548301184912
0.005,0.5,kappa_e,0.01,2,1.3333333333,1.8137642549956006
0.005,0.5,kappa_e,0.01,0,1.4166666667,1.1716732693111136
0.005,0.5,kappa_e,0.01,0,1.5,1.2603532393449568
0.005,0.5,kappa_e,0.01,0,1.5833333333,1.3488549046048643
0.005,0.5,kappa_e,0.01,0,1.6666666667,1.437991234372587
0.005,0.5,kappa_e,0.01,0,1.75,1.5265922842029445
0.005,0.5,kappa_e,0.01,0,1.8333333333,1.6139739119049474
0.005,0.5,kappa_e,0.01,0,1.9166666667,1.7005504280345534
0.005,0.5,kappa_e,0.01,0,2.0,1.786464045823725
0.005,0.5,kappa_e,0.0001,0,0.0,1.6205506046962517
0.005,0.5,kappa_e,0.0001,0,0.0833333333,1.7416240411404305
0.005,0.5,kappa_e,0.0001,0,0.1666666667,1.8738476324866735
0.005,0.5,kappa_e,0.0001,0,0.25,1.991625322314012
0.005,0.5,kappa_e,0.0001,0,0.3333333333,2.0928948239111476
0.005,0.5,kappa_e,0.0001,0,0.4166666667,2.179719983550236
0.005,0.5,kappa_e,0.0001,0,0.5,2.254608158366352
0.005,0.5,kappa_e,0.0001,0,0.5833333333,2.3188762298993604
0.005,0.5,kappa_e,0.0001,0,0.6666666667,2.3759072140519737
0.005,0.5,kappa_e,0.0001,0,1.25,1.1564989389050286
0.005,0.5,kappa_e,0.0001,1,1.25,1.1833683233724854
0.005,0.5,kappa_e,0.0001,0,1.2708333333,1.2222258289428032
0.005,0.5,kappa_e,0.0001,0,1.2916666667,1.2538039172638942
0.005,0.5,kappa_e,0.0001,0,1.3125,1.2850151636321803
0.005,0.5,kappa_e,0.0001,0,1.3333333333,1.2132983986038166
0.005,0.5,kappa_e,0.0001,1,1.3333333333,1.3152668090922275
0.005,0.5,kappa_e,0.0001,0,1.375,1.376281245354751
0.005,0.5,kappa_e,0.0001,0,1.3958333333,1.4059967909715467
0.005,0.5,kappa_e,0.0001,0,1.4166666667,1.301168944995903
0.005,0.5,kappa_e,0.0001,1,1.4166666667,1.4357628145656751
0.005,0.5,kappa_e,0.0001,0,1.5,1.3821671132943303
0.005,0.5,kappa_e,0.0001,1,1.5,1.561298705734535
0.005,0.5,kappa_e,0.0001,0,1.5833333333,1.465710870378982
0.005,0.5,kappa_e,0.0001,1,1.5833333333,1.709244124777984
0.005,0.5,kappa_e,0.0001,0,1.6666666667,1.5498180775792956
0.005,0.5,kappa_e,0.0001,1,1.6666666667,1.9086892106189224
0.005,0.5,kappa_e,0.0001,0,1.75,1.6338399520192832
0.005,0.5,kappa_e,0.0001,0,1.8333333333,1.717586746946325
0.005,0.5,kappa_e,0.0001,0,1.9166666667,1.8010547439877382
0.005,0.5,kappa_e,0.0001,0,2.0,1.8843050204310452
0.0075,0.5,sigma,0.01,0,0.0,1.3308885600481177
0.0075,0.5,sigma,0.01,0,0.0416666667,1.3696052648248283
0.0075,0.5,sigma,0.01,0,0.0625,1.3977221419280965
0.0075,0.5,sigma,0.01,0,0.0833333333,1.4262493580068856
0.0075,0.5,sigma,0.01,0,0.1041666667,1.4544593072641923
0.0075,0.5,sigma,0.01,0,0.125,1.4820377958031772
0.0075,0.5,sigma,0.01,0,0.1458333334,1.5082850827814704
0.0075,0.5,sigma,0.01,0,0.1666666667,1.5339312713253288
0.0075,0.5,sigma,0.01,0,0.2291666667,1.605185377274008
0.0075,0.5,sigma,0.01,0,0.25,1.6271002902732645
0.0075,0.5,sigma,0.01,0,0.3333333333,1.7059722664848274
0.0075,0.5,sigma,0.01,0,0.4166666667,1.7771398011082704
0.0075,0.5,sigma,0.01,0,0.5,1.838379792249561
0.0075,0.5,sigma,0.01,0,0.5833333333,1.8889784654454647
0.0075,0.5,sigma,0.01,0,0.6666666667,1.9343134084822386
0.0075,0.5,sigma,0.01,0,0.75,1.9681198616431264
0.0075,0.5,sigma,0.01,0,0.7708333333,0.49385493035988653
0.0075,0.5,sigma,0.01,1,0.7708333333,0.5333021143572492
0.0075,0.5,sigma,0.01,0,0.7916666666,0.47591008419589204
0.0075,0.5,sigma,0.01,1,0.7916666666,0.6096490335214619
0.0075,0.5,sigma,0.01,0,0.8125,0.4880454033147413
0.0075,0.5,sigma,0.01,1,0.8125,0.6622033831138048
0.0075,0.5,sigma,0.01,0,0.8333333333,0.5088575518533084
0.0075,0.5,sigma,0.01,1,0.8333333333,0.7063831736685354
0.0075,0.5,sigma,0.01,2,0.8333333333,1.9968419895722938
0.0075,0.5,sigma,0.01,0,0.8541666666,0.7466096453875042
0.0075,0.5,sigma,0.01,0,0.875,0.7842328040749813
0.0075,0.5,sigma,0.01,0,0.8958333334,0.8200151599996033
0.0075,0.5,sigma,0.01,0,0.9166666667,0.6120734353374693
0.0075,0.5,sigma,0.01,1,0.9166666667,0.8536161640484752
0.0075,0.5,sigma,0.01,2,0.9166666667,2.016521688520963
0.0075,0.5,sigma,0.01,0,0.9375,0.8865794931977152
0.0075,0.5,sigma,0.01,0,0.9583333334,0.9183628097758945
0.0075,0.5,sigma,0.01,0,0.9791666667,0.9492946549118023
0.0075,0.5,sigma,0.01,0,1.0,0.7127595218846381
0.0075,0.5,sigma,0.01,1,1.0,0.9793948577311875
0.0075,0.5,sigma,0.01,2,1.0,2.025044022365207
0.0075,0.5,sigma,0.01,0,1.0208333333,1.0094303611178068
0.0075,0.5,sigma,0.01,0,1.0416666667,1.0379354173003317
0.0075,0.5,sigma,0.01,0,1.0625,1.0679572310783434
0.0075,0.5,sigma,0.01,0,1.0833333333,0.8108947994259905
0.0075,0.5,sigma,0.01,1,1.0833333333,1.096220094677564
0.0075,0.5,sigma,0.01,2,1.0833333333,2.021279344354809
0.0075,0.5,sigma,0.01,0,1.1041666667,1.1260648687318258
0.0075,0.5,sigma,0.01,0,1.125,1.1556659914735257
0.0075,0.5,sigma,0.01,0,1.1458333333,1.1867030557128186
0.0075,0.5,sigma,0.01,0,1.1666666667,0.9056797895231111
0.0075,0.5,sigma,0.01,1,1.1666666667,1.2181533429742366
0.0075,0.5,sigma,0.01,2,1.1666666667,2.000979877264041
0.0075,0.5,sigma,0.01,0,1.1875,1.2522432199489224
0.0075,0.5,sigma,0.01,0,1.2083333333,1.2876137701267056
0.0075,0.5,sigma,0.01,0,1.2291666667,1.3252109256616247
0.0075,0.5,sigma,0.01,0,1.25,0.9978779386459324
0.0075,0.5,sigma,0.01,1,1.25,1.3659094587696776
0.0075,0.5,sigma,0.01,2,1.25,1.9515582155862503
0.0075,0.5,sigma,0.01,0,1.2708333333,1.4105321890850888
0.0075,0.5,sigma,0.01,0,1.2916666667,1.460025182354776
0.0075,0.5,sigma,0.01,0,1.3125,1.5190668816184218
0.0075,0.5,sigma,0.01,0,1.3333333333,1.0883705463129274
0.0075,0.5,sigma,0.01,1,1.3333333333,1.5976369596547766
0.0075,0.5,sigma,0.01,2,1.3333333333,1.8155493785033059
0.0075,0.5,sigma,0.01,0,1.4166666667,1.1777102615578237
0.0075,0.5,sigma,0.01,0,1.5,1.2663468331898986
0.0075,0.5,sigma,0.01,0,1.5833333333,1.3547086844631773
0.0075,0.5,sigma,0.01,0,1.6666666667,1.4428902574709772
0.0075,0.5,sigma,0.01,0,1.75,1.5300781377609658
0.0075,0.5,sigma,0.01,0,1.8333333333,1.6166147485138902
0.0075,0.5,sigma,0.01,0,1.9166666667,1.7026273880350344
0.0075,0.5,sigma,0.01,0,2.0,1.7882104620211343
0.0075,0.5,sigma,0.0001,0,0.0,1.6142822110633375
0.0075,0.5,sigma,0.0001,0,0.0833333333,1.7561242541752224
0.0075,0.5,sigma,0.0001,0,0.1666666667,1.8748180548350803
0.0075,0.5,sigma,0.0001,0,0.25,1.980718180240345
0.0075,0.5,sigma,0.0001,0,0.3333333333,2.0752614896978954
0.0075,0.5,sigma,0.0001,0,0.4166666667,2.1609434530647
0.0075,0.5,sigma,0.0001,0,0.5,2.2376162943758735
0.0075,0.5,sigma,0.0001,0,0.5833333333,2.3092898115299416
0.0075,0.5,sigma,0.0001,0,0.6666666667,2.3793079939101585
0.0075,0.5,sigma,0.0001,0,1.2708333333,1.2250769561058281
0.0075,0.5,sigma,0.0001,0,1.2916666667,1.2112936284295268
0.0075,0.5,sigma,0.0001,1,1.2916666667,1.2604651894972698
0.0075,0.5,sigma,0.0001,0,1.3125,1.2274594742960137
0.0075,0.5,sigma,0.0001,1,1.3125,1.289216618428285
0.0075,0.5,sigma,0.0001,0,1.3333333333,1.2447866472397362
0.0075,0.5,sigma,0.0001,1,1.3333333333,1.3197484761626714
0.0075,0.5,sigma,0.0001,0,1.375,1.3756413100545015
0.0075,0.5,sigma,0.0001,0,1.3958333333,1.404043189491916
0.0075,0.5,sigma,0.0001,0,1.4166666667,1.330961798156574
0.0075,0.5,sigma,0.0001,1,1.4166666667,1.4322942779903511
0.0075,0.5,sigma,0.0001,0,1.5,1.4085130987004895
0.0075,0.5,sigma,0.0001,1,1.5,1.5578570339023678
0.0075,0.5,sigma,0.0001,0,1.5833333333,1.4886833548250236
0.0075,0.5,sigma,0.0001,1,1.5833333333,1.706927006904413
0.0075,0.5,sigma,0.0001,0,1.6666666667,1.5701325249261293
0.0075,0.5,sigma,0.0001,1,1.6666666667,1.9070131617585113
0.0075,0.5,sigma,0.0001,0,1.75,1.6521982331945133
0.0075,0.5,sigma,0.0001,0,1.8333333333,1.7344758980929107
0.0075,0.5,sigma,0.0001,0,1.9166666667,1.8168127921851092
0.0075,0.5,sigma,0.0001,0,2.0,1.8992394389811158
0.0075,0.5,kappa_e,0.01,0,0.0,1.3301169365676724
0.0075,0.5,kappa_e,0.01,0,0.0416666667,1.3688639009274264
0.0075,0.5,kappa_e,0.01,0,0.0625,1.3968600028853588
0.0075,0.5,kappa_e,0.01,0,0.0833333333,1.4255254724164674
0.0075,0.5,kappa_e,0.01,0,0.1041666667,1.4537462170071123
0.0075,0.5,kappa_e,0.01,0,0.125,1.4812192597260825
0.0075,0.5,kappa_e,0.01,0,0.1458333334,1.507760997419439
0.0075,0.5,kappa_e,0.01,0,0.1666666667,1.5331160269462045
0.0075,0.5,kappa_e,0.01,0,0.2291666667,1.6042935062638022
0.0075,0.5,kappa_e,0.01,0,0.25,1.6263989644166617
0.0075,0.5,kappa_e,0.01,0,0.3333333333,1.7058458962817968
0.0075,0.5,kappa_e,0.01,0,0.4166666667,1.7769398517292685
0.0075,0.5,kappa_e,0.01,0,0.5,1.8365552843088795
0.0075,0.5,kappa_e,0.01,0,0.5833333333,1.8870230623307342
0.0075,0.5,kappa_e,0.01,0,0.6666666667,1.9335817480365585
0.0075,0.5,kappa_e,0.01,0,0.75,1.9678651903727973
0.0075,0.5,kappa_e,0.01,0,0.8125,0.5009853360785292
0.0075,0.5,kappa_e,0.01,1,0.8125,0.5474370831193882
0.0075,0.5,kappa_e,0.01,0,0.8333333333,0.4564927385634906
0.0075,0.5,kappa_e,0.01,1,0.8333333333,0.635219611526847
0.0075,0.5,kappa_e,0.01,2,0.8333333333,1.9965094476317864
0.0075,0.5,kappa_e,0.01,0,0.8541666666,0.6918141783281205
0.0075,0.5,kappa_e,0.01,0,0.875,0.7411558969877464
0.0075,0.5,kappa_e,0.01,0,0.8958333334,0.7856601382521565
0.0075,0.5,kappa_e,0.01,0,0.9166666667,0.5004323474561152
0.0075,0.5,kappa_e,0.01,1,0.9166666667,0.827063117836502
0.0075,0.5,kappa_e,0.01,2,0.9166666667,2.0157709987431986
0.0075,0.5,kappa_e,0.01,0,0.9375,0.8659939854103387
0.0075,0.5,kappa_e,0.01,0,0.9583333334,0.9029325077156032
0.0075,0.5,kappa_e,0.01,0,0.9791666667,0.9380731393748901
0.0075,0.5,kappa_e,0.01,0,1.0,0.6084320820006115
0.0075,0.5,kappa_e,0.01,1,1.0,0.9720328502062668
0.0075,0.5,kappa_e,0.01,2,1.0,2.023732834137307
0.0075,0.5,kappa_e,0.01,0,1.0208333333,1.0050488759402476
0.0075,0.5,kappa_e,0.01,0,1.0416666667,1.036706939902762
0.0075,0.5,kappa_e,0.01,0,1.0625,1.0683705377978288
0.0075,0.5,kappa_e,0.01,0,1.0833333333,0.7125611684238231
0.0075,0.5,kappa_e,0.01,1,1.0833333333,1.0986477515048483
0.0075,0.5,kappa_e,0.01,2,1.0833333333,2.0199086093824854
0.0075,0.5,kappa_e,0.01,0,1.1041666667,1.1300842277076981
0.0075,0.5,kappa_e,0.01,0,1.125,1.1600503337638202
0.0075,0.5,kappa_e,0.01,0,1.1458333333,1.1923646178236924
0.0075,0.5,kappa_e,0.01,0,1.1666666667,0.8128659315763269
0.0075,0.5,kappa_e,0.01,1,1.1666666667,1.2244294941119047
0.0075,0.5,kappa_e,0.01,2,1.1666666667,2.000129981663947
0.0075,0.5,kappa_e,0.01,0,1.1875,1.2578099775494636
0.0075,0.5,kappa_e,0.01,0,1.2083333333,1.2936219947140155
0.0075,0.5,kappa_e,0.01,0,1.2291666667,1.331372344796819
0.0075,0.5,kappa_e,0.01,0,1.25,0.9094576260743241
0.0075,0.5,kappa_e,0.01,1,1.25,1.3720112170348386
0.0075,0.5,kappa_e,0.01,2,1.25,1.949175050864093
0.0075,0.5,kappa_e,0.01,0,1.2708333333,1.4164498215113426
0.0075,0.5,kappa_e,0.01,0,1.2916666667,1.4670209942570525
0.0075,0.5,kappa_e,0.01,0,1.3333333333,1.0031796617679574
0.0075,0.5,kappa_e,0.01,1,1.3333333333,1.6135644468648906
0.0075,0.5,kappa_e,0.01,2,1.3333333333,1.8063676045942072
0.0075,0.5,kappa_e,0.01,0,1.4166666667,1.0949403137831994
0.0075,0.5,kappa_e,0.01,0,1.5,1.185380511352256
0.0075,0.5,kappa_e,0.01,0,1.5833333333,1.2750385376876692
0.0075,0.5,kappa_e,0.01,0,1.6666666667,1.364302276497663
0.0075,0.5,kappa_e,0.01,0,1.75,1.4527112034092167
0.0075,0.5,kappa_e,0.01,0,1.8333333333,1.5403103243046348
0.0075,0.5,kappa_e,0.01,0,1.9166666667,1.627257556614292
0.0075,0.5,kappa_e,0.01,0,2.0,1.7136726671834472
0.0075,0.5,kappa_e,0.0001,0,0.0,1.6161609492045848
0.0075,0.5,kappa_e,0.0001,0,0.0833333333,1.7488863416559404
0.0075,0.5,kappa_e,0.0001,0,0.1666666667,1.8733051549229536
0.0075,0.5,kappa_e,0.0001,0,0.25,1.987274558047354
0.0075,0.5,kappa_e,0.0001,0,0.3333333333,2.0876748011222404
0.0075,0.5,kappa_e,0.0001,0,0.4166666667,2.17540245639232
0.0075,0.5,kappa_e,0.0001,0,0.5,2.2512277952347715
0.0075,0.5,kappa_e,0.0001,0,0.5833333333,2.3157979950633796
0.0075,0.5,kappa_e,0.0001,0,0.6666666667,2.375693067523817
0.0075,0.5,kappa_e,0.0001,0,1.2291666667,1.1436153997074914
0.0075,0.5,kappa_e,0.0001,0,1.25,1.1101193405585315
0.0075,0.5,kappa_e,0.0001,1,1.25,1.1805219480698521
0.0075,0.5,kappa_e,0.0001,0,1.2708333333,1.2134946573557477
0.0075,0.5,kappa_e,0.0001,0,1.2916666667,1.2463451177662441
0.0075,0.5,kappa_e,0.0001,0,1.3125,1.2790797318905995
0.0075,0.5,kappa_e,0.0001,0,1.3333333333,1.1828632261981311
0.0075,0.5,kappa_e,0.0001,1,1.3333333333,1.3110127404947547
0.0075,0.5,kappa_e,0.0001,0,1.375,1.3767188841282565
0.0075,0.5,kappa_e,0.0001,0,1.3958333333,1.4083373944181554
0.0075,0.5,kappa_e,0.0001,0,1.4166666667,1.261007952472471
0.0075,0.5,kappa_e,0.0001,1,1.4166666667,1.4404239348193584
0.0075,0.5,kappa_e,0.0001,0,1.5,1.3414983258974646
0.0075,0.5,kappa_e,0.0001,1,1.5,1.565916906256477
0.0075,0.5,kappa_e,0.0001,0,1.5833333333,1.423176495069322
0.0075,0.5,kappa_e,0.0001,1,1.5833333333,1.7151908797631485
0.0075,0.5,kappa_e,0.0001,0,1.6666666667,1.5055136374891869
0.0075,0.5,kappa_e,0.0001,1,1.6666666667,1.9127067048651964
0.0075,0.5,kappa_e,0.0001,0,1.75,1.5882385186236585
0.0075,0.5,kappa_e,0.0001,0,1.8333333333,1.6711982895804243
0.0075,0.5,kappa_e,0.0001,0,1.9166666667,1.754301998632051
0.0075,0.5,kappa_e,0.0001,0,2.0,1.8374943936623533
0.01,0.5,sigma,0.01,0,0.0,1.3307042623873526
0.01,0.5,sigma,0.01,0,0.0416666667,1.369428212581143
0.01,0.5,sigma,0.01,0,0.0625,1.397511671038676
0.01,0.5,sigma,0.01,0,0.0833333333,1.426074984886855
0.01,0.5,sigma,0.01,0,0.1041666667,1.4542882179980239
0.01,0.5,sigma,0.01,0,0.125,1.4818351370422151
0.01,0.5,sigma,0.01,0,0.1458333334,1.5081639046489703
0.01,0.5,sigma,0.01,0,0.1666666667,1.5337305235624255
0.01,0.5,sigma,0.01,0,0.2291666667,1.6049623285792973
0.01,0.5,sigma,0.01,0,0.25,1.6269279748956686
0.01,0.5,sigma,0.01,0,0.3333333333,1.7059539843298848
0.01,0.5,sigma,0.01,0,0.4166666667,1.7771048231034712
0.01,0.5,sigma,0.01,0,0.5,1.8379109922231571
0.01,0.5,sigma,0.01,0,0.5833333333,1.8884717810409077
0.01,0.5,sigma,0.01,0,0.6666666667,1.9341335727055367
0.01,0.5,sigma,0.01,0,0.75,1.9680701173699358
0.01,0.5,sigma,0.01,0,0.8125,0.5206325207309151
0.01,0.5,sigma,0.01,1,0.8125,0.6022577033916223
0.01,0.5,sigma,0.01,0,0.8333333333,0.4973839183762842
0.01,0.5,sigma,0.01,1,0.8333333333,0.672285360848539
0.01,0.5,sigma,0.01,2,0.8333333333,1.9967739381396752
0.01,0.5,sigma,0.01,0,0.8541666666,0.7243776994690622
0.01,0.5,sigma,0.01,0,0.875,0.7684425613621823
0.01,0.5,sigma,0.01,0,0.8958333334,0.8084020559945686
0.01,0.5,sigma,0.01,0,0.9166666667,0.5497736938931255
0.01,0.5,sigma,0.01,1,0.9166666667,0.8456499916076065
0.01,0.5,sigma,0.01,2,0.9166666667,2.0163576230973073
0.01,0.5,sigma,0.01,0,0.9375,0.8810150664103137
0.01,0.5,sigma,0.01,0,0.9583333334,0.914190144739918
0.01,0.5,sigma,0.01,0,0.9791666667,0.9466080642974786
0.01,0.5,sigma,0.01,0,1.0,0.6522893639443338
0.01,0.5,sigma,0.01,1,1.0,0.9776631469671817
0.01,0.5,sigma,0.01,2,1.0,2.0247141617189515
0.01,0.5,sigma,0.01,0,1.0208333333,1.00842745557753
0.01,0.5,sigma,0.01,0,1.0416666667,1.0376645617270823
0.01,0.5,sigma,0.01,0,1.0625,1.0680303082178881
0.01,0.5,sigma,0.01,0,1.0833333333,0.7530210619650157
0.01,0.5,sigma,0.01,1,1.0833333333,1.0966757172251507
0.01,0.5,sigma,0.01,2,1.0833333333,2.0209534188961853
0.01,0.5,sigma,0.01,0,1.1041666667,1.1269769327614623
0.01,0.5,sigma,0.01,0,1.125,1.1566021795517452
0.01,0.5,sigma,0.01,0,1.1458333333,1.1880348171766868
0.01,0.5,sigma,0.01,0,1.1666666667,0.8496152609618564
0.01,0.5,sigma,0.01,1,1.1666666667,1.219320165308781
0.01,0.5,sigma,0.01,2,1.1666666667,2.0007910138232345
0.01,0.5,sigma,0.01,0,1.1875,1.253574643110369
0.01,0.5,sigma,0.01,0,1.2083333333,1.289060050374394
0.01,0.5,sigma,0.01,0,1.2291666667,1.3266961536395436
0.01,0.5,sigma,0.01,0,1.25,0.9434969376963517
0.01,0.5,sigma,0.01,1,1.25,1.3673812146847502
0.01,0.5,sigma,0.01,2,1.25,1.9509832711225927
0.01,0.5,sigma,0.01,0,1.2708333333,1.4119606620908893
0.01,0.5,sigma,0.01,0,1.2916666667,1.461716153916477
0.01,0.5,sigma,0.01,0,1.3333333333,1.0356241535897304
0.01,0.5,sigma,0.01,1,1.3333333333,1.5998762848672927
0.01,0.5,sigma,0.01,2,1.3333333333,1.8133940160983024
0.01,0.5,sigma,0.01,0,1.4166666667,1.126598736866639
0.01,0.5,sigma,0.01,0,1.5,1.2162504432154724
0.01,0.5,sigma,0.01,0,1.5833333333,1.3048281416798482
0.01,0.5,sigma,0.01,0,1.6666666667,1.3925768769868059
0.01,0.5,sigma,0.01,0,1.75,1.4796745270253748
0.01,0.5,sigma,0.01,0,1.8333333333,1.5662586117129604
0.01,0.5,sigma,0.01,0,1.9166666667,1.6524408942531843
0.01,0.5,sigma,0.01,0,2.0,1.7383192511753787
0.01,0.5,sigma,0.0001,0,0.0,1.6148171656357972
0.01,0.5,sigma,0.0001,0,0.0833333333,1.7542358969590592
0.01,0.5,sigma,0.0001,0,0.1666666667,1.8744185895083099
0.01,0.5,sigma,0.0001,0,0.25,1.9825698800731142
0.01,0.5,sigma,0.0001,0,0.3333333333,2.078447465444247
0.01,0.5,sigma,0.0001,0,0.4166666667,2.1654721633333027
0.01,0.5,sigma,0.0001,0,0.5,2.2415718781123775
0.01,0.5,sigma,0.0001,0,0.5833333333,2.31116020880416
0.01,0.5,sigma,0.0001,0,0.6666666667,2.378209115467052
0.01,0.5,sigma,0.0001,0,1.2708333333,1.2218328642666734
0.01,0.5,sigma,0.0001,0,1.2916666667,1.2557567176700821
0.01,0.5,sigma,0.0001,0,1.3125,1.215769992283727
0.01,0.5,sigma,0.0001,1,1.3125,1.286937314826841
0.01,0.5,sigma,0.0001,0,1.3333333333,1.2325119885640772
0.01,0.5,sigma,0.0001,1,1.3333333333,1.3177391543090753
0.01,0.5,sigma,0.0001,0,1.375,1.3758029232153726
0.01,0.5,sigma,0.0001,0,1.3958333333,1.4047774539536695
0.01,0.5,sigma,0.0001,0,1.4166666667,1.3147139822799083
0.01,0.5,sigma,0.0001,1,1.4166666667,1.4336657245171658
0.01,0.5,sigma,0.0001,0,1.5,1.3906336407554307
0.01,0.5,sigma,0.0001,1,1.5,1.559761212872699
0.01,0.5,sigma,0.0001,0,1.5833333333,1.4700959312236168
0.01,0.5,sigma,0.0001,1,1.5833333333,1.7089369883291692
0.01,0.5,sigma,0.0001,0,1.6666666667,1.551214879248845
0.01,0.5,sigma,0.0001,1,1.6666666667,1.9084003831158536
0.01,0.5,sigma,0.0001,0,1.75,1.6331427353272419
0.01,0.5,sigma,0.0001,0,1.8333333333,1.7154156479684177
0.01,0.5,sigma,0.0001,0,1.9166666667,1.7978280429428433
0.01,0.5,sigma,0.0001,0,2.0,1.8803361849558715
0.01,0.5,kappa_e,0.01,0,0.0,1.3292543316196133
0.01,0.5,kappa_e,0.01,0,0.0416666667,1.368034155704891
0.01,0.5,kappa_e,0.01,0,0.0625,1.3960815794991022
0.01,0.5,kappa_e,0.01,0,0.0833333333,1.4247623477237013
0.01,0.5,kappa_e,0.01,0,0.1041666667,1.4529663572343876
0.01,0.5,kappa_e,0.01,0,0.125,1.4805782620666668
0.01,0.5,kappa_e,0.01,0,0.1458333334,1.506966338957094
0.01,0.5,kappa_e,0.01,0,0.1666666667,1.5324655424157183
0.01,0.5,kappa_e,0.01,0,0.2291666667,1.6037625903876644
0.01,0.5,kappa_e,0.01,0,0.25,1.6257750298660403
0.01,0.5,kappa_e,0.01,0,0.3333333333,1.705040307653533
0.01,0.5,kappa_e,0.01,0,0.4166666667,1.7761563442990278
0.01,0.5,kappa_e,0.01,0,0.5,1.8362812422756098
0.01,0.5,kappa_e,0.01,0,0.5833333333,1.8869407288523001
0.01,0.5,kappa_e,0.01,0,0.6666666667,1.9329126642558467
0.01,0.5,kappa_e,0.01,0,0.75,1.9669373099998864
0.01,0.5,kappa_e,0.01,0,0.8333333333,1.9953619816623687
0.01,0.5,kappa_e,0.01,0,0.875,0.6821657664781839
0.01,0.5,kappa_e,0.01,0,0.8958333334,0.7471595929544499
0.01,0.5,kappa_e,0.01,0,0.9166666667,0.48064381814709445
0.01,0.5,kappa_e,0.01,1,0.9166666667,0.8007521636745419
0.01,0.5,kappa_e,0.01,2,0.9166666667,2.0148055900044786
0.01,0.5,kappa_e,0.01,0,0.9375,0.8474726468938557
0.01,0.5,kappa_e,0.01,0,0.9583333334,0.890124041784734
0.01,0.5,kappa_e,0.01,0,0.9791666667,0.9296811702270682
0.01,0.5,kappa_e,0.01,0,1.0,0.5132823115862776
0.01,0.5,kappa_e,0.01,1,1.0,0.9669236872239318
0.01,0.5,kappa_e,0.01,2,1.0,2.022885889349394
0.01,0.5,kappa_e,0.01,0,1.0208333333,1.0023462355744164
0.01,0.5,kappa_e,0.01,0,1.0416666667,1.0359319301779848
0.01,0.5,kappa_e,0.01,0,1.0625,1.068836768809972
0.01,0.5,kappa_e,0.01,0,1.0833333333,0.6158906523578186
0.01,0.5,kappa_e,0.01,1,1.0833333333,1.100516487229303
0.01,0.5,kappa_e,0.01,2,1.0833333333,2.0188020574582977
0.01,0.5,kappa_e,0.01,0,1.1041666667,1.132411223122288
0.01,0.5,kappa_e,0.01,0,1.125,1.1639435580967246
0.01,0.5,kappa_e,0.01,0,1.1458333333,1.1958471859811888
0.01,0.5,kappa_e,0.01,0,1.1666666667,0.720986653554912
0.01,0.5,kappa_e,0.01,1,1.1666666667,1.2289811014792897
0.01,0.5,kappa_e,0.01,2,1.1666666667,1.997986725307204
0.01,0.5,kappa_e,0.01,0,1.1875,1.2624460608892016
0.01,0.5,kappa_e,0.01,0,1.2083333333,1.2980618793181238
0.01,0.5,kappa_e,0.01,0,1.2291666667,1.3361629594468878
0.01,0.5,kappa_e,0.01,0,1.25,0.8217023813739103
0.01,0.5,kappa_e,0.01,1,1.25,1.3769602251254924
0.01,0.5,kappa_e,0.01,2,1.25,1.9469418458921761
0.01,0.5,kappa_e,0.01,0,1.2708333333,1.4217746741405808
0.01,0.5,kappa_e,0.01,0,1.2916666667,1.4730209753230825
0.01,0.5,kappa_e,0.01,0,1.3333333333,0.9185206183595653
0.01,0.5,kappa_e,0.01,1,1.3333333333,1.6294145505613489
0.01,0.5,kappa_e,0.01,2,1.3333333333,1.7968066174977297
0.01,0.5,kappa_e,0.01,0,1.4166666667,1.0126611292619734
0.01,0.5,kappa_e,0.01,0,1.5,1.1049098752149145
0.01,0.5,kappa_e,0.01,0,1.5833333333,1.1958317988676095
0.01,0.5,kappa_e,0.01,0,1.6666666667,1.2859164642216059
0.01,0.5,kappa_e,0.01,0,1.75,1.3750282391348918
0.01,0.5,kappa_e,0.01,0,1.8333333333,1.4632584442882863
0.01,0.5,kappa_e,0.01,0,1.9166666667,1.550781190522218
0.01,0.5,kappa_e,0.01,0,2.0,1.637727881609282
0.01,0.5,kappa_e,0.0001,0,0.0,1.6138098720102663
0.01,0.5,kappa_e,0.0001,0,0.0833333333,1.7513728434483888
0.01,0.5,kappa_e,0.0001,0,0.1666666667,1.872899219082615
0.01,0.5,kappa_e,0.0001,0,0.25,1.9838965946043476
0.01,0.5,kappa_e,0.0001,0,0.3333333333,2.0821793000704245
0.01,0.5,kappa_e,0.0001,0,0.4166666667,2.1700830472221444
0.01,0.5,kappa_e,0.0001,0,0.5,2.246416420036031
0.01,0.5,kappa_e,0.0001,0,0.5833333333,2.3129369973500227
0.01,0.5,kappa_e,0.0001,0,0.6666666667,2.375859979455184
0.01,0.5,kappa_e,0.0001,0,1.2291666667,1.1406452643573595
0.01,0.5,kappa_e,0.0001,0,1.25,1.0669683249676243
0.01,0.5,kappa_e,0.0001,1,1.25,1.1736113426631074
0.01,0.5,kappa_e,0.0001,0,1.2708333333,1.2068022731312487
0.01,0.5,kappa_e,0.0001,0,1.2916666667,1.2403141214721067
0.01,0.5,kappa_e,0.0001,0,1.3125,1.27342354656851
0.01,0.5,kappa_e,0.0001,0,1.3333333333,1.1392871511908436
0.01,0.5,kappa_e,0.0001,1,1.3333333333,1.3074120523598873
0.01,0.5,kappa_e,0.0001,0,1.375,1.3771270323273086
0.01,0.5,kappa_e,0.0001,0,1.3958333333,1.4106258043551911
0.01,0.5,kappa_e,0.0001,0,1.4166666667,1.2193124506089128
0.01,0.5,kappa_e,0.0001,1,1.4166666667,1.443797807479018
0.01,0.5,kappa_e,0.0001,0,1.5,1.301505950748466
0.01,0.5,kappa_e,0.0001,1,1.5,1.5710835187039869
0.01,0.5,kappa_e,0.0001,0,1.5833333333,1.3844791752246959
0.01,0.5,kappa_e,0.0001,1,1.5833333333,1.7224236677363807
0.01,0.5,kappa_e,0.0001,0,1.6666666667,1.4677545762827762
0.01,0.5,kappa_e,0.0001,1,1.6666666667,1.9182321112170675
0.01,0.5,kappa_e,0.0001,0,1.75,1.5511408506781945
0.01,0.5,kappa_e,0.0001,0,1.8333333333,1.6345565272284965
0.01,0.5,kappa_e,0.0001,0,1.9166666667,1.7179626036581104
0.01,0.5,kappa_e,0.0001,0,2.0,1.8013420617683655
0.015,0.5,sigma,0.01,0,0.0,1.330147598430307
0.015,0.5,sigma,0.01,0,0.0416666667,1.368891586075926
0.015,0.5,sigma,0.01,0,0.0625,1.396961587223887
0.015,0.5,sigma,0.01,0,0.0833333333,1.4255686406372796
0.015,0.5,sigma,0.01,0,0.1041666667,1.4537775937172517
0.015,0.5,sigma,0.01,0,0.125,1.4813520949104135
0.015,0.5,sigma,0.01,0,0.1458333334,1.507698857628174
0.015,0.5,sigma,0.01,0,0.1666666667,1.53324419840599
0.015,0.5,sigma,0.01,0,0.2291666667,1.6045041334209817
0.015,0.5,sigma,0.01,0,0.25,1.6264836657708859
0.015,0.5,sigma,0.01,0,0.3333333333,1.7055921343100722
0.015,0.5,sigma,0.01,0,0.4166666667,1.7767323002578304
0.015,0.5,sigma,0.01,0,0.5,1.8373065563538375
0.015,0.5,sigma,0.01,0,0.5833333333,1.8879116156008877
0.015,0.5,sigma,0.01,0,0.6666666667,1.9336616617569506
0.015,0.5,sigma,0.01,0,0.75,1.967624253111213
0.015,0.5,sigma,0.01,0,0.8333333333,1.996216246845647
0.015,0.5,sigma,0.01,0,0.875,0.6986410342113402
0.015,0.5,sigma,0.01,0,0.8958333334,0.7703134176282059
0.015,0.5,sigma,0.01,0,0.9166666667,0.5453509006888355
0.015,0.5,sigma,0.01,1,0.9166666667,0.8221927243497557
0.015,0.5,sigma,0.01,2,0.9166666667,2.0157664438487526
0.015,0.5,sigma,0.01,0,0.9375,0.865311270434704
0.015,0.5,sigma,0.01,0,0.9583333334,0.9042854348674688
0.015,0.5,sigma,0.01,0,0.9791666667,0.9405328416424938
0.015,0.5,sigma,0.01,0,1.0,0.5451937520668976
0.015,0.5,sigma,0.01,1,1.0,0.9738346729233232
0.015,0.5,sigma,0.01,2,1.0,2.0240170062056446
0.015,0.5,sigma,0.01,0,1.0208333333,1.0064080480953081
0.015,0.5,sigma,0.01,0,1.0416666667,1.037105700694638
0.015,0.5,sigma,0.01,0,1.0625,1.0682445563690675
0.015,0.5,sigma,0.01,0,1.0833333333,0.6223725476266498
0.015,0.5,sigma,0.01,1,1.0833333333,1.097666011618009
0.015,0.5,sigma,0.01,2,1.0833333333,2.020141039926507
0.015,0.5,sigma,0.01,0,1.1041666667,1.1286902878667426
0.015,0.5,sigma,0.01,0,1.125,1.1585116930101957
0.015,0.5,sigma,0.01,0,1.1458333333,1.190625192982222
0.015,0.5,sigma,0.01,0,1.1666666667,0.7240033539805066
0.015,0.5,sigma,0.01,1,1.1666666667,1.2224760575286546
0.015,0.5,sigma,0.01,2,1.1666666667,1.999766290210316
0.015,0.5,sigma,0.01,0,1.1875,1.2564133362870726
0.015,0.5,sigma,0.01,0,1.2083333333,1.292258408016443
0.015,0.5,sigma,0.01,0,1.2291666667,1.3301108787719211
0.015,0.5,sigma,0.01,0,1.25,0.8234434483582864
0.015,0.5,sigma,0.01,1,1.25,1.3708735521806004
0.015,0.5,sigma,0.01,2,1.25,1.9494556275923336
0.015,0.5,sigma,0.01,0,1.2708333333,1.4154369335397938
0.015,0.5,sigma,0.01,0,1.2916666667,1.4659128446783964
0.015,0.5,sigma,0.01,0,1.3333333333,0.9194171264294805
0.015,0.5,sigma,0.01,1,1.3333333333,1.6111922249459176
0.015,0.5,sigma,0.01,2,1.3333333333,1.8072869526243207
0.015,0.5,sigma,0.01,0,1.4166666667,1.0128951424381032
0.015,0.5,sigma,0.01,0,1.5,1.1045574850923077
0.015,0.5,sigma,0.01,0,1.5833333333,1.194874258723922
0.015,0.5,sigma,0.01,0,1.6666666667,1.2841574236837967
0.015,0.5,sigma,0.01,0,1.75,1.3725003834755907
0.015,0.5,sigma,0.01,0,1.8333333333,1.4600815504204456
0.015,0.5,sigma,0.01,0,1.9166666667,1.5470456205044676
0.015,0.5,sigma,0.01,0,2.0,1.633501647220087
0.015,0.5,sigma,0.0001,0,0.0,1.614372978381605
0.015,0.5,sigma,0.0001,0,0.0833333333,1.7532767665748161
0.015,0.5,sigma,0.0001,0,0.1666666667,1.8738452404802581
0.015,0.5,sigma,0.0001,0,0.25,1.9829033285510913
0.015,0.5,sigma,0.0001,0,0.3333333333,2.079456201187111
0.015,0.5,sigma,0.0001,0,0.4166666667,2.166910867572749
0.015,0.5,sigma,0.0001,0,0.5,2.2431427545731646
0.015,0.5,sigma,0.0001,0,0.5833333333,2.311656421433954
0.015,0.5,sigma,0.0001,0,0.6666666667,2.3773340890668213
0.015,0.5,sigma,0.0001,0,1.2708333333,1.2108562426779346
0.015,0.5,sigma,0.0001,0,1.2916666667,1.2484458000257095
0.015,0.5,sigma,0.0001,0,1.3125,1.2827962440353042
0.015,0.5,sigma,0.0001,0,1.3333333333,1.1970805211219113
0.015,0.5,sigma,0.0001,1,1.3333333333,1.3144632813249495
0.015,0.5,sigma,0.0001,0,1.375,1.3760808562647715
0.015,0.5,sigma,0.0001,0,1.3958333333,1.4061074212334355
0.015,0.5,sigma,0.0001,0,1.4166666667,1.2702659158446175
0.015,0.5,sigma,0.0001,1,1.4166666667,1.436246330014642
0.015,0.5,sigma,0.0001,0,1.5,1.3472857428865026
0.015,0.5,sigma,0.0001,1,1.5,1.5634966942680502
0.015,0.5,sigma,0.0001,0,1.5833333333,1.4263419490655282
0.015,0.5,sigma,0.0001,1,1.5833333333,1.713993810326948
0.015,0.5,sigma,0.0001,0,1.6666666667,1.5065862164377006
0.015,0.5,sigma,0.0001,1,1.6666666667,1.9122105960946159
0.015,0.5,sigma,0.0001,0,1.75,1.5875734361879705
0.015,0.5,sigma,0.0001,0,1.8333333333,1.6690481793610543
0.015,0.5,sigma,0.0001,0,1.9166666667,1.7508556870866854
0.015,0.5,sigma,0.0001,0,2.0,1.8328980527943857
0.015,0.5,kappa_e,0.01,0,0.0,1.32701041654837
0.015,0.5,kappa_e,0.01,0,0.0416666667,1.365827061462256
0.015,0.5,kappa_e,0.01,0,0.0625,1.3938586075329669
0.015,0.5,kappa_e,0.01,0,0.0833333333,1.4226822640126835
0.015,0.5,kappa_e,0.01,0,0.1041666667,1.4508637124356538
0.015,0.5,kappa_e,0.01,0,0.125,1.4785206638367283
0.015,0.5,kappa_e,0.01,0,0.1458333334,1.5049900119685808
0.015,0.5,kappa_e,0.01,0,0.1666666667,1.530521061616247
0.015,0.5,kappa_e,0.01,0,0.2291666667,1.6019890571143938
0.015,0.5,kappa_e,0.01,0,0.25,1.6239786014536768
0.015,0.5,kappa_e,0.01,0,0.3333333333,1.7033172954594975
0.015,0.5,kappa_e,0.01,0,0.4166666667,1.7743872363116568
0.015,0.5,kappa_e,0.01,0,0.5,1.8343925083617905
0.015,0.5,kappa_e,0.01,0,0.5833333333,1.8853727413555357
0.015,0.5,kappa_e,0.01,0,0.6666666667,1.9309831995971374
0.015,0.5,kappa_e,0.01,0,0.75,1.9648663246107065
0.015,0.5,kappa_e,0.01,0,0.8333333333,1.9927546135558634
0.015,0.5,kappa_e,0.01,0,0.9166666667,2.012255246199408
0.015,0.5,kappa_e,0.01,0,0.9583333334,0.8487452238120192
0.015,0.5,kappa_e,0.01,0,0.9791666667,0.906214174584926
0.015,0.5,kappa_e,0.01,0,1.0,0.5595344441287218
0.015,0.5,kappa_e,0.01,1,1.0,0.9538676912768939
0.015,0.5,kappa_e,0.01,2,1.0,2.0201574937847857
0.015,0.5,kappa_e,0.01,0,1.0208333333,0.9960186475402626
0.015,0.5,kappa_e,0.01,0,1.0416666667,1.0342328130704717
0.015,0.5,kappa_e,0.01,0,1.0625,1.0699987461903557
0.015,0.5,kappa_e,0.01,0,1.0833333333,0.5261989016977571
0.015,0.5,kappa_e,0.01,1,1.0833333333,1.104349025688657
0.015,0.5,kappa_e,0.01,2,1.0833333333,2.0155342275504355
0.015,0.5,kappa_e,0.01,0,1.1041666667,1.1371578233457496
0.015,0.5,kappa_e,0.01,0,1.125,1.170593319185074
0.015,0.5,kappa_e,0.01,0,1.1458333333,1.2034454689844352
0.015,0.5,kappa_e,0.01,0,1.1666666667,0.5419639666054051
0.015,0.5,kappa_e,0.01,1,1.1666666667,1.2371234328485916
0.015,0.5,kappa_e,0.01,2,1.1666666667,1.9930404111789344
0.015,0.5,kappa_e,0.01,0,1.1875,1.272357409617093
0.015,0.5,kappa_e,0.01,0,1.2083333333,1.3088047643613037
0.015,0.5,kappa_e,0.01,0,1.2291666667,1.3473848828378614
0.015,0.5,kappa_e,0.01,0,1.25,0.6227224006939249
0.015,0.5,kappa_e,0.01,1,1.25,1.3890944553743232
0.015,0.5,kappa_e,0.01,2,1.25,1.9407239041556323
0.015,0.5,kappa_e,0.01,0,1.2708333333,1.4349513136909893
0.015,0.5,kappa_e,0.01,0,1.2916666667,1.4876099633330557
0.015,0.5,kappa_e,0.01,0,1.3333333333,0.7273384539887762
0.015,0.5,kappa_e,0.01,1,1.3333333333,1.664280295527118
0.015,0.5,kappa_e,0.01,2,1.3333333333,1.7702004516005168
0.015,0.5,kappa_e,0.01,0,1.4166666667,0.8291488840677294
0.015,0.5,kappa_e,0.01,0,1.5,0.9271535446657972
0.015,0.5,kappa_e,0.01,0,1.5833333333,1.0223906649418426
0.015,0.5,kappa_e,0.01,0,1.6666666667,1.1155805727674293
0.015,0.5,kappa_e,0.01,0,1.75,1.2072925949917424
0.015,0.5,kappa_e,0.01,0,1.8333333333,1.297715588342824
0.015,0.5,kappa_e,0.01,0,1.9166666667,1.3870611641398363
0.015,0.5,kappa_e,0.01,0,2.0,1.4755383980028323
0.015,0.5,kappa_e,0.0001,0,0.0,1.6107227846321865
0.015,0.5,kappa_e,0.0001,0,0.0833333333,1.7506275526731467
0.015,0.5,kappa_e,0.0001,0,0.1666666667,1.871074069879351
0.015,0.5,kappa_e,0.0001,0,0.25,1.9808916712562934
0.015,0.5,kappa_e,0.0001,0,0.3333333333,2.0777740342861803
0.015,0.5,kappa_e,0.0001,0,0.4166666667,2.16518978185243
0.015,0.5,kappa_e,0.0001,0,0.5,2.2415585687338195
0.015,0.5,kappa_e,0.0001,0,0.5833333333,2.309889468698533
0.015,0.5,kappa_e,0.0001,0,0.6666666667,2.3749063272584743
0.015,0.5,kappa_e,0.0001,0,1.1666666667,0.8937199183061412
0.015,0.5,kappa_e,0.0001,1,1.1666666667,1.0071917702032993
0.015,0.5,kappa_e,0.0001,0,1.2291666667,1.1259586669962156
0.015,0.5,kappa_e,0.0001,0,1.25,0.9592924732524335
0.015,0.5,kappa_e,0.0001,1,1.25,1.160377081070581
0.015,0.5,kappa_e,0.0001,0,1.2916666667,1.2293080525484192
0.015,0.5,kappa_e,0.0001,0,1.3125,1.264863999270162
0.015,0.5,kappa_e,0.0001,0,1.3333333333,1.0409285076371493
0.015,0.5,kappa_e,0.0001,1,1.3333333333,1.3015385507835906
0.015,0.5,kappa_e,0.0001,0,1.375,1.3778196352160268
0.015,0.5,kappa_e,0.0001,0,1.3958333333,1.4148808454052446
0.015,0.5,kappa_e,0.0001,0,1.4166666667,1.1251489341478156
0.015,0.5,kappa_e,0.0001,1,1.4166666667,1.45023078713221
0.015,0.5,kappa_e,0.0001,0,1.5,1.2095907864110576
0.015,0.5,kappa_e,0.0001,1,1.5,1.5836367691929742
0.015,0.5,kappa_e,0.0001,0,1.5833333333,1.2939466850447459
0.015,0.5,kappa_e,0.0001,1,1.5833333333,1.7375675072737262
0.015,0.5,kappa_e,0.0001,0,1.6666666667,1.3781418901407272
0.015,0.5,kappa_e,0.0001,1,1.6666666667,1.9388913466879667
0.015,0.5,kappa_e,0.0001,0,1.75,1.4621662168884562
0.015,0.5,kappa_e,0.0001,0,1.8333333333,1.546028796472155
0.015,0.5,kappa_e,0.0001,0,1.9166666667,1.6297451122175863
0.015,0.5,kappa_e,0.0001,0,2.0,1.7133311356099257
0.02,0.5,sigma,0.01,0,0.0,1.3294028229902
0.02,0.5,sigma,0.01,0,0.0416666667,1.368163584509291
0.02,0.5,sigma,0.01,0,0.0625,1.3962215800117992
0.02,0.5,sigma,0.01,0,0.0833333333,1.424880170894662
0.02,0.5,sigma,0.01,0,0.1041666667,1.4530812314374675
0.02,0.5,sigma,0.01,0,0.125,1.4807055580426944
0.02,0.5,sigma,0.01,0,0.1458333334,1.5070516999493815
0.02,0.5,sigma,0.01,0,0.1666666667,1.5325929060180208
0.02,0.5,sigma,0.01,0,0.2291666667,1.6039035937741737
0.02,0.5,sigma,0.01,0,0.25,1.625885284190289
0.02,0.5,sigma,0.01,0,0.3333333333,1.7050503787844655
0.02,0.5,sigma,0.01,0,0.4166666667,1.776175533669404
0.02,0.5,sigma,0.01,0,0.5,1.836608414522978
0.02,0.5,sigma,0.01,0,0.5833333333,1.8873049102672368
0.02,0.5,sigma,0.01,0,0.6666666667,1.9330277096086748
0.02,0.5,sigma,0.01,0,0.75,1.9669686230032946
0.02,0.5,sigma,0.01,0,0.8333333333,1.9953921656051241
0.02,0.5,sigma,0.01,0,0.9166666667,0.6672362242547903
0.02,0.5,sigma,0.01,1,0.9166666667,0.7632899640169789
0.02,0.5,sigma,0.01,2,0.9166666667,2.0149407896885734
0.02,0.5,sigma,0.01,0,0.9375,0.8402330564785904
0.02,0.5,sigma,0.01,0,0.9583333334,0.8899648905598317
0.02,0.5,sigma,0.01,0,0.9791666667,0.9320792405078472
0.02,0.5,sigma,0.01,0,1.0,0.5813749856431248
0.02,0.5,sigma,0.01,1,1.0,0.9694704662040519
0.02,0.5,sigma,0.01,2,1.0,2.0231097343153044
0.02,0.5,sigma,0.01,0,1.0208333333,1.0043656865473156
0.02,0.5,sigma,0.01,0,1.0416666667,1.0365280429912511
0.02,0.5,sigma,0.01,0,1.0625,1.0685064148104089
0.02,0.5,sigma,0.01,0,1.0833333333,0.5678218561210446
0.02,0.5,sigma,0.01,1,1.0833333333,1.0986915147732836
0.02,0.5,sigma,0.01,2,1.0833333333,2.0190645587821603
0.02,0.5,sigma,0.01,0,1.1041666667,1.1302535345054407
0.02,0.5,sigma,0.01,0,1.125,1.160504630300248
0.02,0.5,sigma,0.01,0,1.1458333333,1.1929858134728113
0.02,0.5,sigma,0.01,0,1.1666666667,0.5996023193336311
0.02,0.5,sigma,0.01,1,1.1666666667,1.225612758538056
0.02,0.5,sigma,0.01,2,1.1666666667,1.9981840449052304
0.02,0.5,sigma,0.01,0,1.1875,1.2591644165927267
0.02,0.5,sigma,0.01,0,1.2083333333,1.2954193413126103
0.02,0.5,sigma,0.01,0,1.2291666667,1.3336001995276725
0.02,0.5,sigma,0.01,0,1.25,0.6843246271530399
0.02,0.5,sigma,0.01,1,1.25,1.3745709300439581
0.02,0.5,sigma,0.01,2,1.25,1.9474391192680485
0.02,0.5,sigma,0.01,0,1.2708333333,1.4192423946768635
0.02,0.5,sigma,0.01,0,1.2916666667,1.4706210008083676
0.02,0.5,sigma,0.01,0,1.3333333333,0.7853706083168803
0.02,0.5,sigma,0.01,1,1.3333333333,1.6244217485563905
0.02,0.5,sigma,0.01,2,1.3333333333,1.7992088949971892
0.02,0.5,sigma,0.01,0,1.4166666667,0.8841306531763262
0.02,0.5,sigma,0.01,0,1.5,0.979650270678976
0.02,0.5,sigma,0.01,0,1.5833333333,1.072862422520625
0.02,0.5,sigma,0.01,0,1.6666666667,1.16431791388496
0.02,0.5,sigma,0.01,0,1.75,1.254418192330045
0.02,0.5,sigma,0.01,0,1.8333333333,1.343457512490569
0.02,0.5,sigma,0.01,0,1.9166666667,1.4316564289788438
0.02,0.5,sigma,0.01,0,2.0,1.51918212533785
0.02,0.5,sigma,0.0001,0,0.0,1.6135047532262257
0.02,0.5,sigma,0.0001,0,0.0833333333,1.7526411964342439
0.02,0.5,sigma,0.0001,0,0.1666666667,1.8731789708667732
0.02,0.5,sigma,0.0001,0,0.25,1.9824275272456637
0.02,0.5,sigma,0.0001,0,0.3333333333,2.0790679511355816
0.02,0.5,sigma,0.0001,0,0.4166666667,2.166513570395182
0.02,0.5,sigma,0.0001,0,0.5,2.2427788027814684
0.02,0.5,sigma,0.0001,0,0.5833333333,2.3112420530841056
0.02,0.5,sigma,0.0001,0,0.6666666667,2.376732006376843
0.02,0.5,sigma,0.0001,0,1.25,1.111069401340819
0.02,0.5,sigma,0.0001,1,1.25,1.155009309448633
0.02,0.5,sigma,0.0001,0,1.2708333333,1.2034779737787706
0.02,0.5,sigma,0.0001,0,1.2916666667,1.242751747030112
0.02,0.5,sigma,0.0001,0,1.3125,1.2786500553896976
0.02,0.5,sigma,0.0001,0,1.3333333333,1.158754720169105
0.02,0.5,sigma,0.0001,1,1.3333333333,1.3117340768830412
0.02,0.5,sigma,0.0001,0,1.375,1.376322721673921
0.02,0.5,sigma,0.0001,0,1.3958333333,1.4072958355010985
0.02,0.5,sigma,0.0001,0,1.4166666667,1.2274165470440788
0.02,0.5,sigma,0.0001,1,1.4166666667,1.4385937407855052
0.02,0.5,sigma,0.0001,0,1.5,1.302828301085895
0.02,0.5,sigma,0.0001,1,1.5,1.5672082895756834
0.02,0.5,sigma,0.0001,0,1.5833333333,1.3811890917630538
0.02,0.5,sigma,0.0001,1,1.5833333333,1.7195384358657322
0.02,0.5,sigma,0.0001,0,1.6666666667,1.4610590150623255
0.02,0.5,sigma,0.0001,1,1.6666666667,1.917091511347157
0.02,0.5,sigma,0.0001,0,1.75,1.5417803491715296
0.02,0.5,sigma,0.0001,0,1.8333333333,1.6230168114771917
0.02,0.5,sigma,0.0001,0,1.9166666667,1.7045793991568785
0.02,0.5,sigma,0.0001,0,2.0,1.7863574915441764
0.02,0.5,kappa_e,0.01,0,0.0,1.3241445747408016
0.02,0.5,kappa_e,0.01,0,0.0416666667,1.362930738671314
0.02,0.5,kappa_e,0.01,0,0.0625,1.3909192198756724
0.02,0.5,kappa_e,0.01,0,0.0833333333,1.4199212958553635
0.02,0.5,kappa_e,0.01,0,0.1041666667,1.448085327482196
0.02,0.5,kappa_e,0.01,0,0.125,1.4757026692988187
0.02,0.5,kappa_e,0.01,0,0.1458333334,1.5023922011959845
0.02,0.5,kappa_e,0.01,0,0.1666666667,1.527917492688988
0.02,0.5,kappa_e,0.01,0,0.25,1.6215714448106826
0.02,0.5,kappa_e,0.01,0,0.3333333333,1.701095722932766
0.02,0.5,kappa_e,0.01,0,0.4166666667,1.7720843163544917
0.02,0.5,kappa_e,0.01,0,0.5,1.8316538576669084
0.02,0.5,kappa_e,0.01,0,0.5833333333,1.8829671928622342
0.02,0.5,kappa_e,0.01,0,0.6666666667,1.9283613646254902
0.02,0.5,kappa_e,0.01,0,0.75,1.9622149041757102
0.02,0.5,kappa_e,0.01,0,0.8333333333,1.9894866224666967
0.02,0.5,kappa_e,0.01,0,0.9166666667,2.008860147733556
0.02,0.5,kappa_e,0.01,0,0.9791666667,0.8442180985909038
0.02,0.5,kappa_e,0.01,0,1.0,0.6885833004196265
0.02,0.5,kappa_e,0.01,1,1.0,0.9324565522618693
0.02,0.5,kappa_e,0.01,2,1.0,2.0164234477433163
0.02,0.5,kappa_e,0.01,0,1.0208333333,0.9875504727629385
0.02,0.5,kappa_e,0.01,0,1.0416666667,1.0322273730154343
0.02,0.5,kappa_e,0.01,0,1.0625,1.0714170917460937
0.02,0.5,kappa_e,0.01,0,1.0833333333,0.6109850849697702
0.02,0.5,kappa_e,0.01,1,1.0833333333,1.1079205451536307
0.02,0.5,kappa_e,0.01,2,1.0833333333,2.011108818365659
0.02,0.5,kappa_e,0.01,0,1.1041666667,1.1424978462003852
0.02,0.5,kappa_e,0.01,0,1.125,1.1765482178262463
0.02,0.5,kappa_e,0.01,0,1.1458333333,1.2111202567256674
0.02,0.5,kappa_e,0.01,0,1.1666666667,0.5796943031979067
0.02,0.5,kappa_e,0.01,1,1.1666666667,1.2457610311443306
0.02,0.5,kappa_e,0.01,2,1.1666666667,1.986839488437806
0.02,0.5,kappa_e,0.01,0,1.1875,1.2811114948254987
0.02,0.5,kappa_e,0.01,0,1.2083333333,1.3185616303886043
0.02,0.5,kappa_e,0.01,0,1.2291666667,1.3582687534158524
0.02,0.5,kappa_e,0.01,0,1.25,0.5660077645272917
0.02,0.5,kappa_e,0.01,1,1.25,1.4010766313171459
0.02,0.5,kappa_e,0.01,2,1.25,1.9325350506721497
0.02,0.5,kappa_e,0.01,0,1.2708333333,1.4491420585852375
0.02,0.5,kappa_e,0.01,0,1.2916666667,1.5041038109896832
0.02,0.5,kappa_e,0.01,0,1.3333333333,0.5730777190515745
0.02,0.5,kappa_e,0.01,0,1.4166666667,0.6248494639891304
0.02,0.5,kappa_e,0.01,0,1.5,0.7210649297527555
0.02,0.5,kappa_e,0.01,0,1.5833333333,0.8242193618090776
0.02,0.5,kappa_e,0.01,0,1.6666666667,0.9238766061277656
0.02,0.5,kappa_e,0.01,0,1.75,1.0204959872426516
0.02,0.5,kappa_e,0.01,0,1.8333333333,1.114806404501996
0.02,0.5,kappa_e,0.01,0,1.9166666667,1.2073505062798127
0.02,0.5,kappa_e,0.01,0,2.0,1.2984634156835537
0.02,0.5,kappa_e,0.0001,0,0.0,1.6070369678203829
0.02,0.5,kappa_e,0.0001,0,0.0833333333,1.7481077977711668
0.02,0.5,kappa_e,0.0001,0,0.1666666667,1.8683368408759493
0.02,0.5,kappa_e,0.0001,0,0.25,1.9785509577098441
0.02,0.5,kappa_e,0.0001,0,0.3333333333,2.0753710334011464
0.02,0.5,kappa_e,0.0001,0,0.4166666667,2.1624388065120237
0.02,0.5,kappa_e,0.0001,0,0.5,2.2390008069511893
0.02,0.5,kappa_e,0.0001,0,0.5833333333,2.307608480877811
0.02,0.5,kappa_e,0.0001,0,0.6666666667,2.37274813386
0.02,0.5,kappa_e,0.0001,0,1.1666666667,0.8888163798509124
0.02,0.5,kappa_e,0.0001,1,1.1666666667,0.972239894035685
0.02,0.5,kappa_e,0.0001,0,1.25,0.870631561618923
0.02,0.5,kappa_e,0.0001,1,1.25,1.1445073384254187
0.02,0.5,kappa_e,0.0001,0,1.2916666667,1.2190383977060166
0.02,0.5,kappa_e,0.0001,0,1.3125,1.257101945323695
0.02,0.5,kappa_e,0.0001,0,1.3333333333,0.9394293558612553
0.02,0.5,kappa_e,0.0001,1,1.3333333333,1.2963590991307365
0.02,0.5,kappa_e,0.0001,0,1.375,1.3783864961213677
0.02,0.5,kappa_e,0.0001,0,1.3958333333,1.4187361009552735
0.02,0.5,kappa_e,0.0001,0,1.4166666667,1.02308245644966
0.02,0.5,kappa_e,0.0001,1,1.4166666667,1.4566103496346974
0.02,0.5,kappa_e,0.0001,0,1.5,1.1081185562459477
0.02,0.5,kappa_e,0.0001,1,1.5,1.5986281124771193
0.02,0.5,kappa_e,0.0001,0,1.5833333333,1.1930999022038868
0.02,0.5,kappa_e,0.0001,1,1.5833333333,1.752830947504643
0.02,0.5,kappa_e,0.0001,0,1.6666666667,1.2778252268163457
0.02,0.5,kappa_e,0.0001,1,1.6666666667,1.9634832567386171
0.02,0.5,kappa_e,0.0001,0,1.75,1.3626853829041274
0.02,0.5,kappa_e,0.0001,0,1.8333333333,1.4475244533107277
0.02,0.5,kappa_e,0.0001,0,1.9166666667,1.5319921678652002
0.02,0.5,kappa_e,0.0001,0,2.0,1.6161564020960062
0.03,0.5,sigma,0.01,0,0.0,1.3274813029748394
0.03,0.5,sigma,0.01,0,0.0416666667,1.366240277655585
0.03,0.5,sigma,0.01,0,0.0625,1.3942577013854376
0.03,0.5,sigma,0.01,0,0.0833333333,1.4230433706363228
0.03,0.5,sigma,0.01,0,0.1041666667,1.4512216347577325
0.03,0.5,sigma,0.01,0,0.125,1.4788802358321549
0.03,0.5,sigma,0.01,0,0.1458333334,1.505316687352935
0.03,0.5,sigma,0.01,0,0.1666666667,1.5308492235086926
0.03,0.5,sigma,0.01,0,0.2291666667,1.6022919565551754
0.03,0.5,sigma,0.01,0,0.25,1.6242790234781315
0.03,0.5,sigma,0.01,0,0.3333333333,1.7035805875433516
0.03,0.5,sigma,0.01,0,0.4166666667,1.7746611446991731
0.03,0.5,sigma,0.01,0,0.5,1.8347587747983396
0.03,0.5,sigma,0.01,0,0.5833333333,1.8856918890235541
0.03,0.5,sigma,0.01,0,0.6666666667,1.9313152939443952
0.03,0.5,sigma,0.01,0,0.75,1.965211512723565
0.03,0.5,sigma,0.01,0,0.8333333333,1.9932107730881583
0.03,0.5,sigma,0.01,0,0.9166666667,2.0127329461661985
0.03,0.5,sigma,0.01,0,0.9791666667,0.9040477918507475
0.03,0.5,sigma,0.01,0,1.0,0.7114489170986679
0.03,0.5,sigma,0.01,1,1.0,0.9584503452339947
0.03,0.5,sigma,0.01,2,1.0,2.0206915050487737
0.03,0.5,sigma,0.01,0,1.0208333333,1.0001108207687204
0.03,0.5,sigma,0.01,0,1.0416666667,1.0352983596175545
0.03,0.5,sigma,0.01,0,1.0625,1.0690963541993785
0.03,0.5,sigma,0.01,0,1.0833333333,0.657641510936853
0.03,0.5,sigma,0.01,1,1.0833333333,1.100894752873492
0.03,0.5,sigma,0.01,2,1.0833333333,2.016217195580562
0.03,0.5,sigma,0.01,0,1.1041666667,1.1330372337809116
0.03,0.5,sigma,0.01,0,1.125,1.1648626748342767
0.03,0.5,sigma,0.01,0,1.1458333333,1.1970604643319203
0.03,0.5,sigma,0.01,0,1.1666666667,0.6356420684216371
0.03,0.5,sigma,0.01,1,1.1666666667,1.2308546108899199
0.03,0.5,sigma,0.01,2,1.1666666667,1.9941048438206133
0.03,0.5,sigma,0.01,0,1.1875,1.2653323353356052
0.03,0.5,sigma,0.01,0,1.2083333333,1.3013694123422015
0.03,0.5,sigma,0.01,0,1.2291666667,1.3399347638962287
0.03,0.5,sigma,0.01,0,1.25,0.6237715008295597
0.03,0.5,sigma,0.01,1,1.25,1.3818839392514748
0.03,0.5,sigma,0.01,2,1.25,1.9422481746685694
0.03,0.5,sigma,0.01,0,1.2708333333,1.4281988729490618
0.03,0.5,sigma,0.01,0,1.2916666667,1.4799738933004116
0.03,0.5,sigma,0.01,0,1.3333333333,0.6228073456722008
0.03,0.5,sigma,0.01,1,1.3333333333,1.6517509248067712
0.03,0.5,sigma,0.01,2,1.3333333333,1.7787915498363522
0.03,0.5,sigma,0.01,0,1.4166666667,0.6397878640074562
0.03,0.5,sigma,0.01,0,1.5,0.6914141345874996
0.03,0.5,sigma,0.01,0,1.5833333333,0.7818315294705535
0.03,0.5,sigma,0.01,0,1.6666666667,0.8827939406284323
0.03,0.5,sigma,0.01,0,1.75,0.9809036370625828
0.03,0.5,sigma,0.01,0,1.8333333333,1.0762901304999655
0.03,0.5,sigma,0.01,0,1.9166666667,1.1695546696675494
0.03,0.5,sigma,0.01,0,2.0,1.2611653794047195
0.03,0.5,sigma,0.0001,0,0.0,1.6110872576777353
0.03,0.5,sigma,0.0001,0,0.0833333333,1.7509367544838517
0.03,0.5,sigma,0.0001,0,0.1666666667,1.8713444703231235
0.03,0.5,sigma,0.0001,0,0.25,1.9809579147505116
0.03,0.5,sigma,0.0001,0,0.3333333333,2.077656298992498
0.03,0.5,sigma,0.0001,0,0.4166666667,2.1649400618310533
0.03,0.5,sigma,0.0001,0,0.5,2.241262280517828
0.03,0.5,sigma,0.0001,0,0.5833333333,2.309860291160608
0.03,0.5,sigma,0.0001,0,0.6666666667,2.3752011300422424
0.03,0.5,sigma,0.0001,0,1.25,0.9886105232783067
0.03,0.5,sigma,0.0001,1,1.25,1.143159300702088
0.03,0.5,sigma,0.0001,0,1.2916666667,1.2302274228774763
0.03,0.5,sigma,0.0001,0,1.3125,1.2698120672245017
0.03,0.5,sigma,0.0001,0,1.3333333333,1.0363521629357895
0.03,0.5,sigma,0.0001,1,1.3333333333,1.3070830563119358
0.03,0.5,sigma,0.0001,0,1.375,1.3767353128721722
0.03,0.5,sigma,0.0001,0,1.3958333333,1.409384758235327
0.03,0.5,sigma,0.0001,0,1.4166666667,1.1101764439491788
0.03,0.5,sigma,0.0001,1,1.4166666667,1.4422544819121186
0.03,0.5,sigma,0.0001,0,1.5,1.1880238752110264
0.03,0.5,sigma,0.0001,1,1.5,1.5743933583899803
0.03,0.5,sigma,0.0001,0,1.5833333333,1.2676229474609728
0.03,0.5,sigma,0.0001,1,1.5833333333,1.7302849361452513
0.03,0.5,sigma,0.0001,0,1.6666666667,1.3481198095100955
0.03,0.5,sigma,0.0001,1,1.6666666667,1.933198522307771
0.03,0.5,sigma,0.0001,0,1.75,1.4291211819717937
0.03,0.5,sigma,0.0001,0,1.8333333333,1.5104226454862433
0.03,0.5,sigma,0.0001,0,1.9166666667,1.59191071328924
0.03,0.5,sigma,0.0001,0,2.0,1.673517926879825
0.03,0.5,kappa_e,0.01,0,0.0,1.3171635206109726
0.03,0.5,kappa_e,0.01,0,0.0625,1.3834765769262016
0.03,0.5,kappa_e,0.01,0,0.0833333333,1.4123061488328568
0.03,0.5,kappa_e,0.01,0,0.1041666667,1.44099192344176
0.03,0.5,kappa_e,0.01,0,0.125,1.4685203783424265
0.03,0.5,kappa_e,0.01,0,0.1458333334,1.495335111221775
0.03,0.5,kappa_e,0.01,0,0.1666666667,1.521230423104499
0.03,0.5,kappa_e,0.01,0,0.25,1.6149836332500218
0.03,0.5,kappa_e,0.01,0,0.3333333333,1.695233813019863
0.03,0.5,kappa_e,0.01,0,0.4166666667,1.7659848162753378
0.03,0.5,kappa_e,0.01,0,0.5,1.8246579999757655
0.03,0.5,kappa_e,0.01,0,0.5833333333,1.8766597359294706
0.03,0.5,kappa_e,0.01,0,0.6666666667,1.9213898774997276
0.03,0.5,kappa_e,0.01,0,0.75,1.9553287539096902
0.03,0.5,kappa_e,0.01,0,0.8333333333,1.9813026276055796
0.03,0.5,kappa_e,0.01,0,0.9166666667,2.000002457261548
0.03,0.5,kappa_e,0.01,0,1.0,2.00666417279101
0.03,0.5,kappa_e,0.01,0,1.0208333333,0.9160221589363757
0.03,0.5,kappa_e,0.01,1,1.0208333333,0.9224795420530556
0.03,0.5,kappa_e,0.01,0,1.0416666667,1.0266001713502342
0.03,0.5,kappa_e,0.01,0,1.0625,1.0752139651112445
0.03,0.5,kappa_e,0.01,0,1.0833333333,0.7611107573887177
0.03,0.5,kappa_e,0.01,1,1.0833333333,1.1154772095797072
0.03,0.5,kappa_e,0.01,2,1.0833333333,1.999543255910864
0.03,0.5,kappa_e,0.01,0,1.1041666667,1.1529594471729743
0.03,0.5,kappa_e,0.01,0,1.125,1.189311033701522
0.03,0.5,kappa_e,0.01,0,1.1458333333,1.2252235012068036
0.03,0.5,kappa_e,0.01,0,1.1666666667,0.7057950873842523
0.03,0.5,kappa_e,0.01,1,1.1666666667,1.2614119659457779
0.03,0.5,kappa_e,0.01,2,1.1666666667,1.971608849728739
0.03,0.5,kappa_e,0.01,0,1.1875,1.298991635148039
0.03,0.5,kappa_e,0.01,0,1.2083333333,1.3384315510618972
0.03,0.5,kappa_e,0.01,0,1.25,0.6751594807595874
0.03,0.5,kappa_e,0.01,1,1.25,1.426614511500092
0.03,0.5,kappa_e,0.01,2,1.25,1.909904408895654
0.03,0.5,kappa_e,0.01,0,1.2708333333,1.4783178549054734
0.03,0.5,kappa_e,0.01,0,1.3333333333,0.6563686366506539
0.03,0.5,kappa_e,0.01,0,1.4166666667,0.6438141292561449
0.03,0.5,kappa_e,0.01,0,1.5,0.6342603132402058
0.03,0.5,kappa_e,0.01,0,1.5833333333,0.6286797501458462
0.03,0.5,kappa_e,0.01,0,1.6666666667,0.630339165241394
0.03,0.5,kappa_e,0.01,0,1.75,0.6464669483088348
0.03,0.5,kappa_e,0.01,0,1.8333333333,0.6936346788957382
0.03,0.5,kappa_e,0.01,0,1.9166666667,0.782022281339742
0.03,0.5,kappa_e,0.01,0,2.0,0.8851103667005734
0.03,0.5,kappa_e,0.0001,0,0.0,1.5977386697106506
0.03,0.5,kappa_e,0.0001,0,0.0833333333,1.7408537711477237
0.03,0.5,kappa_e,0.0001,0,0.1666666667,1.860703665170097
0.03,0.5,kappa_e,0.0001,0,0.25,1.9722349461643114
0.03,0.5,kappa_e,0.0001,0,0.3333333333,2.069090452066846
0.03,0.5,kappa_e,0.0001,0,0.4166666667,2.1558639191674196
0.03,0.5,kappa_e,0.0001,0,0.5,2.2330554111675096
0.03,0.5,kappa_e,0.0001,0,0.5833333333,2.30164491099567
0.03,0.5,kappa_e,0.0001,0,0.6666666667,2.3663316492045645
0.03,0.5,kappa_e,0.0001,0,1.25,0.9487459731087561
0.03,0.5,kappa_e,0.0001,1,1.25,1.0882399503784461
0.03,0.5,kappa_e,0.0001,0,1.3125,1.2389488036796592
0.03,0.5,kappa_e,0.0001,0,1.3333333333,0.9015615126735078
0.03,0.5,kappa_e,0.0001,1,1.3333333333,1.2850303447517712
0.03,0.5,kappa_e,0.0001,0,1.375,1.3794548627581882
0.03,0.5,kappa_e,0.0001,0,1.3958333333,1.4250842509694344
0.03,0.5,kappa_e,0.0001,0,1.4166666667,0.8817661101196768
0.03,0.5,kappa_e,0.0001,1,1.4166666667,1.4676756569645082
0.03,0.5,kappa_e,0.0001,0,1.5,0.9005170028188518
0.03,0.5,kappa_e,0.0001,1,1.5,1.6213051667113711
0.03,0.5,kappa_e,0.0001,0,1.5833333333,0.958987725826916
0.03,0.5,kappa_e,0.0001,1,1.5833333333,1.7890972199458974
0.03,0.5,kappa_e,0.0001,0,1.6666666667,1.0455879092420244
0.03,0.5,kappa_e,0.0001,1,1.6666666667,2.021811951768728
0.03,0.5,kappa_e,0.0001,2,1.6666666667,2.3927452111749323
0.03,0.5,kappa_e,0.0001,0,1.75,1.133877562774642
0.03,0.5,kappa_e,0.0001,0,1.8333333333,1.2215347814740611
0.03,0.5,kappa_e,0.0001,0,1.9166666667,1.3084226436125126
0.03,0.5,kappa_e,0.0001,0,2.0,1.394618006310771
0.05,0.5,sigma,0.01,0,0.0,1.322661493278011
0.05,0.5,sigma,0.01,0,0.0416666667,1.3612158329257535
0.05,0.5,sigma,0.01,0,0.0625,1.3890854594522801
0.05,0.5,sigma,0.01,0,0.0833333333,1.4179897418102931
0.05,0.5,sigma,0.01,0,0.1041666667,1.4462622048644427
0.05,0.5,sigma,0.01,0,0.125,1.473833679765957
0.05,0.5,sigma,0.01,0,0.1458333334,1.5006484697530702
0.05,0.5,sigma,0.01,0,0.1666666667,1.5261635498833304
0.05,0.5,sigma,0.01,0,0.25,1.6199268414832304
0.05,0.5,sigma,0.01,0,0.3333333333,1.6995239564761364
0.05,0.5,sigma,0.01,0,0.4166666667,1.7704777947473962
0.05,0.5,sigma,0.01,0,0.5,1.829816542209373
0.05,0.5,sigma,0.01,0,0.5833333333,1.8813005674388856
0.05,0.5,sigma,0.01,0,0.6666666667,1.9266080788254905
0.05,0.5,sigma,0.01,0,0.75,1.960461742660131
0.05,0.5,sigma,0.01,0,0.8333333333,1.9875094466644012
0.05,0.5,sigma,0.01,0,0.9166666667,2.0068320774781734
0.05,0.5,sigma,0.01,0,1.0,2.014247952591171
0.05,0.5,sigma,0.01,0,1.0208333333,0.9831564392505867
0.05,0.5,sigma,0.01,0,1.0416666667,1.032421378811489
0.05,0.5,sigma,0.01,0,1.0625,1.0704442958517295
0.05,0.5,sigma,0.01,0,1.0833333333,0.8011828855762343
0.05,0.5,sigma,0.01,1,1.0833333333,1.1050245435720125
0.05,0.5,sigma,0.01,2,1.0833333333,2.008738332143751
0.05,0.5,sigma,0.01,0,1.1041666667,1.1377599235618083
0.05,0.5,sigma,0.01,0,1.125,1.1713243801111584
0.05,0.5,sigma,0.01,0,1.1458333333,1.2045676717472666
0.05,0.5,sigma,0.01,0,1.1666666667,0.760569170812026
0.05,0.5,sigma,0.01,1,1.1666666667,1.238609438330079
0.05,0.5,sigma,0.01,2,1.1666666667,1.9839597073412616
0.05,0.5,sigma,0.01,0,1.1875,1.274704070989502
0.05,0.5,sigma,0.01,0,1.2083333333,1.3123157653237818
0.05,0.5,sigma,0.01,0,1.2291666667,1.3522579890557707
0.05,0.5,sigma,0.01,0,1.25,0.7401012229876719
0.05,0.5,sigma,0.01,1,1.25,1.3954119028427205
0.05,0.5,sigma,0.01,2,1.25,1.929392176451601
0.05,0.5,sigma,0.01,0,1.2708333333,1.443421080980195
0.05,0.5,sigma,0.01,0,1.2916666667,1.4990112182752435
0.05,0.5,sigma,0.01,0,1.3333333333,0.7279449988316364
0.05,0.5,sigma,0.01,0,1.4166666667,0.719903771387398
0.05,0.5,sigma,0.01,0,1.5,0.7127591321780626
0.05,0.5,sigma,0.01,0,1.5833333333,0.7077201439501384
0.05,0.5,sigma,0.01,0,1.6666666667,0.7044495017344726
0.05,0.5,sigma,0.01,0,1.75,0.7030562804475773
0.05,0.5,sigma,0.01,0,1.8333333333,0.7041808520245028
0.05,0.5,sigma,0.01,0,1.9166666667,0.709306154709803
0.05,0.5,sigma,0.01,0,2.0,0.7214654289572731
0.05,0.5,sigma,0.0001,0,0.0,1.6040045547489814
0.05,0.5,sigma,0.0001,0,0.0833333333,1.7458280627691725
0.05,0.5,sigma,0.0001,0,0.1666666667,1.8658705387528436
0.05,0.5,sigma,0.0001,0,0.25,1.9764628770345816
0.05,0.5,sigma,0.0001,0,0.3333333333,2.073176436190322
0.05,0.5,sigma,0.0001,0,0.4166666667,2.159932598220304
0.05,0.5,sigma,0.0001,0,0.5,2.2368396586093335
0.05,0.5,sigma,0.0001,0,0.5833333333,2.3055790861909093
0.05,0.5,sigma,0.0001,0,0.6666666667,2.370520587722333
0.05,0.5,sigma,0.0001,0,1.2916666667,1.202377985868358
0.05,0.5,sigma,0.0001,0,1.3125,1.2524828562184969
0.05,0.5,sigma,0.0001,0,1.3333333333,0.9689565583532767
0.05,0.5,sigma,0.0001,1,1.3333333333,1.2981809455273774
0.05,0.5,sigma,0.0001,0,1.375,1.377437290167046
0.05,0.5,sigma,0.0001,0,1.3958333333,1.412999783525548
0.05,0.5,sigma,0.0001,0,1.4166666667,0.954313572192813
0.05,0.5,sigma,0.0001,1,1.4166666667,1.4478639807159666
0.05,0.5,sigma,0.0001,0,1.5,0.9566786088953392
0.05,0.5,sigma,0.0001,1,1.5,1.587354900358507
0.05,0.5,sigma,0.0001,0,1.5833333333,0.9886003018369723
0.05,0.5,sigma,0.0001,1,1.5833333333,1.7489077181016868
0.05,0.5,sigma,0.0001,0,1.6666666667,1.0510158318984484
0.05,0.5,sigma,0.0001,1,1.6666666667,1.968977416100695
0.05,0.5,sigma,0.0001,0,1.75,1.132323525343537
0.05,0.5,sigma,0.0001,0,1.8333333333,1.2164440661490419
0.05,0.5,sigma,0.0001,0,1.9166666667,1.3009712896632881
0.05,0.5,sigma,0.0001,0,2.0,1.385339882924351
0.05,0.5,kappa_e,0.01,0,0.0,1.3010613005025355
0.05,0.5,kappa_e,0.01,0,0.0625,1.3644710504404634
0.05,0.5,kappa_e,0.01,0,0.0833333333,1.3934666518162035
0.05,0.5,kappa_e,0.01,0,0.125,1.4502265068649323
0.05,0.5,kappa_e,0.01,0,0.1458333334,1.4774169571598976
0.05,0.5,kappa_e,0.01,0,0.1666666667,1.503472925172231
0.05,0.5,kappa_e,0.01,0,0.25,1.5980289154309473
0.05,0.5,kappa_e,0.01,0,0.3333333333,1.6797060914156654
0.05,0.5,kappa_e,0.01,0,0.4166666667,1.7482244258988762
0.05,0.5,kappa_e,0.01,0,0.5,1.8075874740578504
0.05,0.5,kappa_e,0.01,0,0.5833333333,1.8605131981410385
0.05,0.5,kappa_e,0.01,0,0.6666666667,1.902149233821752
0.05,0.5,kappa_e,0.01,0,0.75,1.9375929939606844
0.05,0.5,kappa_e,0.01,0,0.8333333333,1.9614495752943653
0.05,0.5,kappa_e,0.01,0,0.9166666667,1.9767418435040631
0.05,0.5,kappa_e,0.01,0,1.0,1.9807135734758956
0.05,0.5,kappa_e,0.01,0,1.0625,0.9533499525815456
0.05,0.5,kappa_e,0.01,1,1.0625,1.0873073821125898
0.05,0.5,kappa_e,0.01,0,1.0833333333,0.9238756172545619
0.05,0.5,kappa_e,0.01,1,1.0833333333,1.133805282137108
0.05,0.5,kappa_e,0.01,2,1.0833333333,1.9692487180851352
0.05,0.5,kappa_e,0.01,0,1.1041666667,1.1747169907480026
0.05,0.5,kappa_e,0.01,0,1.125,1.2139440873175376
0.05,0.5,kappa_e,0.01,0,1.1458333333,1.2528889219802042
0.05,0.5,kappa_e,0.01,0,1.1666666667,0.8576570854695256
0.05,0.5,kappa_e,0.01,1,1.1666666667,1.2924313766702562
0.05,0.5,kappa_e,0.01,2,1.1666666667,1.936272874567696
0.05,0.5,kappa_e,0.01,0,1.1875,1.3333900217735075
0.05,0.5,kappa_e,0.01,0,1.25,0.8208756586136585
0.05,0.5,kappa_e,0.01,1,1.25,1.4779480577318953
0.05,0.5,kappa_e,0.01,2,1.25,1.8524536728562258
0.05,0.5,kappa_e,0.01,0,1.3333333333,0.7986581578595721
0.05,0.5,kappa_e,0.01,0,1.4166666667,0.7791433705152481
0.05,0.5,kappa_e,0.01,0,1.5,0.7651438502266166
0.05,0.5,kappa_e,0.01,0,1.5833333333,0.7545863535008358
0.05,0.5,kappa_e,0.01,0,1.6666666667,0.7463277281492963
0.05,0.5,kappa_e,0.01,0,1.75,0.7396929858938013
0.05,0.5,kappa_e,0.01,0,1.8333333333,0.7342622970953657
0.05,0.5,kappa_e,0.01,0,1.9166666667,0.7297672696194754
0.05,0.5,kappa_e,0.01,0,2.0,0.7260403207061255
0.05,0.5,kappa_e,0.0001,0,0.0,1.575661190317705
0.05,0.5,kappa_e,0.0001,0,0.0833333333,1.7187232102229881
0.05,0.5,kappa_e,0.0001,0,0.1666666667,1.8384756048131246
0.05,0.5,kappa_e,0.0001,0,0.25,1.952443612134126
0.05,0.5,kappa_e,0.0001,0,0.3333333333,2.0492461488557456
0.05,0.5,kappa_e,0.0001,0,0.4166666667,2.1361169037873378
0.05,0.5,kappa_e,0.0001,0,0.5,2.213799730345523
0.05,0.5,kappa_e,0.0001,0,0.5833333333,2.2826344503365603
0.05,0.5,kappa_e,0.0001,0,0.6666666667,2.3462476897309603
0.05,0.5,kappa_e,0.0001,0,0.75,2.398500438798216
0.05,0.5,kappa_e,0.0001,0,1.3333333333,1.079378434144786
0.05,0.5,kappa_e,0.0001,1,1.3333333333,1.2355678176361669
0.05,0.5,kappa_e,0.0001,0,1.375,1.3831360681107387
0.05,0.5,kappa_e,0.0001,0,1.3958333333,1.4427474291355387
0.05,0.5,kappa_e,0.0001,0,1.4166666667,1.008737969292783
0.05,0.5,kappa_e,0.0001,1,1.4166666667,1.4932868025996275
0.05,0.5,kappa_e,0.0001,0,1.5,0.9785205263619732
0.05,0.5,kappa_e,0.0001,1,1.5,1.6652367019054102
0.05,0.5,kappa_e,0.0001,0,1.5833333333,0.9574925894011511
0.05,0.5,kappa_e,0.0001,1,1.5833333333,1.8603266359182455
0.05,0.5,kappa_e,0.0001,0,1.6666666667,0.9495539786889815
0.05,0.5,kappa_e,0.0001,0,1.75,0.9444496227245911
0.05,0.5,kappa_e,0.0001,0,1.8333333333,0.9421330793235393
0.05,0.5,kappa_e,0.0001,0,1.9166666667,0.943110058136891
0.05,0.5,kappa_e,0.0001,0,2.0,0.9486450301417735
0.08,0.5,sigma,0.01,0,0.0,1.3149139903419806
0.08,0.5,sigma,0.01,0,0.0625,1.3803277244478975
0.08,0.5,sigma,0.01,0,0.0833333333,1.4089267821578102
0.08,0.5,sigma,0.01,0,0.125,1.4651460099480325
0.08,0.5,sigma,0.01,0,0.1458333334,1.4918707058841671
0.08,0.5,sigma,0.01,0,0.1666666667,1.517808591691524
0.08,0.5,sigma,0.01,0,0.25,1.6116808445967048
0.08,0.5,sigma,0.01,0,0.3333333333,1.6921463289313077
0.08,0.5,sigma,0.01,0,0.4166666667,1.762877948864105
0.08,0.5,sigma,0.01,0,0.5,1.821243497473706
0.08,0.5,sigma,0.01,0,0.5833333333,1.8734719897816638
0.08,0.5,sigma,0.01,0,0.6666666667,1.917899954856817
0.08,0.5,sigma,0.01,0,0.75,1.9520440768779574
0.08,0.5,sigma,0.01,0,0.8333333333,1.9778444644450643
0.08,0.5,sigma,0.01,0,0.9166666667,1.9962847534076293
0.08,0.5,sigma,0.01,0,1.0,2.00321172230135
0.08,0.5,sigma,0.01,0,1.0416666667,0.9559255834421712
0.08,0.5,sigma,0.01,1,1.0416666667,1.02690152215814
0.08,0.5,sigma,0.01,0,1.0625,0.9252557154973531
0.08,0.5,sigma,0.01,1,1.0625,1.0730073856410502
0.08,0.5,sigma,0.01,0,1.0833333333,0.906702302051273
0.08,0.5,sigma,0.01,1,1.0833333333,1.1101094175652129
0.08,0.5,sigma,0.01,2,1.0833333333,1.995740849472054
0.08,0.5,sigma,0.01,0,1.1041666667,1.1445614152762702
0.08,0.5,sigma,0.01,0,1.125,1.1783592591113372
0.08,0.5,sigma,0.01,0,1.1458333333,1.2133227382732301
0.08,0.5,sigma,0.01,0,1.1666666667,0.8629683381841153
0.08,0.5,sigma,0.01,1,1.1666666667,1.2487706592883343
0.08,0.5,sigma,0.01,2,1.1666666667,1.9681310667833556
0.08,0.5,sigma,0.01,0,1.1875,1.2854248934960648
0.08,0.5,sigma,0.01,0,1.2083333333,1.3241261956895432
0.08,0.5,sigma,0.01,0,1.25,0.8385583031660121
0.08,0.5,sigma,0.01,1,1.25,1.4112564821297913
0.08,0.5,sigma,0.01,2,1.25,1.9072488508105494
0.08,0.5,sigma,0.01,0,1.2708333333,1.46217223951532
0.08,0.5,sigma,0.01,0,1.3333333333,0.8239147593314767
0.08,0.5,sigma,0.01,0,1.4166666667,0.8143025871907571
0.08,0.5,sigma,0.01,0,1.5,0.8076054865239888
0.08,0.5,sigma,0.01,0,1.5833333333,0.8027213972935202
0.08,0.5,sigma,0.01,0,1.6666666667,0.7986412623211734
0.08,0.5,sigma,0.01,0,1.75,0.794620896707249
0.08,0.5,sigma,0.01,0,1.8333333333,0.7914063496114521
0.08,0.5,sigma,0.01,0,1.9166666667,0.7887932908172732
0.08,0.5,sigma,0.01,0,2.0,0.7866488213557441
0.08,0.5,sigma,0.0001,0,0.0,1.5923738706113357
0.08,0.5,sigma,0.0001,0,0.0833333333,1.7349879145440683
0.08,0.5,sigma,0.0001,0,0.1666666667,1.8542727621632265
0.08,0.5,sigma,0.0001,0,0.25,1.966571955870926
0.08,0.5,sigma,0.0001,0,0.3333333333,2.063102829197762
0.08,0.5,sigma,0.0001,0,0.4166666667,2.149758997400568
0.08,0.5,sigma,0.0001,0,0.5,2.226959074119148
0.08,0.5,sigma,0.0001,0,0.5833333333,2.295852163946475
0.08,0.5,sigma,0.0001,0,0.6666666667,2.3601320862315447
0.08,0.5,sigma,0.0001,0,1.3333333333,1.0886446610793123
0.08,0.5,sigma,0.0001,1,1.3333333333,1.278106037948743
0.08,0.5,sigma,0.0001,0,1.375,1.3787463607228698
0.08,0.5,sigma,0.0001,0,1.3958333333,1.4183874732261745
0.08,0.5,sigma,0.0001,0,1.4166666667,1.0313013578019605
0.08,0.5,sigma,0.0001,1,1.4166666667,1.4555673308802362
0.08,0.5,sigma,0.0001,0,1.5,1.0168760125960445
0.08,0.5,sigma,0.0001,1,1.5,1.6039238035314805
0.08,0.5,sigma,0.0001,0,1.5833333333,1.0068571913636275
0.08,0.5,sigma,0.0001,1,1.5833333333,1.7744477626191124
0.08,0.5,sigma,0.0001,0,1.6666666667,1.0000857949804052
0.08,0.5,sigma,0.0001,1,1.6666666667,2.0247482400517076
0.08,0.5,sigma,0.0001,2,1.6666666667,2.3593881225591997
0.08,0.5,sigma,0.0001,0,1.75,0.9959865808545663
0.08,0.5,sigma,0.0001,0,1.8333333333,0.9944153355151124
0.08,0.5,sigma,0.0001,0,1.9166666667,0.9956294325591735
0.08,0.5,sigma,0.0001,0,2.0,1.0003388122297763
0.08,0.5,kappa_e,0.01,0,0.0,1.2755481526561945
0.08,0.5,kappa_e,0.01,0,0.0833333333,1.3623016128940133
0.08,0.5,kappa_e,0.01,0,0.1458333334,1.4469773653614804
0.08,0.5,kappa_e,0.01,0,0.1666666667,1.4734715716387747
0.08,0.5,kappa_e,0.01,0,0.25,1.5663365490720966
0.08,0.5,kappa_e,0.01,0,0.3333333333,1.6487511986226748
0.08,0.5,kappa_e,0.01,0,0.4166666667,1.719321503841376
0.08,0.5,kappa_e,0.01,0,0.5,1.780773845455882
0.08,0.5,kappa_e,0.01,0,0.5833333333,1.832192717043742
0.08,0.5,kappa_e,0.01,0,0.6666666667,1.8727119294331915
0.08,0.5,kappa_e,0.01,0,0.75,1.9061169517354937
0.08,0.5,kappa_e,0.01,0,0.8333333333,1.9304286782946747
0.08,0.5,kappa_e,0.01,0,0.9166666667,1.9422859037630538
0.08,0.5,kappa_e,0.01,0,1.0,1.942255075550865
0.08,0.5,kappa_e,0.01,0,1.0625,1.004930630188952
0.08,0.5,kappa_e,0.01,1,1.0625,1.1178986915618931
0.08,0.5,kappa_e,0.01,0,1.0833333333,0.9837637236891787
0.08,0.5,kappa_e,0.01,1,1.0833333333,1.166488137342878
0.08,0.5,kappa_e,0.01,2,1.0833333333,1.9262788402202515
0.08,0.5,kappa_e,0.01,0,1.1041666667,1.2100145788337169
0.08,0.5,kappa_e,0.01,0,1.125,1.2521541631507829
0.08,0.5,kappa_e,0.01,0,1.1666666667,0.9367937736852555
0.08,0.5,kappa_e,0.01,1,1.1666666667,1.3379897952149353
0.08,0.5,kappa_e,0.01,2,1.1666666667,1.878308780814319
0.08,0.5,kappa_e,0.01,0,1.25,0.9096768819328875
0.08,0.5,kappa_e,0.01,1,1.25,1.5881404333219675
0.08,0.5,kappa_e,0.01,2,1.25,1.7316215451960926
0.08,0.5,kappa_e,0.01,0,1.3333333333,0.8921526332219387
0.08,0.5,kappa_e,0.01,0,1.4166666667,0.8795689556578379
0.08,0.5,kappa_e,0.01,0,1.5,0.8653895141320139
0.08,0.5,kappa_e,0.01,0,1.5833333333,0.8545560039847
0.08,0.5,kappa_e,0.01,0,1.6666666667,0.8460288717360751
0.08,0.5,kappa_e,0.01,0,1.75,0.8391458867583159
0.08,0.5,kappa_e,0.01,0,1.8333333333,0.8334705217576126
0.08,0.5,kappa_e,0.01,0,1.9166666667,0.8287064111951794
0.08,0.5,kappa_e,0.01,0,2.0,0.824646811123393
0.08,0.5,kappa_e,0.0001,0,0.0,1.5289892286547244
0.08,0.5,kappa_e,0.0001,0,0.0833333333,1.6732002650459683
0.08,0.5,kappa_e,0.0001,0,0.1666666667,1.8015105242612806
0.08,0.5,kappa_e,0.0001,0,0.25,1.9102973350127272
0.08,0.5,kappa_e,0.0001,0,0.3333333333,2.005724018815201
0.08,0.5,kappa_e,0.0001,0,0.4166666667,2.093523315291708
0.08,0.5,kappa_e,0.0001,0,0.5,2.1706708659399
0.08,0.5,kappa_e,0.0001,0,0.5833333333,2.238875598981857
0.08,0.5,kappa_e,0.0001,0,0.6666666667,2.3030130226979577
0.08,0.5,kappa_e,0.0001,0,0.75,2.35591451325192
0.08,0.5,kappa_e,0.0001,0,1.375,1.415802874617271
0.08,0.5,kappa_e,0.0001,0,1.3958333333,1.491809282293036
0.08,0.5,kappa_e,0.0001,0,1.4166666667,1.154144003409932
0.08,0.5,kappa_e,0.0001,1,1.4166666667,1.545841118217847
0.08,0.5,kappa_e,0.0001,0,1.5,1.0941861251138496
0.08,0.5,kappa_e,0.0001,1,1.5,1.7393364345104214
0.08,0.5,kappa_e,0.0001,0,1.5833333333,1.0621581591102667
0.08,0.5,kappa_e,0.0001,1,1.5833333333,2.0176392688731792
0.08,0.5,kappa_e,0.0001,2,1.5833333333,2.244571681483203
0.08,0.5,kappa_e,0.0001,0,1.6666666667,1.0385377404079965
0.08,0.5,kappa_e,0.0001,0,1.75,1.0301024941966288
0.08,0.5,kappa_e,0.0001,0,1.8333333333,1.0230369909184607
0.08,0.5,kappa_e,0.0001,0,1.9166666667,1.0170675782789147
0.08,0.5,kappa_e,0.0001,0,2.0,1.0119991794217644
