temperature,target_filling,field,relative_threshold,minimum_ratio,maximum_ratio,contour_found,connected_components
0.005,0.5,sigma,0.01,8.14832513619016e-06,1.0001058763842283,True,1
0.005,0.5,sigma,0.0001,8.14832513619016e-06,1.0001058763842283,True,2
0.005,0.5,sigma,1e-06,8.14832513619016e-06,1.0001058763842283,False,0
0.005,0.5,kappa_e,0.01,8.611377539757286e-06,1.0000882043393933,True,1
0.005,0.5,kappa_e,0.0001,8.611377539757286e-06,1.0000882043393933,True,3
0.005,0.5,kappa_e,1e-06,8.611377539757286e-06,1.0000882043393933,False,0
0.0075,0.5,sigma,0.01,8.302103131717894e-06,1.0000673270569311,True,1
0.0075,0.5,sigma,0.0001,8.302103131717894e-06,1.0000673270569311,True,3
0.0075,0.5,sigma,1e-06,8.302103131717894e-06,1.0000673270569311,False,0
0.0075,0.5,kappa_e,0.01,8.591676276131898e-06,1.000277856106886,True,1
0.0075,0.5,kappa_e,0.0001,8.591676276131898e-06,1.000277856106886,True,2
0.0075,0.5,kappa_e,1e-06,8.591676276131898e-06,1.000277856106886,False,0
0.01,0.5,sigma,0.01,8.376386964280257e-06,1.0000545521738569,True,1
0.01,0.5,sigma,0.0001,8.376386964280257e-06,1.0000545521738569,True,3
0.01,0.5,sigma,1e-06,8.376386964280257e-06,1.0000545521738569,False,0
0.01,0.5,kappa_e,0.01,8.49243576660673e-06,1.0002482048980097,True,1
0.01,0.5,kappa_e,0.0001,8.49243576660673e-06,1.0002482048980097,True,2
0.01,0.5,kappa_e,1e-06,8.49243576660673e-06,1.0002482048980097,False,0
0.015,0.5,sigma,0.01,8.411339553591468e-06,1.000125810745293,True,1
0.015,0.5,sigma,0.0001,8.411339553591468e-06,1.000125810745293,True,2
0.015,0.5,sigma,1e-06,8.411339553591468e-06,1.000125810745293,False,0
0.015,0.5,kappa_e,0.01,8.390126990246236e-06,1.0007528646334327,True,1
0.015,0.5,kappa_e,0.0001,8.390126990246236e-06,1.0007528646334327,True,2
0.015,0.5,kappa_e,1e-06,8.390126990246236e-06,1.0007528646334327,False,0
0.02,0.5,sigma,0.01,8.40684219580953e-06,1.0002334492432468,True,1
0.02,0.5,sigma,0.0001,8.40684219580953e-06,1.0002334492432468,True,3
0.02,0.5,sigma,1e-06,8.40684219580953e-06,1.0002334492432468,False,0
0.02,0.5,kappa_e,0.01,8.338811762450879e-06,1.0016533037062676,True,1
0.02,0.5,kappa_e,0.0001,8.338811762450879e-06,1.0016533037062676,True,2
0.02,0.5,kappa_e,1e-06,8.338811762450879e-06,1.0016533037062676,False,0
0.03,0.5,sigma,0.01,8.380154440478074e-06,1.0006335124568924,True,1
0.03,0.5,sigma,0.0001,8.380154440478074e-06,1.0006335124568924,True,2
0.03,0.5,sigma,1e-06,8.380154440478074e-06,1.0006335124568924,False,0
0.03,0.5,kappa_e,0.01,8.225322918225395e-06,1.0037027073611249,True,1
0.03,0.5,kappa_e,0.0001,8.225322918225395e-06,1.0037027073611249,True,2
0.03,0.5,kappa_e,1e-06,8.225322918225395e-06,1.0037027073611249,False,0
0.05,0.5,sigma,0.01,8.295359549013144e-06,1.0016183813073207,True,1
0.05,0.5,sigma,0.0001,8.295359549013144e-06,1.0016183813073207,True,2
0.05,0.5,sigma,1e-06,8.295359549013144e-06,1.0016183813073207,False,0
0.05,0.5,kappa_e,0.01,7.88958857833455e-06,1.0035096290872279,True,1
0.05,0.5,kappa_e,0.0001,7.88958857833455e-06,1.0035096290872279,True,2
0.05,0.5,kappa_e,1e-06,7.88958857833455e-06,1.0035096290872279,False,0
0.08,0.5,sigma,0.01,8.103250762491323e-06,1.0019681155313769,True,1
0.08,0.5,sigma,0.0001,8.103250762491323e-06,1.0019681155313769,True,2
0.08,0.5,sigma,1e-06,8.103250762491323e-06,1.0019681155313769,False,0
0.08,0.5,kappa_e,0.01,7.189474632257751e-06,1.0014512540381861,True,1
0.08,0.5,kappa_e,0.0001,7.189474632257751e-06,1.0014512540381861,True,2
0.08,0.5,kappa_e,1e-06,7.189474632257751e-06,1.0014512540381861,False,0
