temperature,target_filling,relative_threshold,branch_index,interaction_over_W,delta_disorder_over_W
0.005,0.5,0.01,0,0.0,-7.426404426191802e-05
0.005,0.5,0.01,0,0.0416666667,-9.72430167400784e-05
0.005,0.5,0.01,0,0.0625,-0.0006017614253728265
0.005,0.5,0.01,0,0.0833333333,-0.00023238958810467558
0.005,0.5,0.01,0,0.1041666667,-0.00016857855269125643
0.005,0.5,0.01,0,0.125,-0.0007787675760522195
0.005,0.5,0.01,0,0.1458333334,0.00035605025537033264
0.005,0.5,0.01,0,0.1666666667,-0.0007227735195431961
0.005,0.5,0.01,0,0.2291666667,-0.0011119100345942101
0.005,0.5,0.01,0,0.25,-0.0004621605565169329
0.005,0.5,0.01,0,0.3333333333,0.0011286561559413766
0.005,0.5,0.01,0,0.4166666667,0.0008317633004100156
0.005,0.5,0.01,0,0.5,-0.003264614245367836
0.005,0.5,0.01,0,0.5833333333,-0.0037172464954491335
0.005,0.5,0.01,0,0.6666666667,-0.00040840754357751585
0.005,0.5,0.01,0,0.75,1.5012173207140065
0.005,0.5,0.01,0,0.7708333333,-0.06881878366612026
0.005,0.5,0.01,1,0.7708333333,-0.05833923880007097
0.005,0.5,0.01,0,0.7916666666,-0.08029799160962064
0.005,0.5,0.01,1,0.7916666666,-0.045716949148626895
0.005,0.5,0.01,0,0.8125,-0.08240915930515968
0.005,0.5,0.01,1,0.8125,-0.03767160436727379
0.005,0.5,0.01,0,0.8333333333,-0.08134767509053414
0.005,0.5,0.01,1,0.8333333333,-0.031197211521834856
0.005,0.5,0.01,2,0.8333333333,0.0010105121826864405
0.005,0.5,0.01,0,0.8541666666,-0.026048028685005997
0.005,0.5,0.01,0,0.875,-0.02103992552943057
0.005,0.5,0.01,0,0.8958333334,0.16625268062983123
0.005,0.5,0.01,0,0.9166666667,-0.07128415068466987
0.005,0.5,0.01,1,0.9166666667,-0.014144501043270918
0.005,0.5,0.01,2,0.9166666667,1.9484523836155176e-05
0.005,0.5,0.01,0,0.9375,-0.01095184981527575
0.005,0.5,0.01,0,0.9583333334,-0.009023290384149951
0.005,0.5,0.01,0,0.9791666667,-0.006092226718417804
0.005,0.5,0.01,0,1.0,-0.06805429843880217
0.005,0.5,0.01,1,1.0,-0.004624879569865681
0.005,0.5,0.01,2,1.0,-0.001356374657425441
0.005,0.5,0.01,0,1.0208333333,-0.002741352368810901
0.005,0.5,0.01,0,1.0416666667,-0.0007444176743409692
0.005,0.5,0.01,0,1.0625,0.0001011429755064519
0.005,0.5,0.01,0,1.0833333333,-0.06302415230942837
0.005,0.5,0.01,1,1.0833333333,0.001224869437629561
0.005,0.5,0.01,2,1.0833333333,-0.000960212863974963
0.005,0.5,0.01,0,1.1041666667,0.0025673760846092186
0.005,0.5,0.01,0,1.125,0.0024222418776709276
0.005,0.5,0.01,0,1.1458333333,0.0033350958503157724
0.005,0.5,0.01,0,1.1666666667,-0.05821284951175365
0.005,0.5,0.01,1,1.1666666667,0.002669693934351347
0.005,0.5,0.01,2,1.1666666667,0.0014307902807395578
0.005,0.5,0.01,0,1.1875,0.002947685998485383
0.005,0.5,0.01,0,1.2083333333,0.0030663463739888375
0.005,0.5,0.01,0,1.2291666667,0.003058689893934652
0.005,0.5,0.01,0,1.25,-0.05770669589679389
0.005,0.5,0.01,1,1.25,0.002978840778945502
0.005,0.5,0.01,2,1.25,-0.0012089195435247557
0.005,0.5,0.01,0,1.2708333333,0.00285519878846463
0.005,0.5,0.01,0,1.2916666667,0.00310208484458796
0.005,0.5,0.01,0,1.3333333333,-0.057083736600849644
0.005,0.5,0.01,1,1.3333333333,0.004589168666255805
0.005,0.5,0.01,2,1.3333333333,-0.0030085690133421217
0.005,0.5,0.01,0,1.4166666667,-0.056174332509579816
0.005,0.5,0.01,0,1.5,-0.054894288763227106
0.005,0.5,0.01,0,1.5833333333,-0.052880961003787696
0.005,0.5,0.01,0,1.6666666667,-0.04966981923746361
0.005,0.5,0.01,0,1.75,-0.046818160198262015
0.005,0.5,0.01,0,1.8333333333,-0.04542120000601568
0.005,0.5,0.01,0,1.9166666667,-0.04547845991426391
0.005,0.5,0.01,0,2.0,-0.047267039208569006
0.005,0.5,0.0001,0,0.0,0.009261347790681329
0.005,0.5,0.0001,0,0.0833333333,-0.02139820659357161
0.005,0.5,0.0001,0,0.1666666667,-0.0015275318022349715
0.005,0.5,0.0001,0,0.25,0.017364583879459827
0.005,0.5,0.0001,0,0.3333333333,0.0262337397519965
0.005,0.5,0.0001,0,0.4166666667,0.028440181578347712
0.005,0.5,0.0001,0,0.5,0.025808010813179294
0.005,0.5,0.0001,0,0.5833333333,0.015535802925591202
0.005,0.5,0.0001,0,0.6666666667,-0.006262642696852172
0.005,0.5,0.0001,0,1.2708333333,0.01756773854097826
0.005,0.5,0.0001,0,1.2916666667,0.036000041604411503
0.005,0.5,0.0001,0,1.3125,0.04947111774259727
0.005,0.5,0.0001,0,1.3333333333,-0.04072819263084915
0.005,0.5,0.0001,1,1.3333333333,-0.005959837305339333
0.005,0.5,0.0001,0,1.375,0.0008386192254221658
0.005,0.5,0.0001,0,1.3958333333,0.002749813257424627
0.005,0.5,0.0001,0,1.4166666667,-0.04179369426435087
0.005,0.5,0.0001,1,1.4166666667,0.004851739641737796
0.005,0.5,0.0001,0,1.5,-0.03989609741376965
0.005,0.5,0.0001,1,1.5,0.005422749944943517
0.005,0.5,0.0001,0,1.5833333333,-0.03719920035896296
0.005,0.5,0.0001,1,1.5833333333,0.0037979896995203877
0.005,0.5,0.0001,0,1.6666666667,-0.03484733080492597
0.005,0.5,0.0001,1,1.6666666667,0.0027234469288728302
0.005,0.5,0.0001,0,1.75,-0.0330528786833697
0.005,0.5,0.0001,0,1.8333333333,-0.03167813015874543
0.005,0.5,0.0001,0,1.9166666667,-0.030611368643250092
0.005,0.5,0.0001,0,2.0,-0.029893466889689746
0.0075,0.5,0.01,0,0.0,-0.0007716234804453492
0.0075,0.5,0.01,0,0.0416666667,-0.0007413638974018699
0.0075,0.5,0.01,0,0.0625,-0.0008621390427376863
0.0075,0.5,0.01,0,0.0833333333,-0.0007238855904181385
0.0075,0.5,0.01,0,0.1041666667,-0.0007130902570799957
0.0075,0.5,0.01,0,0.125,-0.0008185360770947003
0.0075,0.5,0.01,0,0.1458333334,-0.0005240853620314123
0.0075,0.5,0.01,0,0.1666666667,-0.0008152443791242803
0.0075,0.5,0.01,0,0.2291666667,-0.0008918710102057137
0.0075,0.5,0.01,0,0.25,-0.0007013258566028746
0.0075,0.5,0.01,0,0.3333333333,-0.0001263702030305236
0.0075,0.5,0.01,0,0.4166666667,-0.000199949379001918
0.0075,0.5,0.01,0,0.5,-0.0018245079406815634
0.0075,0.5,0.01,0,0.5833333333,-0.001955403114730414
0.0075,0.5,0.01,0,0.6666666667,-0.0007316604456801823
0.0075,0.5,0.01,0,0.75,-0.00025467127032907655
0.0075,0.5,0.01,0,0.8125,0.012939932763787965
0.0075,0.5,0.01,1,0.8125,-0.11476629999441657
0.0075,0.5,0.01,0,0.8333333333,-0.05236481328981779
0.0075,0.5,0.01,1,0.8333333333,-0.0711635621416884
0.0075,0.5,0.01,2,0.8333333333,-0.0003325419405073582
0.0075,0.5,0.01,0,0.8541666666,-0.05479546705938365
0.0075,0.5,0.01,0,0.875,-0.043076907087234884
0.0075,0.5,0.01,0,0.8958333334,-0.03435502174744676
0.0075,0.5,0.01,0,0.9166666667,-0.11164108788135407
0.0075,0.5,0.01,1,0.9166666667,-0.026553046211973186
0.0075,0.5,0.01,2,0.9166666667,-0.0007506897777642685
0.0075,0.5,0.01,0,0.9375,-0.020585507787376556
0.0075,0.5,0.01,0,0.9583333334,-0.015430302060291279
0.0075,0.5,0.01,0,0.9791666667,-0.011221515536912197
0.0075,0.5,0.01,0,1.0,-0.1043274398840266
0.0075,0.5,0.01,1,1.0,-0.007362007524920666
0.0075,0.5,0.01,2,1.0,-0.0013111882278997733
0.0075,0.5,0.01,0,1.0208333333,-0.004381485177559208
0.0075,0.5,0.01,0,1.0416666667,-0.001228477397569705
0.0075,0.5,0.01,0,1.0625,0.00041330671948536235
0.0075,0.5,0.01,0,1.0833333333,-0.09833363100216741
0.0075,0.5,0.01,1,1.0833333333,0.002427656827284297
0.0075,0.5,0.01,2,1.0833333333,-0.0013707349723235396
0.0075,0.5,0.01,0,1.1041666667,0.004019358975872356
0.0075,0.5,0.01,0,1.125,0.004384342290294496
0.0075,0.5,0.01,0,1.1458333333,0.0056615621108737635
0.0075,0.5,0.01,0,1.1666666667,-0.0928138579467842
0.0075,0.5,0.01,1,1.1666666667,0.006276151137668107
0.0075,0.5,0.01,2,1.1666666667,-0.000849895600094186
0.0075,0.5,0.01,0,1.1875,0.00556675760054115
0.0075,0.5,0.01,0,1.2083333333,0.006008224587309874
0.0075,0.5,0.01,0,1.2291666667,0.0061614191351944125
0.0075,0.5,0.01,0,1.25,-0.08842031257160832
0.0075,0.5,0.01,1,1.25,0.006101758265161017
0.0075,0.5,0.01,2,1.25,-0.0023831647221572716
0.0075,0.5,0.01,0,1.2708333333,0.0059176324262537605
0.0075,0.5,0.01,0,1.2916666667,0.006995811902276383
0.0075,0.5,0.01,0,1.3333333333,-0.08519088454497004
0.0075,0.5,0.01,1,1.3333333333,0.015927487210114055
0.0075,0.5,0.01,2,1.3333333333,-0.00918177390909869
0.0075,0.5,0.01,0,1.4166666667,-0.08276994777462421
0.0075,0.5,0.01,0,1.5,-0.08096632183764263
0.0075,0.5,0.01,0,1.5833333333,-0.0796701467755081
0.0075,0.5,0.01,0,1.6666666667,-0.07858798097331432
0.0075,0.5,0.01,0,1.75,-0.07736693435174913
0.0075,0.5,0.01,0,1.8333333333,-0.07630442420925543
0.0075,0.5,0.01,0,1.9166666667,-0.0753698314207425
0.0075,0.5,0.01,0,2.0,-0.07453779483768708
0.0075,0.5,0.0001,0,0.0,0.0018787381412472826
0.0075,0.5,0.0001,0,0.0833333333,-0.007237912519282075
0.0075,0.5,0.0001,0,0.1666666667,-0.001512899912126775
0.0075,0.5,0.0001,0,0.25,0.006556377807009017
0.0075,0.5,0.0001,0,0.3333333333,0.012413311424344986
0.0075,0.5,0.0001,0,0.4166666667,0.014459003327619957
0.0075,0.5,0.0001,0,0.5,0.013611500858897951
0.0075,0.5,0.0001,0,0.5833333333,0.006508183533437961
0.0075,0.5,0.0001,0,0.6666666667,-0.0036149263863416436
0.0075,0.5,0.0001,0,1.2708333333,-0.011582298750080433
0.0075,0.5,0.0001,0,1.2916666667,0.03505148933671731
0.0075,0.5,0.0001,0,1.3125,0.05162025759458588
0.0075,0.5,0.0001,0,1.3333333333,-0.06192342104160509
0.0075,0.5,0.0001,1,1.3333333333,-0.008735735667916744
0.0075,0.5,0.0001,0,1.375,0.0010775740737549722
0.0075,0.5,0.0001,0,1.3958333333,0.004294204926239331
0.0075,0.5,0.0001,0,1.4166666667,-0.0699538456841029
0.0075,0.5,0.0001,1,1.4166666667,0.008129656829007237
0.0075,0.5,0.0001,0,1.5,-0.06701477280302481
0.0075,0.5,0.0001,1,1.5,0.00805987235410921
0.0075,0.5,0.0001,0,1.5833333333,-0.06550685975570159
0.0075,0.5,0.0001,1,1.5833333333,0.008263872858735644
0.0075,0.5,0.0001,0,1.6666666667,-0.06461888743694244
0.0075,0.5,0.0001,1,1.6666666667,0.005693543106685128
0.0075,0.5,0.0001,0,1.75,-0.06395971457085481
0.0075,0.5,0.0001,0,1.8333333333,-0.06327760851248643
0.0075,0.5,0.0001,0,1.9166666667,-0.06251079355305822
0.0075,0.5,0.0001,0,2.0,-0.06174504531876246
0.01,0.5,0.01,0,0.0,-0.0014499307677393602
0.01,0.5,0.01,0,0.0416666667,-0.0013940568762520478
0.01,0.5,0.01,0,0.0625,-0.0014300915395737412
0.01,0.5,0.01,0,0.0833333333,-0.0013126371631537737
0.01,0.5,0.01,0,0.1041666667,-0.0013218607636362734
0.01,0.5,0.01,0,0.125,-0.0012568749755483832
0.01,0.5,0.01,0,0.1458333334,-0.0011975656918763455
0.01,0.5,0.01,0,0.1666666667,-0.0012649811467071448
0.01,0.5,0.01,0,0.2291666667,-0.001199738191632882
0.01,0.5,0.01,0,0.25,-0.0011529450296283716
0.01,0.5,0.01,0,0.3333333333,-0.0009136766763517823
0.01,0.5,0.01,0,0.4166666667,-0.0009484788044433756
0.01,0.5,0.01,0,0.5,-0.0016297499475472765
0.01,0.5,0.01,0,0.5833333333,-0.0015310521886076067
0.01,0.5,0.01,0,0.6666666667,-0.001220908449689917
0.01,0.5,0.01,0,0.75,-0.0011328073700493935
0.01,0.5,0.01,0,0.8333333333,1.4979780632860844
0.01,0.5,0.01,0,0.875,-0.08627679488399831
0.01,0.5,0.01,0,0.8958333334,-0.06124246304011871
0.01,0.5,0.01,0,0.9166666667,-0.06912987574603102
0.01,0.5,0.01,1,0.9166666667,-0.044897827933064516
0.01,0.5,0.01,2,0.9166666667,-0.0015520330928286974
0.01,0.5,0.01,0,0.9375,-0.03354241951645798
0.01,0.5,0.01,0,0.9583333334,-0.024066102955183966
0.01,0.5,0.01,0,0.9791666667,-0.01692689407041037
0.01,0.5,0.01,0,1.0,-0.13900705235805622
0.01,0.5,0.01,1,1.0,-0.010739459743249857
0.01,0.5,0.01,2,1.0,-0.0018282723695572933
0.01,0.5,0.01,0,1.0208333333,-0.00608122000311373
0.01,0.5,0.01,0,1.0416666667,-0.0017326315490975297
0.01,0.5,0.01,0,1.0625,0.0008064605920838908
0.01,0.5,0.01,0,1.0833333333,-0.13713040960719713
0.01,0.5,0.01,1,1.0833333333,0.003840770004152283
0.01,0.5,0.01,2,1.0833333333,-0.0021513614378876333
0.01,0.5,0.01,0,1.1041666667,0.0054342903608257664
0.01,0.5,0.01,0,1.125,0.0073413785449794045
0.01,0.5,0.01,0,1.1458333333,0.007812368804501979
0.01,0.5,0.01,0,1.1666666667,-0.12862860740694437
0.01,0.5,0.01,1,1.1666666667,0.009660936170508672
0.01,0.5,0.01,2,1.1666666667,-0.0028042885160306508
0.01,0.5,0.01,0,1.1875,0.008871417778832713
0.01,0.5,0.01,0,1.2083333333,0.009001828943729695
0.01,0.5,0.01,0,1.2291666667,0.009466805807344159
0.01,0.5,0.01,0,1.25,-0.1217945563224414
0.01,0.5,0.01,1,1.25,0.009579010440742275
0.01,0.5,0.01,2,1.25,-0.004041425230416618
0.01,0.5,0.01,0,1.2708333333,0.009814012049691456
0.01,0.5,0.01,0,1.2916666667,0.011304821406605603
0.01,0.5,0.01,0,1.3333333333,-0.11710353523016503
0.01,0.5,0.01,1,1.3333333333,0.029538265694056154
0.01,0.5,0.01,2,1.3333333333,-0.016587398600572678
0.01,0.5,0.01,0,1.4166666667,-0.11393760760466565
0.01,0.5,0.01,0,1.5,-0.11134056800055792
0.01,0.5,0.01,0,1.5833333333,-0.10899634281223869
0.01,0.5,0.01,0,1.6666666667,-0.1066604127652
0.01,0.5,0.01,0,1.75,-0.10464628789048303
0.01,0.5,0.01,0,1.8333333333,-0.1030001674246741
0.01,0.5,0.01,0,1.9166666667,-0.10165970373096633
0.01,0.5,0.01,0,2.0,-0.10059136956609671
0.01,0.5,0.0001,0,0.0,-0.0010072936255309806
0.01,0.5,0.0001,0,0.0833333333,-0.002863053510670399
0.01,0.5,0.0001,0,0.1666666667,-0.0015193704256948326
0.01,0.5,0.0001,0,0.25,0.0013267145312334527
0.01,0.5,0.0001,0,0.3333333333,0.0037318346261776547
0.01,0.5,0.0001,0,0.4166666667,0.004610883888841677
0.01,0.5,0.0001,0,0.5,0.004844541923653356
0.01,0.5,0.0001,0,0.5833333333,0.0017767885458628285
0.01,0.5,0.0001,0,0.6666666667,-0.002349136011868147
0.01,0.5,0.0001,0,1.2708333333,-0.015030591135424709
0.01,0.5,0.0001,0,1.2916666667,-0.015442596197975389
0.01,0.5,0.0001,0,1.3125,0.057653554284782915
0.01,0.5,0.0001,0,1.3333333333,-0.09322483737323362
0.01,0.5,0.0001,1,1.3333333333,-0.010327101949187956
0.01,0.5,0.0001,0,1.375,0.0013241091119360338
0.01,0.5,0.0001,0,1.3958333333,0.005848350401521651
0.01,0.5,0.0001,0,1.4166666667,-0.09540153167099552
0.01,0.5,0.0001,1,1.4166666667,0.010132082961852307
0.01,0.5,0.0001,0,1.5,-0.08912769000696463
0.01,0.5,0.0001,1,1.5,0.011322305831287904
0.01,0.5,0.0001,0,1.5833333333,-0.08561675599892093
0.01,0.5,0.0001,1,1.5833333333,0.013486679407211488
0.01,0.5,0.0001,0,1.6666666667,-0.08346030296606877
0.01,0.5,0.0001,1,1.6666666667,0.00983172810121391
0.01,0.5,0.0001,0,1.75,-0.08200188464904734
0.01,0.5,0.0001,0,1.8333333333,-0.08085912073992119
0.01,0.5,0.0001,0,1.9166666667,-0.07986543928473289
0.01,0.5,0.0001,0,2.0,-0.07899412318750598
0.015,0.5,0.01,0,0.0,-0.0031371818819370123
0.015,0.5,0.01,0,0.0416666667,-0.0030645246136700166
0.015,0.5,0.01,0,0.0625,-0.0031029796909201046
0.015,0.5,0.01,0,0.0833333333,-0.002886376624596121
0.015,0.5,0.01,0,0.1041666667,-0.002913881281597863
0.015,0.5,0.01,0,0.125,-0.00283143107368522
0.015,0.5,0.01,0,0.1458333334,-0.002708845659593173
0.015,0.5,0.01,0,0.1666666667,-0.002723136789742897
0.015,0.5,0.01,0,0.2291666667,-0.002515076306587982
0.015,0.5,0.01,0,0.25,-0.0025050643172090936
0.015,0.5,0.01,0,0.3333333333,-0.0022748388505746675
0.015,0.5,0.01,0,0.4166666667,-0.002345063946173509
0.015,0.5,0.01,0,0.5,-0.0029140479920470863
0.015,0.5,0.01,0,0.5833333333,-0.0025388742453520408
0.015,0.5,0.01,0,0.6666666667,-0.0026784621598132663
0.015,0.5,0.01,0,0.75,-0.002757928500506379
0.015,0.5,0.01,0,0.8333333333,-0.003461633289783661
0.015,0.5,0.01,0,0.9166666667,1.4669043455105726
0.015,0.5,0.01,0,0.9583333334,-0.055540211055449595
0.015,0.5,0.01,0,0.9791666667,-0.03431866705756781
0.015,0.5,0.01,0,1.0,0.0143406920618242
0.015,0.5,0.01,1,1.0,-0.019966981646429294
0.015,0.5,0.01,2,1.0,-0.0038595124208589127
0.015,0.5,0.01,0,1.0208333333,-0.010389400555045558
0.015,0.5,0.01,0,1.0416666667,-0.002872887624166376
0.015,0.5,0.01,0,1.0625,0.0017541898212882767
0.015,0.5,0.01,0,1.0833333333,-0.09617364592889277
0.015,0.5,0.01,1,1.0833333333,0.006683014070647975
0.015,0.5,0.01,2,1.0833333333,-0.004606812376071634
0.015,0.5,0.01,0,1.1041666667,0.008467535479006916
0.015,0.5,0.01,0,1.125,0.01208162617487818
0.015,0.5,0.01,0,1.1458333333,0.012820276002213138
0.015,0.5,0.01,0,1.1666666667,-0.1820393873751015
0.015,0.5,0.01,1,1.1666666667,0.014647375319936984
0.015,0.5,0.01,2,1.1666666667,-0.006725879031381554
0.015,0.5,0.01,0,1.1875,0.01594407333002046
0.015,0.5,0.01,0,1.2083333333,0.01654635634486068
0.015,0.5,0.01,0,1.2291666667,0.017274004065940263
0.015,0.5,0.01,0,1.25,-0.2007210476643615
0.015,0.5,0.01,1,1.25,0.018220903193722826
0.015,0.5,0.01,2,1.25,-0.008731723436701255
0.015,0.5,0.01,0,1.2708333333,0.019514380151195443
0.015,0.5,0.01,0,1.2916666667,0.021697118654659286
0.015,0.5,0.01,0,1.3333333333,-0.1920786724407043
0.015,0.5,0.01,1,1.3333333333,0.053088070581200464
0.015,0.5,0.01,2,1.3333333333,-0.03708650102380395
0.015,0.5,0.01,0,1.4166666667,-0.18374625837037384
0.015,0.5,0.01,0,1.5,-0.17740394042651042
0.015,0.5,0.01,0,1.5833333333,-0.17248359378207945
0.015,0.5,0.01,0,1.6666666667,-0.16857685091636743
0.015,0.5,0.01,0,1.75,-0.16520778848384832
0.015,0.5,0.01,0,1.8333333333,-0.16236596207762166
0.015,0.5,0.01,0,1.9166666667,-0.15998445636463132
0.015,0.5,0.01,0,2.0,-0.1579632492172547
0.015,0.5,0.0001,0,0.0,-0.00365019374941844
0.015,0.5,0.0001,0,0.0833333333,-0.0026492139016693894
0.015,0.5,0.0001,0,0.1666666667,-0.002771170600907036
0.015,0.5,0.0001,0,0.25,-0.0020116572947979083
0.015,0.5,0.0001,0,0.3333333333,-0.0016821669009305928
0.015,0.5,0.0001,0,0.4166666667,-0.0017210857203187047
0.015,0.5,0.0001,0,0.5,-0.0015841858393450536
0.015,0.5,0.0001,0,0.5833333333,-0.0017669527354211567
0.015,0.5,0.0001,0,0.6666666667,-0.0024277618083470287
0.015,0.5,0.0001,0,1.2916666667,-0.019137747477290246
0.015,0.5,0.0001,0,1.3125,-0.017932244765142213
0.015,0.5,0.0001,0,1.3333333333,-0.15615201348476204
0.015,0.5,0.0001,1,1.3333333333,-0.012924730541358898
0.015,0.5,0.0001,0,1.375,0.0017387789512552931
0.015,0.5,0.0001,0,1.3958333333,0.008773424171809152
0.015,0.5,0.0001,0,1.4166666667,-0.14511698169680187
0.015,0.5,0.0001,1,1.4166666667,0.013984457117568017
0.015,0.5,0.0001,0,1.5,-0.13769495647544505
0.015,0.5,0.0001,1,1.5,0.02014007492492409
0.015,0.5,0.0001,0,1.5833333333,-0.1323952640207824
0.015,0.5,0.0001,1,1.5833333333,0.023573696946778133
0.015,0.5,0.0001,0,1.6666666667,-0.12844432629697344
0.015,0.5,0.0001,1,1.6666666667,0.026680750593350844
0.015,0.5,0.0001,0,1.75,-0.12540721929951437
0.015,0.5,0.0001,0,1.8333333333,-0.12301938288889924
0.015,0.5,0.0001,0,1.9166666667,-0.12111057486909904
0.015,0.5,0.0001,0,2.0,-0.11956691718446
0.02,0.5,0.01,0,0.0,-0.005258248249398356
0.02,0.5,0.01,0,0.0416666667,-0.005232845837976896
0.02,0.5,0.01,0,0.0625,-0.005302360136126838
0.02,0.5,0.01,0,0.0833333333,-0.004958875039298372
0.02,0.5,0.01,0,0.1041666667,-0.004995903955271386
0.02,0.5,0.01,0,0.125,-0.005002888743875777
0.02,0.5,0.01,0,0.1458333334,-0.004659498753396996
0.02,0.5,0.01,0,0.1666666667,-0.004675413329032763
0.02,0.5,0.01,0,0.25,-0.004313839379606499
0.02,0.5,0.01,0,0.3333333333,-0.003954655851699629
0.02,0.5,0.01,0,0.4166666667,-0.004091217314912354
0.02,0.5,0.01,0,0.5,-0.004954556856069603
0.02,0.5,0.01,0,0.5833333333,-0.00433771740500255
0.02,0.5,0.01,0,0.6666666667,-0.004666344983184523
0.02,0.5,0.01,0,0.75,-0.004753718827584352
0.02,0.5,0.01,0,0.8333333333,-0.005905543138427394
0.02,0.5,0.01,0,0.9166666667,1.3416239234787657
0.02,0.5,0.01,0,0.9791666667,-0.08786114191694339
0.02,0.5,0.01,0,1.0,0.10720831477650161
0.02,0.5,0.01,1,1.0,-0.037013913942182564
0.02,0.5,0.01,2,1.0,-0.006686286571988109
0.02,0.5,0.01,0,1.0208333333,-0.016815213784377114
0.02,0.5,0.01,0,1.0416666667,-0.0043006699758167954
0.02,0.5,0.01,0,1.0625,0.0029106769356848083
0.02,0.5,0.01,0,1.0833333333,0.04316322884872559
0.02,0.5,0.01,1,1.0833333333,0.009229030380347059
0.02,0.5,0.01,2,1.0833333333,-0.007955740416501378
0.02,0.5,0.01,0,1.1041666667,0.012244311694944443
0.02,0.5,0.01,0,1.125,0.016043587525998326
0.02,0.5,0.01,0,1.1458333333,0.01813444325285607
0.02,0.5,0.01,0,1.1666666667,-0.01990801613572435
0.02,0.5,0.01,1,1.1666666667,0.020148272606274498
0.02,0.5,0.01,2,1.1666666667,-0.011344556467424383
0.02,0.5,0.01,0,1.1875,0.021947078232771977
0.02,0.5,0.01,0,1.2083333333,0.023142289075994027
0.02,0.5,0.01,0,1.2291666667,0.0246685538881799
0.02,0.5,0.01,0,1.25,-0.11831686262574814
0.02,0.5,0.01,1,1.25,0.026505701273187743
0.02,0.5,0.01,2,1.25,-0.014904068595898767
0.02,0.5,0.01,0,1.2708333333,0.029899663908373952
0.02,0.5,0.01,0,1.2916666667,0.0334828101813156
0.02,0.5,0.01,0,1.3333333333,-0.21229288926530587
0.02,0.5,0.01,0,1.4166666667,-0.2592811891871958
0.02,0.5,0.01,0,1.5,-0.25858534092622054
0.02,0.5,0.01,0,1.5833333333,-0.2486430607115473
0.02,0.5,0.01,0,1.6666666667,-0.2404413077571944
0.02,0.5,0.01,0,1.75,-0.23392220508739348
0.02,0.5,0.01,0,1.8333333333,-0.2286511079885729
0.02,0.5,0.01,0,1.9166666667,-0.22430592269903116
0.02,0.5,0.01,0,2.0,-0.22071870965429619
0.02,0.5,0.0001,0,0.0,-0.0064677854058428075
0.02,0.5,0.0001,0,0.0833333333,-0.004533398663077115
0.02,0.5,0.0001,0,0.1666666667,-0.004842129990823896
0.02,0.5,0.0001,0,0.25,-0.0038765695358196073
0.02,0.5,0.0001,0,0.3333333333,-0.0036969177344352566
0.02,0.5,0.0001,0,0.4166666667,-0.0040747638831581945
0.02,0.5,0.0001,0,0.5,-0.003777995830279046
0.02,0.5,0.0001,0,0.5833333333,-0.0036335722062945663
0.02,0.5,0.0001,0,0.6666666667,-0.003983872516843068
0.02,0.5,0.0001,0,1.25,-0.24043783972189614
0.02,0.5,0.0001,1,1.25,-0.010501971023214152
0.02,0.5,0.0001,0,1.2916666667,-0.0237133493240953
0.02,0.5,0.0001,0,1.3125,-0.021548110066002657
0.02,0.5,0.0001,0,1.3333333333,-0.21932536430784977
0.02,0.5,0.0001,1,1.3333333333,-0.015374977752304675
0.02,0.5,0.0001,0,1.375,0.0020637744474467645
0.02,0.5,0.0001,0,1.3958333333,0.01144026545417498
0.02,0.5,0.0001,0,1.4166666667,-0.20433409059441887
0.02,0.5,0.0001,1,1.4166666667,0.018016608849192206
0.02,0.5,0.0001,0,1.5,-0.1947097448399473
0.02,0.5,0.0001,1,1.5,0.03141982290143597
0.02,0.5,0.0001,0,1.5833333333,-0.18808918955916698
0.02,0.5,0.0001,1,1.5833333333,0.03329251163891089
0.02,0.5,0.0001,0,1.6666666667,-0.1832337882459798
0.02,0.5,0.0001,1,1.6666666667,0.04639174539146018
0.02,0.5,0.0001,0,1.75,-0.17909496626740218
0.02,0.5,0.0001,0,1.8333333333,-0.17549235816646402
0.02,0.5,0.0001,0,1.9166666667,-0.1725872312916783
0.02,0.5,0.0001,0,2.0,-0.17020108944817025
0.03,0.5,0.01,0,0.0,-0.010317782363866712
0.03,0.5,0.01,0,0.0625,-0.010781124459235958
0.03,0.5,0.01,0,0.0833333333,-0.010737221803466035
0.03,0.5,0.01,0,0.1041666667,-0.01022971131597239
0.03,0.5,0.01,0,0.125,-0.010359857489728341
0.03,0.5,0.01,0,0.1458333334,-0.009981576131159908
0.03,0.5,0.01,0,0.1666666667,-0.009618800404193495
0.03,0.5,0.01,0,0.25,-0.009295390228109657
0.03,0.5,0.01,0,0.3333333333,-0.008346774523488643
0.03,0.5,0.01,0,0.4166666667,-0.008676328423835367
0.03,0.5,0.01,0,0.5,-0.010100774822574099
0.03,0.5,0.01,0,0.5833333333,-0.009032153094083561
0.03,0.5,0.01,0,0.6666666667,-0.0099254164446676
0.03,0.5,0.01,0,0.75,-0.009882758813874792
0.03,0.5,0.01,0,0.8333333333,-0.01190814548257868
0.03,0.5,0.01,0,0.9166666667,-0.01273048890465045
0.03,0.5,0.01,0,1.0,1.2952152556923422
0.03,0.5,0.01,0,1.0208333333,-0.08408866183234465
0.03,0.5,0.01,0,1.0416666667,-0.008698188267320273
0.03,0.5,0.01,0,1.0625,0.006117610911865912
0.03,0.5,0.01,0,1.0833333333,0.10346924645186473
0.03,0.5,0.01,1,1.0833333333,0.014582456706215163
0.03,0.5,0.01,2,1.0833333333,-0.016673939669698212
0.03,0.5,0.01,0,1.1041666667,0.019922213392062682
0.03,0.5,0.01,0,1.125,0.02444835886724528
0.03,0.5,0.01,0,1.1458333333,0.028163036874883307
0.03,0.5,0.01,0,1.1666666667,0.07015301896261528
0.03,0.5,0.01,1,1.1666666667,0.030557355055857993
0.03,0.5,0.01,2,1.1666666667,-0.022495994091874305
0.03,0.5,0.01,0,1.1875,0.033659299812433874
0.03,0.5,0.01,0,1.2083333333,0.03706213871969566
0.03,0.5,0.01,0,1.25,0.05138797993002775
0.03,0.5,0.01,1,1.25,0.04473057224861732
0.03,0.5,0.01,2,1.25,-0.03234376577291531
0.03,0.5,0.01,0,1.2708333333,0.05011898195641162
0.03,0.5,0.01,0,1.3333333333,0.03356129097845317
0.03,0.5,0.01,0,1.4166666667,0.004026265248688654
0.03,0.5,0.01,0,1.5,-0.05715382134729374
0.03,0.5,0.01,0,1.5833333333,-0.15315177932470725
0.03,0.5,0.01,0,1.6666666667,-0.2524547753870383
0.03,0.5,0.01,0,1.75,-0.334436688753748
0.03,0.5,0.01,0,1.8333333333,-0.3826554516042273
0.03,0.5,0.01,0,1.9166666667,-0.38753238832780734
0.03,0.5,0.01,0,2.0,-0.3760550127041461
0.03,0.5,0.0001,0,0.0,-0.013348587967084713
0.03,0.5,0.0001,0,0.0833333333,-0.010082983336128004
0.03,0.5,0.0001,0,0.1666666667,-0.010640805153026456
0.03,0.5,0.0001,0,0.25,-0.008722968586200253
0.03,0.5,0.0001,0,0.3333333333,-0.00856584692565221
0.03,0.5,0.0001,0,0.4166666667,-0.009076142663633657
0.03,0.5,0.0001,0,0.5,-0.008206869350318335
0.03,0.5,0.0001,0,0.5833333333,-0.008215380164938058
0.03,0.5,0.0001,0,0.6666666667,-0.008869480837677912
0.03,0.5,0.0001,0,1.25,-0.039864550169550594
0.03,0.5,0.0001,1,1.25,-0.05491935032364181
0.03,0.5,0.0001,0,1.3125,-0.03086326354484248
0.03,0.5,0.0001,0,1.3333333333,-0.13479065026228165
0.03,0.5,0.0001,1,1.3333333333,-0.02205271156016453
0.03,0.5,0.0001,0,1.375,0.0027195498860159706
0.03,0.5,0.0001,0,1.3958333333,0.015699492734107423
0.03,0.5,0.0001,0,1.4166666667,-0.22841033382950204
0.03,0.5,0.0001,1,1.4166666667,0.02542117505238961
0.03,0.5,0.0001,0,1.5,-0.28750687239217454
0.03,0.5,0.0001,1,1.5,0.04691180832139086
0.03,0.5,0.0001,0,1.5833333333,-0.30863522163405677
0.03,0.5,0.0001,1,1.5833333333,0.05881228380064618
0.03,0.5,0.0001,0,1.6666666667,-0.3025319002680711
0.03,0.5,0.0001,1,1.6666666667,0.08861342946095685
0.03,0.5,0.0001,0,1.75,-0.2952436191971517
0.03,0.5,0.0001,0,1.8333333333,-0.28888786401218214
0.03,0.5,0.0001,0,1.9166666667,-0.28348806967672746
0.03,0.5,0.0001,0,2.0,-0.2788999205690541
0.05,0.5,0.01,0,0.0,-0.021600192775475424
0.05,0.5,0.01,0,0.0625,-0.024614409011816774
0.05,0.5,0.01,0,0.0833333333,-0.024523089994089586
0.05,0.5,0.01,0,0.125,-0.023607172901024764
0.05,0.5,0.01,0,0.1458333334,-0.023231512593172576
0.05,0.5,0.01,0,0.1666666667,-0.022690624711099394
0.05,0.5,0.01,0,0.25,-0.021897926052283134
0.05,0.5,0.01,0,0.3333333333,-0.019817865060471007
0.05,0.5,0.01,0,0.4166666667,-0.022253368848520028
0.05,0.5,0.01,0,0.5,-0.022229068151522702
0.05,0.5,0.01,0,0.5833333333,-0.02078736929784708
0.05,0.5,0.01,0,0.6666666667,-0.024458845003738405
0.05,0.5,0.01,0,0.75,-0.02286874869944655
0.05,0.5,0.01,0,0.8333333333,-0.02605987137003596
0.05,0.5,0.01,0,0.9166666667,-0.03009023397411026
0.05,0.5,0.01,0,1.0,-0.03353437911527535
0.05,0.5,0.01,0,1.0625,-0.11709434327018386
0.05,0.5,0.01,0,1.0833333333,0.12269273167832762
0.05,0.5,0.01,1,1.0833333333,0.028780738565095554
0.05,0.5,0.01,2,1.0833333333,-0.03948961405861562
0.05,0.5,0.01,0,1.1041666667,0.03695706718619429
0.05,0.5,0.01,0,1.125,0.0426197072063792
0.05,0.5,0.01,0,1.1458333333,0.04832125023293754
0.05,0.5,0.01,0,1.1666666667,0.09708791465749955
0.05,0.5,0.01,1,1.1666666667,0.05382193834017723
0.05,0.5,0.01,2,1.1666666667,-0.04768683277356556
0.05,0.5,0.01,0,1.1875,0.058685950784005625
0.05,0.5,0.01,0,1.25,0.08077443562598663
0.05,0.5,0.01,1,1.25,0.08253615488917476
0.05,0.5,0.01,2,1.25,-0.07693850359537535
0.05,0.5,0.01,0,1.3333333333,0.07071315902793562
0.05,0.5,0.01,0,1.4166666667,0.05923959912785004
0.05,0.5,0.01,0,1.5,0.052384718048553935
0.05,0.5,0.01,0,1.5833333333,0.046866209550697424
0.05,0.5,0.01,0,1.6666666667,0.04187822641482364
0.05,0.5,0.01,0,1.75,0.036636705446223994
0.05,0.5,0.01,0,1.8333333333,0.030081445070862967
0.05,0.5,0.01,0,1.9166666667,0.020461114909672395
0.05,0.5,0.01,0,2.0,0.004574891748852394
0.05,0.5,0.0001,0,0.0,-0.028343364431276497
0.05,0.5,0.0001,0,0.0833333333,-0.027104852546184333
0.05,0.5,0.0001,0,0.1666666667,-0.027394933939719035
0.05,0.5,0.0001,0,0.25,-0.024019264900455584
0.05,0.5,0.0001,0,0.3333333333,-0.023930287334576583
0.05,0.5,0.0001,0,0.4166666667,-0.02381569443296616
0.05,0.5,0.0001,0,0.5,-0.023039928263810516
0.05,0.5,0.0001,0,0.5833333333,-0.022944635854349027
0.05,0.5,0.0001,0,0.6666666667,-0.024272897991372666
0.05,0.5,0.0001,0,1.3333333333,0.11042187579150942
0.05,0.5,0.0001,1,1.3333333333,-0.06261312789121054
0.05,0.5,0.0001,0,1.375,0.005698777943692779
0.05,0.5,0.0001,0,1.3958333333,0.02974764560999077
0.05,0.5,0.0001,0,1.4166666667,0.054424397099969934
0.05,0.5,0.0001,1,1.4166666667,0.04542282188366098
0.05,0.5,0.0001,0,1.5,0.021841917466633998
0.05,0.5,0.0001,1,1.5,0.07788180154690316
0.05,0.5,0.0001,0,1.5833333333,-0.031107712435821222
0.05,0.5,0.0001,1,1.5833333333,0.11141891781655877
0.05,0.5,0.0001,0,1.6666666667,-0.10146185320946688
0.05,0.5,0.0001,0,1.75,-0.187873902618946
0.05,0.5,0.0001,0,1.8333333333,-0.2743109868255026
0.05,0.5,0.0001,0,1.9166666667,-0.35786123152639715
0.05,0.5,0.0001,0,2.0,-0.4366948527825776
0.08,0.5,0.01,0,0.0,-0.039365837685786165
0.08,0.5,0.01,0,0.0833333333,-0.046625169263796895
0.08,0.5,0.01,0,0.1458333334,-0.04489334052268679
0.08,0.5,0.01,0,0.1666666667,-0.04433702005274931
0.08,0.5,0.01,0,0.25,-0.04534429552460817
0.08,0.5,0.01,0,0.3333333333,-0.043395130308632845
0.08,0.5,0.01,0,0.4166666667,-0.04355644502272904
0.08,0.5,0.01,0,0.5,-0.04046965201782404
0.08,0.5,0.01,0,0.5833333333,-0.04127927273792187
0.08,0.5,0.01,0,0.6666666667,-0.04518802542362543
0.08,0.5,0.01,0,0.75,-0.045927125142463776
0.08,0.5,0.01,0,0.8333333333,-0.04741578615038966
0.08,0.5,0.01,0,0.9166666667,-0.053998849644575575
0.08,0.5,0.01,0,1.0,-0.06095664675048518
0.08,0.5,0.01,0,1.0625,0.07967491469159893
0.08,0.5,0.01,1,1.0625,0.044891305920842894
0.08,0.5,0.01,0,1.0833333333,0.07706142163790575
0.08,0.5,0.01,1,1.0833333333,0.056378719777665065
0.08,0.5,0.01,2,1.0833333333,-0.06946200925180257
0.08,0.5,0.01,0,1.1041666667,0.06545316355744668
0.08,0.5,0.01,0,1.125,0.07379490403944566
0.08,0.5,0.01,0,1.1666666667,0.07382543550114018
0.08,0.5,0.01,1,1.1666666667,0.08921913592660102
0.08,0.5,0.01,2,1.1666666667,-0.08982228596903652
0.08,0.5,0.01,0,1.25,0.07111857876687544
0.08,0.5,0.01,1,1.25,0.17688395119217626
0.08,0.5,0.01,2,1.25,-0.17562730561445683
0.08,0.5,0.01,0,1.3333333333,0.06823787389046199
0.08,0.5,0.01,0,1.4166666667,0.06526636846708078
0.08,0.5,0.01,0,1.5,0.057784027608025146
0.08,0.5,0.01,0,1.5833333333,0.051834606691179785
0.08,0.5,0.01,0,1.6666666667,0.04738760941490172
0.08,0.5,0.01,0,1.75,0.044524990051066915
0.08,0.5,0.01,0,1.8333333333,0.04206417214616054
0.08,0.5,0.01,0,1.9166666667,0.039913120377906175
0.08,0.5,0.01,0,2.0,0.0379979897676489
0.08,0.5,0.0001,0,0.0,-0.06338464195661131
0.08,0.5,0.0001,0,0.0833333333,-0.061787649498100006
0.08,0.5,0.0001,0,0.1666666667,-0.052762237901945896
0.08,0.5,0.0001,0,0.25,-0.05627462085819879
0.08,0.5,0.0001,0,0.3333333333,-0.057378810382560985
0.08,0.5,0.0001,0,0.4166666667,-0.0562356821088601
0.08,0.5,0.0001,0,0.5,-0.056288208179247956
0.08,0.5,0.0001,0,0.5833333333,-0.05697656496461789
0.08,0.5,0.0001,0,0.6666666667,-0.05711906353358698
0.08,0.5,0.0001,0,1.375,0.03705651389440123
0.08,0.5,0.0001,0,1.3958333333,0.07342180906686147
0.08,0.5,0.0001,0,1.4166666667,0.12284264560797142
0.08,0.5,0.0001,1,1.4166666667,0.09027378733761093
0.08,0.5,0.0001,0,1.5,0.07731011251780506
0.08,0.5,0.0001,1,1.5,0.13541263097894096
0.08,0.5,0.0001,0,1.5833333333,0.055300967746639174
0.08,0.5,0.0001,1,1.5833333333,0.24319150625406682
0.08,0.5,0.0001,0,1.6666666667,0.03845194542759134
0.08,0.5,0.0001,0,1.75,0.03411591334206254
0.08,0.5,0.0001,0,1.8333333333,0.028621655403348267
0.08,0.5,0.0001,0,1.9166666667,0.02143814571974123
0.08,0.5,0.0001,0,2.0,0.011660367191988152
