temperature,target_filling,relative_threshold,accepted_pairs,rejected_intersections,ambiguous_pairs,maximum_allowed_separation,median_abs_delta,p90_abs_delta,maximum_abs_delta
0.005,0.5,0.01,119,10,3,0.1,0.0030663463739888375,0.06741663958922786,0.08240915930515968
0.005,0.5,0.0001,42,23,8,0.1,0.010500281103611453,0.03291540383090747,0.04179369426435087
0.005,0.5,1e-06,0,0,0,0.1,nan,nan,nan
0.0075,0.5,0.01,111,18,0,0.1,0.0036063076478654033,0.08914942755286503,0.09833363100216741
0.0075,0.5,0.0001,41,23,9,0.1,0.007151295565295701,0.06461888743694222,0.098690540762562
0.0075,0.5,1e-06,0,0,0,0.1,nan,nan,nan
0.01,0.5,0.01,84,62,0,0.1,0.0018612848514689695,0.02789661687239448,0.09689035413847213
0.01,0.5,0.0001,41,26,7,0.1,0.0029368222544574607,0.08200188464904712,0.09540153167099552
0.01,0.5,1e-06,0,0,0,0.1,nan,nan,nan
0.015,0.5,0.01,82,54,0,0.1,0.0038385414194319623,0.0340299023042907,0.09617364592889266
0.015,0.5,0.0001,33,53,3,0.1,0.0025401586708118096,0.01714268723562729,0.02668075059335151
0.015,0.5,1e-06,0,0,0,0.1,nan,nan,nan
0.02,0.5,0.01,83,42,0,0.1,0.006686286571988109,0.042045835041896476,0.09358797216964054
0.02,0.5,0.0001,35,43,2,0.1,0.004752364880510118,0.022847253620858602,0.04639174539146129
0.02,0.5,1e-06,0,0,0,0.1,nan,nan,nan
0.03,0.5,0.01,84,30,2,0.1,0.013772698900026636,0.05355004940729097,0.09938677468058232
0.03,0.5,0.0001,40,28,0,0.1,0.010741081022158872,0.05530864367134226,0.08861342946095685
0.03,0.5,1e-06,0,0,0,0.1,nan,nan,nan
0.05,0.5,0.01,81,22,0,0.1,0.03080981617376155,0.07769526590098719,0.09708791465749955
0.05,0.5,0.0001,38,21,0,0.1,0.027182217252149532,0.06207110339786799,0.07788180154690294
0.05,0.5,1e-06,0,0,0,0.1,nan,nan,nan
0.08,0.5,0.01,77,26,2,0.1,0.053998849644575575,0.07540405317071482,0.09566534293147044
0.08,0.5,0.0001,36,21,0,0.1,0.05692773054583444,0.06777745352316478,0.09027378733761005
0.08,0.5,1e-06,0,0,0,0.1,nan,nan,nan
