abs_delta_disorder,abs_delta_disorder_over_W,delta_disorder,disorder_arith,disorder_over_W_arith,disorder_over_W_typ,disorder_typ,interaction,interaction_over_W,target_filling,temperature,temperature_over_W
0.007806535915430457,0.007806535915430457,0.007806535915430457,0.11098752251072522,0.11098752251072522,0.11879405842615567,0.11879405842615567,0.25,0.25,0.3,0.005,0.005
0.0035949484481304084,0.0035949484481304084,0.0035949484481304084,0.3111553572059345,0.3111553572059345,0.3147503056540649,0.3147503056540649,0.375,0.375,0.3,0.005,0.005
0.0020943279581704943,0.0020943279581704943,-0.0020943279581704943,0.4516715276250983,0.4516715276250983,0.44957719966692783,0.44957719966692783,0.5,0.5,0.3,0.005,0.005
0.00971395882178594,0.00971395882178594,-0.00971395882178594,0.5802177394016237,0.5802177394016237,0.5705037805798377,0.5705037805798377,0.625,0.625,0.3,0.005,0.005
0.017595050793523415,0.017595050793523415,-0.017595050793523415,0.7038130631564544,0.7038130631564544,0.686218012362931,0.686218012362931,0.75,0.75,0.3,0.005,0.005
0.02249075569336001,0.02249075569336001,-0.02249075569336001,0.8246792199444349,0.8246792199444349,0.8021884642510749,0.8021884642510749,0.875,0.875,0.3,0.005,0.005
0.012499523535007606,0.012499523535007606,-0.012499523535007606,0.9438746831630239,0.9438746831630239,0.9313751596280163,0.9313751596280163,1.0,1.0,0.3,0.005,0.005
0.03296396202959162,0.03296396202959162,0.03296396202959162,1.062016515791934,1.062016515791934,1.0949804778215255,1.0949804778215255,1.125,1.125,0.3,0.005,0.005
0.05571833348990518,0.05571833348990518,-0.05571833348990518,1.1794804092309936,1.1794804092309936,1.1237620757410884,1.1237620757410884,1.25,1.25,0.3,0.005,0.005
0.08497883861852196,0.08497883861852196,-0.08497883861852196,1.2964893800271038,1.2964893800271038,1.2115105414085818,1.2115105414085818,1.375,1.375,0.3,0.005,0.005
0.1689062904789671,0.1689062904789671,-0.1689062904789671,1.4132013656399147,1.4132013656399147,1.2442950751609476,1.2442950751609476,1.5,1.5,0.3,0.005,0.005
0.2306626925491002,0.2306626925491002,-0.2306626925491002,1.529644539817068,1.529644539817068,1.2989818472679677,1.2989818472679677,1.625,1.625,0.3,0.005,0.005
0.28385088387216806,0.28385088387216806,-0.28385088387216806,1.6453602516560975,1.6453602516560975,1.3615093677839294,1.3615093677839294,1.75,1.75,0.3,0.005,0.005
0.3602211478430031,0.3602211478430031,-0.3602211478430031,1.7575747739853997,1.7575747739853997,1.3973536261423967,1.3973536261423967,1.875,1.875,0.3,0.005,0.005
0.43432813958249095,0.43432813958249095,-0.43432813958249095,1.8589848680725622,1.8589848680725622,1.4246567284900713,1.4246567284900713,2.0,2.0,0.3,0.005,0.005
0.4864964500351907,0.4864964500351907,-0.4864964500351907,1.9306072349215544,1.9306072349215544,1.4441107848863637,1.4441107848863637,2.125,2.125,0.3,0.005,0.005
0.5232161819603598,0.5232161819603598,-0.5232161819603598,1.9805565210116425,1.9805565210116425,1.4573403390512827,1.4573403390512827,2.25,2.25,0.3,0.005,0.005
0.5437968069844592,0.5437968069844592,-0.5437968069844592,2.0105823842851667,2.0105823842851667,1.4667855773007075,1.4667855773007075,2.375,2.375,0.3,0.005,0.005
0.5534369450982464,0.5534369450982464,-0.5534369450982464,2.0272285638336727,2.0272285638336727,1.4737916187354263,1.4737916187354263,2.5,2.5,0.3,0.005,0.005
0.5598382513913707,0.5598382513913707,-0.5598382513913707,2.0389725409631985,2.0389725409631985,1.4791342895718278,1.4791342895718278,2.625,2.625,0.3,0.005,0.005
0.5640918084988724,0.5640918084988724,-0.5640918084988724,2.0473982444897434,2.0473982444897434,1.483306435990871,1.483306435990871,2.75,2.75,0.3,0.005,0.005
0.2684946401851538,0.2684946401851538,0.2684946401851538,2.053463998566191,2.053463998566191,2.3219586387513447,2.3219586387513447,2.875,2.875,0.3,0.005,0.005
0.262238698665322,0.262238698665322,0.262238698665322,2.0579625612301573,2.0579625612301573,2.3202012598954793,2.3202012598954793,3.0,3.0,0.3,0.005,0.005
0.007405887286551283,0.007405887286551283,0.007405887286551283,0.10740711827460621,0.10740711827460621,0.11481300556115749,0.11481300556115749,0.25,0.25,0.3,0.01,0.01
0.00327045557560085,0.00327045557560085,0.00327045557560085,0.31064782213179987,0.31064782213179987,0.3139182777074007,0.3139182777074007,0.375,0.375,0.3,0.01,0.01
0.002564784613399318,0.002564784613399318,-0.002564784613399318,0.45158377014099893,0.45158377014099893,0.4490189855275996,0.4490189855275996,0.5,0.5,0.3,0.01,0.01
0.01028686457584338,0.01028686457584338,-0.01028686457584338,0.5803250887869569,0.5803250887869569,0.5700382242111135,0.5700382242111135,0.625,0.625,0.3,0.01,0.01
0.018263962681134838,0.018263962681134838,-0.018263962681134838,0.704048905680039,0.704048905680039,0.6857849429989041,0.6857849429989041,0.75,0.75,0.3,0.01,0.01
0.023239884567157976,0.023239884567157976,-0.023239884567157976,0.824994117025882,0.824994117025882,0.801754232458724,0.801754232458724,0.875,0.875,0.3,0.01,0.01
0.013299412517680742,0.013299412517680742,-0.013299412517680742,0.9442387604375942,0.9442387604375942,0.9309393479199135,0.9309393479199135,1.0,1.0,0.3,0.01,0.01
0.038058490488129815,0.038058490488129815,0.038058490488129815,1.0624016763753807,1.0624016763753807,1.1004601668635106,1.1004601668635106,1.125,1.125,0.3,0.01,0.01
0.036729870953308374,0.036729870953308374,-0.036729870953308374,1.1798717216686603,1.1798717216686603,1.143141850715352,1.143141850715352,1.25,1.25,0.3,0.01,0.01
0.04855616644006022,0.04855616644006022,-0.04855616644006022,1.296878417474461,1.296878417474461,1.2483222510344008,1.2483222510344008,1.375,1.375,0.3,0.01,0.01
0.047992229242419304,0.047992229242419304,-0.047992229242419304,1.413585914600506,1.413585914600506,1.3655936853580868,1.3655936853580868,1.5,1.5,0.3,0.01,0.01
0.05179385725110319,0.05179385725110319,-0.05179385725110319,1.5300821534163687,1.5300821534163687,1.4782882961652655,1.4782882961652655,1.625,1.625,0.3,0.01,0.01
0.06034275760258323,0.06034275760258323,-0.06034275760258323,1.6464124353252505,1.6464124353252505,1.5860696777226673,1.5860696777226673,1.75,1.75,0.3,0.01,0.01
0.07481618050053407,0.07481618050053407,-0.07481618050053407,1.7624790331835074,1.7624790331835074,1.6876628526829733,1.6876628526829733,1.875,1.875,0.3,0.01,0.01
0.09600954707315412,0.09600954707315412,-0.09600954707315412,1.8775060925106266,1.8775060925106266,1.7814965454374725,1.7814965454374725,2.0,2.0,0.3,0.01,0.01
0.1207808679969653,0.1207808679969653,-0.1207808679969653,1.9902192287950677,1.9902192287950677,1.8694383607981024,1.8694383607981024,2.125,2.125,0.3,0.01,0.01
0.10225020711038635,0.10225020711038635,-0.10225020711038635,2.0894270745716303,2.0894270745716303,1.987176867461244,1.987176867461244,2.25,2.25,0.3,0.01,0.01
0.09968242852468157,0.09968242852468157,-0.09968242852468157,2.1637785584819373,2.1637785584819373,2.0640961299572558,2.0640961299572558,2.375,2.375,0.3,0.01,0.01
0.1009836557842223,0.1009836557842223,-0.1009836557842223,2.21746245421966,2.21746245421966,2.1164787984354376,2.1164787984354376,2.5,2.5,0.3,0.01,0.01
0.05785360176026488,0.05785360176026488,-0.05785360176026488,2.2548972975598214,2.2548972975598214,2.1970436957995565,2.1970436957995565,2.625,2.625,0.3,0.01,0.01
0.0026385239717794384,0.0026385239717794384,0.0026385239717794384,2.276371597145393,2.276371597145393,2.2790101211171723,2.2790101211171723,2.75,2.75,0.3,0.01,0.01
0.08987531723991582,0.08987531723991582,0.08987531723991582,2.2920277045952115,2.2920277045952115,2.3819030218351274,2.3819030218351274,2.875,2.875,0.3,0.01,0.01
0.11878065831732787,0.11878065831732787,0.11878065831732787,2.3036728433813836,2.3036728433813836,2.4224535016987114,2.4224535016987114,3.0,3.0,0.3,0.01,0.01
0.0058711826447565285,0.0058711826447565285,0.0058711826447565285,0.09221124903635533,0.09221124903635533,0.09808243168111186,0.09808243168111186,0.25,0.25,0.3,0.02,0.02
0.002037619280633396,0.002037619280633396,0.002037619280633396,0.3083349056211502,0.3083349056211502,0.3103725249017836,0.3103725249017836,0.375,0.375,0.3,0.02,0.02
0.0043965617261650936,0.0043965617261650936,-0.0043965617261650936,0.451158669022494,0.451158669022494,0.4467621072963289,0.4467621072963289,0.5,0.5,0.3,0.02,0.02
0.012507904656949842,0.012507904656949842,-0.012507904656949842,0.5807390621453716,0.5807390621453716,0.5682311574884218,0.5682311574884218,0.625,0.625,0.3,0.02,0.02
0.020863742528445695,0.020863742528445695,-0.020863742528445695,0.7049961587291437,0.7049961587291437,0.684132416200698,0.684132416200698,0.75,0.75,0.3,0.02,0.02
0.026182948568272746,0.026182948568272746,-0.026182948568272746,0.8262921185221477,0.8262921185221477,0.8001091699538749,0.8001091699538749,0.875,0.875,0.3,0.02,0.02
0.016353907660170308,0.016353907660170308,-0.016353907660170308,0.9457373411017026,0.9457373411017026,0.9293834334415323,0.9293834334415323,1.0,1.0,0.3,0.02,0.02
0.03308605271107612,0.03308605271107612,0.03308605271107612,1.0639956276437286,1.0639956276437286,1.0970816803548047,1.0970816803548047,1.125,1.125,0.3,0.02,0.02
0.044215978757543795,0.044215978757543795,-0.044215978757543795,1.1814864411542974,1.1814864411542974,1.1372704623967536,1.1372704623967536,1.25,1.25,0.3,0.02,0.02
0.05035954481674354,0.05035954481674354,-0.05035954481674354,1.2984773017959355,1.2984773017959355,1.248117756979192,1.248117756979192,1.375,1.375,0.3,0.02,0.02
0.04938075701458122,0.04938075701458122,-0.04938075701458122,1.4151412160586747,1.4151412160586747,1.3657604590440935,1.3657604590440935,1.5,1.5,0.3,0.02,0.02
0.05042035384545196,0.05042035384545196,-0.05042035384545196,1.5315891575318703,1.5315891575318703,1.4811688036864183,1.4811688036864183,1.625,1.625,0.3,0.02,0.02
0.05265898863944973,0.05265898863944973,-0.05265898863944973,1.647891963134158,1.647891963134158,1.5952329744947082,1.5952329744947082,1.75,1.75,0.3,0.02,0.02
0.055573571534889954,0.055573571534889954,-0.055573571534889954,1.764093324784307,1.764093324784307,1.708519753249417,1.708519753249417,1.875,1.875,0.3,0.02,0.02
0.05936793796688056,0.05936793796688056,-0.05936793796688056,1.8802199951547913,1.8802199951547913,1.8208520571879108,1.8208520571879108,2.0,2.0,0.3,0.02,0.02
0.060160603025313675,0.060160603025313675,-0.060160603025313675,1.9971292636933333,1.9971292636933333,1.9369686606680196,1.9369686606680196,2.125,2.125,0.3,0.02,0.02
0.06406476154730933,0.06406476154730933,-0.06406476154730933,2.1149688220714724,2.1149688220714724,2.050904060524163,2.050904060524163,2.25,2.25,0.3,0.02,0.02
0.07554219642760795,0.07554219642760795,-0.07554219642760795,2.2322879489726475,2.2322879489726475,2.1567457525450395,2.1567457525450395,2.375,2.375,0.3,0.02,0.02
0.08649221678209384,0.08649221678209384,-0.08649221678209384,2.348246440021602,2.348246440021602,2.261754223239508,2.261754223239508,2.5,2.5,0.3,0.02,0.02
0.0912449404515594,0.0912449404515594,-0.0912449404515594,2.4605249864486605,2.4605249864486605,2.369280045997101,2.369280045997101,2.625,2.625,0.3,0.02,0.02
0.07134672466222902,0.07134672466222902,-0.07134672466222902,2.5643094639837773,2.5643094639837773,2.4929627393215483,2.4929627393215483,2.75,2.75,0.3,0.02,0.02
0.0532404668767823,0.0532404668767823,-0.0532404668767823,2.6538284064076576,2.6538284064076576,2.6005879395308753,2.6005879395308753,2.875,2.875,0.3,0.02,0.02
0.011113407423324784,0.011113407423324784,-0.011113407423324784,2.7273692357249555,2.7273692357249555,2.7162558283016307,2.7162558283016307,3.0,3.0,0.3,0.02,0.02
0.00311576430406435,0.00311576430406435,-0.00311576430406435,0.280079179256665,0.280079179256665,0.27696341495260063,0.27696341495260063,0.375,0.375,0.3,0.05,0.05
0.01366067011804828,0.01366067011804828,-0.01366067011804828,0.4406194179789441,0.4406194179789441,0.4269587478608958,0.4269587478608958,0.5,0.5,0.3,0.05,0.05
0.023665955339039035,0.023665955339039035,-0.023665955339039035,0.5787883427301634,0.5787883427301634,0.5551223873911244,0.5551223873911244,0.625,0.625,0.3,0.05,0.05
0.03382456412672219,0.03382456412672219,-0.03382456412672219,0.7085721250034248,0.7085721250034248,0.6747475608767026,0.6747475608767026,0.75,0.75,0.3,0.05,0.05
0.04206741776019318,0.04206741776019318,-0.04206741776019318,0.8339599453263131,0.8339599453263131,0.7918925275661199,0.7918925275661199,0.875,0.875,0.3,0.05,0.05
0.035017758804998356,0.035017758804998356,-0.035017758804998356,0.9564336420219633,0.9564336420219633,0.921415883216965,0.921415883216965,1.0,1.0,0.3,0.05,0.05
0.0008531396963877835,0.0008531396963877835,0.0008531396963877835,1.0767158786153486,1.0767158786153486,1.0775690183117363,1.0775690183117363,1.125,1.125,0.3,0.05,0.05
0.07047529727136959,0.07047529727136959,-0.07047529727136959,1.195289458209115,1.195289458209115,1.1248141609377453,1.1248141609377453,1.25,1.25,0.3,0.05,0.05
0.06688905301717996,0.06688905301717996,-0.06688905301717996,1.3125786220031257,1.3125786220031257,1.2456895689859457,1.2456895689859457,1.375,1.375,0.3,0.05,0.05
0.0679898956703946,0.0679898956703946,-0.0679898956703946,1.42897404481539,1.42897404481539,1.3609841491449954,1.3609841491449954,1.5,1.5,0.3,0.05,0.05
0.06987559643008989,0.06987559643008989,-0.06987559643008989,1.5448130243271254,1.5448130243271254,1.4749374278970355,1.4749374278970355,1.625,1.625,0.3,0.05,0.05
0.07197644701670325,0.07197644701670325,-0.07197644701670325,1.6603561902903645,1.6603561902903645,1.5883797432736613,1.5883797432736613,1.75,1.75,0.3,0.05,0.05
0.07533934573881651,0.07533934573881651,-0.07533934573881651,1.7757782747572148,1.7757782747572148,1.7004389290183983,1.7004389290183983,1.875,1.875,0.3,0.05,0.05
0.07784402913043187,0.07784402913043187,-0.07784402913043187,1.8911770480067163,1.8911770480067163,1.8133330188762844,1.8133330188762844,2.0,2.0,0.3,0.05,0.05
0.0765227375363513,0.0765227375363513,-0.0765227375363513,2.0066022422035816,2.0066022422035816,1.9300795046672303,1.9300795046672303,2.125,2.125,0.3,0.05,0.05
0.07807208956071454,0.07807208956071454,-0.07807208956071454,2.1226886519322443,2.1226886519322443,2.0446165623715298,2.0446165623715298,2.25,2.25,0.3,0.05,0.05
0.0900380809727408,0.0900380809727408,-0.0900380809727408,2.2401101064550364,2.2401101064550364,2.1500720254822956,2.1500720254822956,2.375,2.375,0.3,0.05,0.05
0.1020345039060584,0.1020345039060584,-0.1020345039060584,2.3574386387382553,2.3574386387382553,2.255404134832197,2.255404134832197,2.5,2.5,0.3,0.05,0.05
0.10893616979152654,0.10893616979152654,-0.10893616979152654,2.474838938215139,2.474838938215139,2.3659027684236125,2.3659027684236125,2.625,2.625,0.3,0.05,0.05
0.10222595408133861,0.10222595408133861,-0.10222595408133861,2.5926959896325137,2.5926959896325137,2.490470035551175,2.490470035551175,2.75,2.75,0.3,0.05,0.05
0.11444250900372444,0.11444250900372444,-0.11444250900372444,2.7118263612702775,2.7118263612702775,2.597383852266553,2.597383852266553,2.875,2.875,0.3,0.05,0.05
0.11667467117367414,0.11667467117367414,-0.11667467117367414,2.8339043331927996,2.8339043331927996,2.7172296620191254,2.7172296620191254,3.0,3.0,0.3,0.05,0.05
