L12_arith,L12_typ,S_arith,S_typ,disorder_full_width,disorder_over_W,interaction,interaction_over_W,interpolation_alpha,interpolation_disorder_high,interpolation_disorder_low,point_index_arith,point_index_arith_high,point_index_arith_low,point_index_typ,point_index_typ_high,point_index_typ_low,selection,sigma_arith,sigma_typ,sigma_typ_over_arith,target_filling,temperature,temperature_over_W
-0.0001703396423836101,-0.00021423559138811313,0.1303402230341372,0.3477009599593958,0.6666666667,0.6666666667,1.0,1.0,0.0,0.6666666667,0.6666666667,5429,5429,5429,5435,5435,5435,metallic,0.026137693862775837,0.012322979574927338,0.4714639187230358,0.325,0.05,0.05
0.00010142240678287197,5.285329507829111e-05,-0.1607334667264536,-3.142456607266252,1.1666666667,1.1666666667,1.0,1.0,0.0,1.1666666667,1.1666666667,5501,5501,5501,5507,5507,5507,max_abs_S_typ,0.012619948894088004,0.0003363820200799545,0.026654784651111978,0.325,0.05,0.05
-8.470329472543003e-21,4.878368112236558e-06,1.0853595054915299e-17,-0.12166472786399693,0.9780145929735821,0.9780145929735821,1.0,1.0,0.736175115577455,1.0,0.9166666667,5477,5477,5465,5483,5483,5471,compensation_arith,0.015608338858573906,0.0008019363044464041,0.05137870927282488,0.325,0.05,0.05
-7.849014241093045e-06,6.776263578034403e-21,0.009796571447050137,-1.3096632897160795e-16,0.959864550508993,0.959864550508993,1.0,1.0,0.518374605915266,1.0,0.9166666667,5477,5477,5465,5483,5483,5471,compensation_typ,0.016024002445174785,0.0010348100357158857,0.06457874923923843,0.325,0.05,0.05
3.78728469618618e-05,4.183586057513806e-08,-0.0721270911146501,-0.8467735840967046,2.3333333333,2.3333333333,1.0,1.0,0.0,2.3333333333,2.3333333333,5669,5669,5669,5675,5675,5675,localized_edge,0.010501698148802582,9.881238942938082e-07,9.409182022685306e-05,0.325,0.05,0.05
-0.00023572220607845687,-0.0003359132834343074,0.160805429353029,0.3958688310927599,0.5833333333,0.5833333333,1.5,1.5,0.0,0.5833333333,0.5833333333,8081,8081,8081,8087,8087,8087,metallic,0.029317692446933132,0.016970938707503155,0.5788633855894908,0.325,0.05,0.05
0.00014189320774579613,2.215164313185918e-08,-0.5614443314551709,-1.6879619291662982,2.1666666667,2.1666666667,1.5,1.5,0.0,2.1666666667,2.1666666667,8309,8309,8309,8315,8315,8315,max_abs_S_typ,0.005054577980261459,2.6246614629276745e-07,5.1926421417914464e-05,0.325,0.05,0.05
-7.411538288475128e-22,8.127299491210907e-10,2.082348047643261e-18,-0.0405721106837087,1.4669544704392707,1.4669544704392707,1.5,1.5,0.60345364511263,1.5,1.4166666667,8213,8213,8201,8219,8219,8207,compensation_arith,0.007118443333104937,4.006347884915111e-07,5.62812359028447e-05,0.325,0.05,0.05
-1.5237142297522787e-06,9.822769774067204e-25,0.004094486066327771,-4.3183477271905235e-17,1.4287799890071706,1.4287799890071706,1.5,1.5,0.14535986774419066,1.5,1.4166666667,8201,8213,8201,8207,8219,8207,compensation_typ,0.007442761826852936,4.5493185795196744e-07,6.112406503599333e-05,0.325,0.05,0.05
-1.0363515158584515e-05,-1.2874559053578827e-08,0.022137715846985716,0.23602153857481697,1.25,1.25,1.5,1.5,0.0,1.25,1.25,8177,8177,8177,8183,8183,8183,localized_edge,0.009362768255059717,1.0909647595147502e-06,0.00011652160235037152,0.325,0.05,0.05
-0.00022481812957433987,-0.000336285570524475,0.1552297332851626,0.40831080403856895,0.5833333333,0.5833333333,2.0,2.0,0.0,0.5833333333,0.5833333333,10745,10745,10745,10751,10751,10751,metallic,0.02896585915809581,0.01647203880956868,0.5686708175878439,0.325,0.05,0.05
-5.348294126022849e-05,-1.6938975587154328e-05,0.06971049951518575,1.2222266092799279,0.9166666667,0.9166666667,2.0,2.0,0.0,0.9166666667,0.9166666667,10793,10793,10793,10799,10799,10799,max_abs_S_typ,0.01534430010749751,0.00027718224195976044,0.018064182792170758,0.325,0.05,0.05
-1.3234889800848443e-22,6.453091101035876e-11,6.511892926117907e-19,-0.020659891757138758,1.9492585979147072,1.9492585979147072,2.0,2.0,0.39110317473292755,2.0,1.9166666667,10937,10949,10937,10943,10955,10943,compensation_arith,0.004064836431129244,6.246974744004739e-08,1.5368329943523165e-05,0.325,0.05,0.05
-3.0014090760071507e-07,4.8467614016778965e-26,0.0014133062982949755,-1.4227002345398694e-17,1.9030765635874571,1.9030765635874571,2.0,2.0,0.83691876277995,1.9166666667,1.8333333333,10937,10937,10925,10943,10943,10931,compensation_typ,0.00424735824021739,6.813468198021967e-08,1.604166122251378e-05,0.325,0.05,0.05
-1.35358536408079e-05,-1.5799877410454166e-08,0.02970137864701648,0.43005381889900746,1.25,1.25,2.0,2.0,0.0,1.25,1.25,10841,10841,10841,10847,10847,10847,localized_edge,0.009114629863935683,7.347860530993011e-07,8.061611541755155e-05,0.325,0.05,0.05
-0.0002382794294818625,-0.0002817429609284736,0.1896613973101258,0.5096897637000014,0.6666666667,0.6666666667,1.0,1.0,0.0,0.6666666667,0.6666666667,5428,5428,5428,5434,5434,5434,metallic,0.025126824210014508,0.011055468678955255,0.43998670848936833,0.35,0.05,0.05
0.00015908857728724816,9.594845479240801e-05,-0.23635751292001472,-2.4840840655601837,1.1666666667,1.1666666667,1.0,1.0,0.0,1.1666666667,1.1666666667,5500,5500,5500,5506,5506,5506,max_abs_S_typ,0.013461689905417561,0.000772505698359051,0.05738549199890287,0.35,0.05,0.05
-1.4399560103323106e-20,3.6210963149657166e-06,1.872398826077882e-17,-0.10358131907565259,0.988787840398319,0.988787840398319,1.0,1.0,0.8654540847260099,1.0,0.9166666667,5476,5476,5464,5482,5482,5470,compensation_arith,0.015380868544428534,0.0006991794171535854,0.04545773310096013,0.35,0.05,0.05
-5.968556750604541e-06,2.456395547037471e-20,0.00767276740993678,-6.183600713778363e-16,0.9798700805047191,0.9798700805047191,1.0,1.0,0.7584409659600061,1.0,0.9166666667,5476,5476,5464,5482,5482,5470,compensation_typ,0.015557767964854075,0.0007944871154323095,0.05106690864827804,0.35,0.05,0.05
1.7698625920991706e-05,2.722340490363801e-08,-0.03512352674816027,-0.6369115704432357,2.4166666667,2.4166666667,1.0,1.0,0.0,2.4166666667,2.4166666667,5680,5680,5680,5686,5686,5686,localized_edge,0.010077932121049737,8.548566603898515e-07,8.482460986260424e-05,0.35,0.05,0.05
-0.00031620212911594354,-0.0004228534335458733,0.2259992320700471,0.5589709089933961,0.5833333333,0.5833333333,1.5,1.5,0.0,0.5833333333,0.5833333333,8080,8080,8080,8086,8086,8086,metallic,0.027982584384883092,0.015129711644827981,0.5406831419402933,0.35,0.05,0.05
0.00015109599253041898,4.0040757340515635e-08,-0.5257986527561469,-1.901951832721444,2.0,2.0,1.5,1.5,0.0,2.0,2.0,8284,8284,8284,8290,8290,8290,max_abs_S_typ,0.005747294776751502,4.210491207153501e-07,7.326040112272375e-05,0.35,0.05,0.05
-3.494010907423989e-21,5.572581155383273e-10,1.0031076750596324e-17,-0.029194537937538595,1.4853939517276125,1.4853939517276125,1.5,1.5,0.8247274206612404,1.5,1.4166666667,8212,8212,8200,8218,8218,8206,compensation_arith,0.006966372592486201,3.8175505070885185e-07,5.4799688882648294e-05,0.35,0.05,0.05
-1.2048469943114761e-06,-3.308722450212111e-24,0.0033925460298692175,1.646649096193704e-16,1.4684617131739635,1.4684617131739635,1.5,1.5,0.6215405579361774,1.5,1.4166666667,8212,8212,8200,8218,8218,8206,compensation_typ,0.007102907277917894,4.0187341162854384e-07,5.6578721346669015e-05,0.35,0.05,0.05
-1.7999813847243112e-05,-1.7655891196161933e-08,0.038871806965422896,0.36466121693987036,1.25,1.25,1.5,1.5,0.0,1.25,1.25,8176,8176,8176,8182,8182,8182,localized_edge,0.009261115061234091,9.683448842915063e-07,0.00010456029083850615,0.35,0.05,0.05
-0.0003036305401346072,-0.0004212882665149049,0.21936397349773085,0.57598670649917,0.5833333333,0.5833333333,2.0,2.0,0.0,0.5833333333,0.5833333333,10744,10744,10744,10750,10750,10750,metallic,0.027682808192544713,0.014628402418364215,0.5284291361128531,0.35,0.05,0.05
-7.856432719468507e-05,-1.493295015436266e-05,0.10513051014268096,1.748406582023486,0.9166666667,0.9166666667,2.0,2.0,0.0,0.9166666667,0.9166666667,10792,10792,10792,10798,10798,10798,max_abs_S_typ,0.014946056494553139,0.00017081782129966914,0.011428955949813323,0.35,0.05,0.05
-7.676236084492097e-22,4.047804102561025e-11,3.878502306857485e-18,-0.01346889734051797,1.977611702586228,1.977611702586228,2.0,2.0,0.7313404309272731,2.0,1.9166666667,10948,10948,10936,10954,10954,10942,compensation_arith,0.003958350660727947,6.010594631802813e-08,1.5184593652694363e-05,0.35,0.05,0.05
-2.322918227100657e-07,8.401053096241687e-26,0.00115129056284798,-2.709170141343858e-17,1.9568540418692388,1.9568540418692388,2.0,2.0,0.482248502223765,2.0,1.9166666667,10936,10948,10936,10942,10954,10942,compensation_typ,0.004035329224543261,6.201938348600301e-08,1.536910126410384e-05,0.35,0.05,0.05
-2.9292811621993724e-05,-4.116500331527171e-08,0.05796439566324084,0.7547412238191592,1.1666666667,1.1666666667,2.0,2.0,0.0,1.1666666667,1.1666666667,10828,10828,10828,10834,10834,10834,localized_edge,0.010107173994249123,1.0908375484505163e-06,0.00010792705746148148,0.35,0.05,0.05
-0.0003186863726634966,-0.0003324868866966495,0.26894001063968215,0.7028762678353706,0.6666666667,0.6666666667,1.0,1.0,0.0,0.6666666667,0.6666666667,5427,5427,5427,5433,5433,5433,metallic,0.023699439284284342,0.009460751540825258,0.3991972732915629,0.375,0.05,0.05
0.00022867102664127638,0.0001501845285508785,-0.30965246975756416,-1.8199522639850956,1.1666666667,1.1666666667,1.0,1.0,0.0,1.1666666667,1.1666666667,5499,5499,5499,5505,5505,5505,max_abs_S_typ,0.0147695270649906,0.001650422722868828,0.11174513006452035,0.375,0.05,0.05
-4.319868030996932e-20,2.7653094304606903e-06,5.651481337119008e-17,-0.08301846443059949,0.9942162209648744,0.9942162209648744,1.0,1.0,0.9305946515507305,1.0,0.9166666667,5475,5475,5463,5481,5481,5469,compensation_arith,0.015287560104371142,0.0006661914188433083,0.0435773540247816,0.375,0.05,0.05
-5.506938258215043e-06,1.7787691892340307e-20,0.007166038189209779,-5.021164783991866e-16,0.9887661719576292,0.9887661719576292,1.0,1.0,0.8651940634376277,1.0,0.9166666667,5475,5475,5463,5481,5481,5469,compensation_typ,0.015369547615604627,0.0007085085894432228,0.04609820712770215,0.375,0.05,0.05
1.1490685572087503e-05,2.886862883678732e-08,-0.022575081227677717,-0.5034158768333942,2.4166666667,2.4166666667,1.0,1.0,0.0,2.4166666667,2.4166666667,5679,5679,5679,5685,5685,5685,localized_edge,0.010179972737373439,1.1469097485910803e-06,0.0001126633418555694,0.375,0.05,0.05
-0.00040652834287893593,-0.00048634270910389405,0.31068140739818745,0.7549828804127776,0.5833333333,0.5833333333,1.5,1.5,0.0,0.5833333333,0.5833333333,8079,8079,8079,8085,8085,8085,metallic,0.026170110807944513,0.012883542705974792,0.49229989129674256,0.375,0.05,0.05
-0.00011656244721528083,-1.5820405985338966e-05,0.1594067563730886,2.044099592769305,0.9166666667,0.9166666667,1.5,1.5,0.0,0.9166666667,0.9166666667,8127,8127,8127,8133,8133,8133,max_abs_S_typ,0.014624530335774294,0.0001547909509037747,0.010584336546188258,0.375,0.05,0.05
1.0482032722271967e-20,3.657969600578821e-10,-3.03754870221124e-17,-0.01941252261861182,1.4939022918583968,1.4939022918583968,1.5,1.5,0.9268275022714931,1.5,1.4166666667,8211,8211,8199,8217,8217,8205,compensation_arith,0.006901639282123362,3.768670020321553e-07,5.4605433090123514e-05,0.375,0.05,0.05
-1.0893722518026121e-06,2.0679515313825692e-25,0.003129654588379561,-1.0777959583362851e-17,1.4856845512242047,1.4856845512242047,1.5,1.5,0.8282146146217424,1.5,1.4166666667,8211,8211,8199,8217,8217,8205,compensation_typ,0.006961613309324691,3.8373711005090696e-07,5.5121865148257026e-05,0.375,0.05,0.05
0.00013906892568587214,5.323784247268136e-08,-0.4425732084702814,-1.8342470205890804,1.8333333333,1.8333333333,1.5,1.5,0.0,1.8333333333,1.8333333333,8259,8259,8259,8265,8265,8265,localized_edge,0.006284561425060169,5.80487163125757e-07,9.236717152783647e-05,0.375,0.05,0.05
-0.00039261090443021686,-0.0004818949239942956,0.3028246504674117,0.7776449222119161,0.5833333333,0.5833333333,2.0,2.0,0.0,0.5833333333,0.5833333333,10743,10743,10743,10749,10749,10749,metallic,0.025929917120301765,0.012393700781163832,0.477969162942685,0.375,0.05,0.05
-0.00011299959611782212,-1.084272160937838e-05,0.15740603084916083,2.324976485030756,0.9166666667,0.9166666667,2.0,2.0,0.0,0.9166666667,0.9166666667,10791,10791,10791,10797,10797,10797,max_abs_S_typ,0.014357721303081133,9.327166686793347e-05,0.006496272277406415,0.375,0.05,0.05
2.6469779601696886e-22,2.5162675925881806e-11,-1.3540432320284982e-18,-0.008465023170505341,1.9910474712492012,1.9910474712492012,2.0,2.0,0.8925696549474424,2.0,1.9166666667,10947,10947,10935,10953,10953,10941,compensation_arith,0.003909739212985451,5.9450932192497845e-08,1.5205856184740645e-05,0.375,0.05,0.05
-2.1381951875637196e-07,-2.714186384939622e-25,0.001084136870959509,9.033184342078243e-17,1.9812240573221072,1.9812240573221072,2.0,2.0,0.7746886877751612,2.0,1.9166666667,10947,10947,10935,10953,10953,10941,compensation_typ,0.003944511518497332,6.009367864433896e-08,1.5234758058770162e-05,0.375,0.05,0.05
-4.5259551647202495e-05,-3.738810227016369e-08,0.09198088077221468,0.9362421218794671,1.1666666667,1.1666666667,2.0,2.0,0.0,1.1666666667,1.1666666667,10827,10827,10827,10833,10833,10833,localized_edge,0.009841078116937182,7.986844726684296e-07,8.11582291267293e-05,0.375,0.05,0.05
-0.000829753652131106,-0.0007746852194436174,0.6818314923646552,1.0905274252158592,0.5,0.5,1.0,1.0,0.0,0.5,0.5,5402,5402,5402,5408,5408,5408,metallic,0.024338965313950016,0.014207533007072719,0.5837361130109171,0.425,0.05,0.05
-0.00028827199304348305,-0.0001043696206869645,0.3685923982411674,1.3989444763213608,0.8333333333,0.8333333333,1.0,1.0,0.0,0.8333333333,0.8333333333,5450,5450,5450,5456,5456,5456,max_abs_S_typ,0.015641776358874808,0.0014921195580458342,0.0953932292478557,0.425,0.05,0.05
-7.411538288475128e-20,1.3480704861395382e-06,9.719603752547446e-17,-0.04054446440441491,0.9984138712699746,0.9984138712699746,1.0,1.0,0.9809664552320818,1.0,0.9166666667,5474,5474,5462,5480,5480,5468,compensation_arith,0.015250700495959233,0.0006649837436218523,0.0436034884953674,0.425,0.05,0.05
-5.0383971497589555e-06,5.929230630780102e-21,0.006611751582835814,-1.7777053138223853e-16,0.9959066951099799,0.9959066951099799,1.0,1.0,0.9508803413001106,1.0,0.9166666667,5474,5474,5462,5480,5480,5468,compensation_typ,0.015240733371891026,0.0006670656362084211,0.04376860482571736,0.425,0.05,0.05
3.851759370896595e-06,1.3941134275455272e-08,-0.007975206794297838,-0.27933921240468285,2.5,2.5,1.0,1.0,0.0,2.5,2.5,5690,5690,5690,5696,5696,5696,localized_edge,0.009659334159587057,9.9815089728674e-07,0.00010333537289379909,0.425,0.05,0.05
-0.0007787393111355608,-0.0007374303501978043,0.660310982681135,1.1627602499060727,0.5,0.5,1.5,1.5,0.0,0.5,0.5,8066,8066,8066,8072,8072,8072,metallic,0.023587047059964318,0.012684134158479765,0.5377584623557772,0.425,0.05,0.05
-0.00023621638352420597,-6.055202762223475e-06,0.3820344137609401,3.317411713481072,0.9166666667,0.9166666667,1.5,1.5,0.0,0.9166666667,0.9166666667,8126,8126,8126,8132,8132,8132,max_abs_S_typ,0.012366235868584317,3.6505584987336685e-05,0.002952036931470549,0.425,0.05,0.05
-1.3129010682441655e-20,1.1228842210532428e-10,3.8215802391726874e-17,-0.00594246297322028,1.4991419083272008,1.4991419083272008,1.5,1.5,0.9897028999222913,1.5,1.4166666667,8210,8210,8198,8216,8216,8204,compensation_arith,0.006870985226406698,3.7791879431593345e-07,5.5002125876142036e-05,0.425,0.05,0.05
-8.690114465845772e-07,3.1794754795007e-24,0.0025277590406625108,-1.6837362449064965e-16,1.4974473999418378,1.4974473999418378,1.5,1.5,0.9693687992898016,1.5,1.4166666667,8210,8210,8198,8216,8216,8204,compensation_typ,0.006875745928352525,3.7766906653212385e-07,5.492772281983024e-05,0.425,0.05,0.05
1.8626916809315905e-05,1.896506244837871e-08,-0.04037791639542956,-0.4162226289508233,2.5,2.5,1.5,1.5,0.0,2.5,2.5,8354,8354,8354,8360,8360,8360,localized_edge,0.009226289255195107,9.112941550623587e-07,9.877147029064045e-05,0.425,0.05,0.05
-0.000762895118765929,-0.0007263826043328032,0.648601415039287,1.1794443336017246,0.5,0.5,2.0,2.0,0.0,0.5,0.5,10730,10730,10730,10736,10736,10736,metallic,0.02352431249998796,0.012317369860341173,0.5236016933692527,0.425,0.05,0.05
-0.0002278821575774228,-3.6955507585766127e-06,0.3749437158871719,3.636371645191659,0.9166666667,0.9166666667,2.0,2.0,0.0,0.9166666667,0.9166666667,10790,10790,10790,10796,10796,10796,max_abs_S_typ,0.01215553950748155,2.0325484406761373e-05,0.0016721170125152689,0.425,0.05,0.05
-3.1499037726019294e-21,7.397055059406292e-12,1.6220968014611033e-17,-0.0024882246035291484,1.9991510251856583,1.9991510251856583,2.0,2.0,0.9898123022238251,2.0,1.9166666667,10946,10946,10934,10952,10952,10940,compensation_arith,0.0038837432756968072,5.9456489972125136e-08,1.530906801800839e-05,0.425,0.05,0.05
-2.018233889956728e-07,6.300789822181265e-26,0.0010382834337636614,-2.1205828936450713e-17,1.9975358313398541,1.9975358313398541,2.0,2.0,0.9704299760664216,2.0,1.9166666667,10946,10946,10934,10952,10952,10940,compensation_typ,0.0038876357347643613,5.942507450251882e-08,1.5285659088664776e-05,0.425,0.05,0.05
-0.00014248900525040822,-5.581584254778578e-08,0.29393972948147234,1.6876119969844343,1.0833333333,1.0833333333,2.0,2.0,0.0,1.0833333333,1.0833333333,10814,10814,10814,10820,10820,10820,localized_edge,0.009695117124981202,6.614771955582465e-07,6.822787048686934e-05,0.425,0.05,0.05
-0.0008358710273952279,-0.000542880262729444,1.4901799336816746,2.1454918789912685,0.5,0.5,1.0,1.0,0.0,0.5,0.5,5401,5401,5401,5407,5407,5407,metallic,0.0112183905916664,0.0050606601502000215,0.4511039358853614,0.475,0.05,0.05
-0.0003044703617039787,-4.832011892394048e-05,0.5995120268738453,2.447210980111956,0.8333333333,0.8333333333,1.0,1.0,0.0,0.8333333333,0.8333333333,5449,5449,5449,5455,5455,5455,max_abs_S_typ,0.010157272850442685,0.0003948994942947657,0.03887849623706375,0.475,0.05,0.05
-2.117582368135751e-22,3.38435165296911e-07,2.7750777601021246e-19,-0.01005300270405925,0.9994499111264218,0.9994499111264218,1.0,1.0,0.993398933514421,1.0,0.9166666667,5473,5473,5461,5479,5479,5467,compensation_arith,0.015261427254981296,0.0006733016497852049,0.0441178690915321,0.475,0.05,0.05
-2.4143605937055363e-06,4.870439446712227e-21,0.003174841139017129,-1.4614040272984633e-16,0.9981395983668219,0.9981395983668219,1.0,1.0,0.9776751803929324,1.0,0.9166666667,5473,5473,5461,5479,5479,5467,compensation_typ,0.015209331667240375,0.0006665424969049348,0.04382457503643053,0.475,0.05,0.05
8.851137588041912e-07,2.8836065385586304e-09,-0.0019434552198131499,-0.07189225532982488,2.5833333333,2.5833333333,1.0,1.0,0.0,2.5833333333,2.5833333333,5701,5701,5701,5707,5707,5707,localized_edge,0.009108661211028973,8.022022748707263e-07,8.807027248959503e-05,0.475,0.05,0.05
-0.0009692286004905245,-0.0007320886039187111,1.5814142840370458,2.099570181294219,0.4166666667,0.4166666667,1.5,1.5,0.0,0.4166666667,0.4166666667,8053,8053,8053,8059,8059,8059,metallic,0.012257744352937939,0.006973699764276861,0.5689219454642488,0.475,0.05,0.05
-0.00038343469966003687,-1.1709386846934938e-06,1.1592973095844499,4.997062198462886,0.9166666667,0.9166666667,1.5,1.5,0.0,0.9166666667,0.9166666667,8125,8125,8125,8131,8131,8131,max_abs_S_typ,0.006614950220103228,4.686508345057937e-06,0.0007084722014710495,0.475,0.05,0.05
4.6375053862172944e-20,1.0379449144081871e-11,-1.3496896542202835e-16,-0.0005478203218864202,1.4998854264303678,1.4998854264303678,1.5,1.5,0.9986251171638638,1.5,1.4166666667,8209,8209,8197,8215,8215,8203,compensation_arith,0.006871958115284486,3.7893625809061697e-07,5.5142399259942194e-05,0.475,0.05,0.05
-1.8148408736335475e-07,3.945263780965808e-24,0.000528380583914635,-2.0835469704745877e-16,1.4997367008325784,1.4997367008325784,1.5,1.5,0.9968404099896766,1.5,1.4166666667,8209,8209,8197,8215,8215,8203,compensation_typ,0.006869445732422116,3.787064882023908e-07,5.512911855682739e-05,0.475,0.05,0.05
3.2081622186585232e-06,5.769933960422032e-09,-0.007240835977083524,-0.13166405316323437,2.5833333333,2.5833333333,1.5,1.5,0.0,2.5833333333,2.5833333333,8365,8365,8365,8371,8371,8371,localized_edge,0.00886130338765307,8.764630621341402e-07,9.890904574550096e-05,0.475,0.05,0.05
-0.0009664551991690497,-0.0007218323848646659,1.56709857582319,2.1100240768959804,0.4166666667,0.4166666667,2.0,2.0,0.0,0.4166666667,0.4166666667,10717,10717,10717,10723,10723,10723,metallic,0.012334325537388419,0.00684193505437664,0.5547068652953117,0.475,0.05,0.05
-0.0003743208273527471,-6.735250036167469e-07,1.1456019838060925,5.28801421329526,0.9166666667,0.9166666667,2.0,2.0,0.0,0.9166666667,0.9166666667,10789,10789,10789,10795,10795,10795,max_abs_S_typ,0.006534919328772838,2.547364573731111e-06,0.0003898081132410044,0.475,0.05,0.05
5.852468269935181e-20,4.3634100828390517e-14,-3.014356620950031e-16,-1.4655225209050503e-05,1.9999524403515714,1.9999524403515714,2.0,2.0,0.9994292842186283,2.0,1.9166666667,10945,10945,10933,10951,10951,10939,compensation_arith,0.0038830629589478804,5.95474995518237e-08,1.5335187758057404e-05,0.475,0.05,0.05
-4.3314735166734445e-09,5.808540617323354e-25,2.2309815614577107e-05,-1.950928845048148e-16,1.9999463273792135,1.9999463273792135,2.0,2.0,0.9993559285503045,2.0,1.9166666667,10945,10945,10933,10951,10951,10939,compensation_typ,0.003883020452973429,5.954641177269591e-08,1.5335075489262012e-05,0.475,0.05,0.05
-0.0003257231804089734,-5.7424416181035014e-08,1.0863572841659914,3.255167367980761,1.0,1.0,2.0,2.0,0.0,1.0,1.0,10801,10801,10801,10807,10807,10807,localized_edge,0.005996612443373722,3.528200531001047e-07,5.8836560880297024e-05,0.475,0.05,0.05
-0.0005477097166178061,-0.0003064802984633317,2.0235396658719784,2.9401437959288637,0.5,0.5,1.0,1.0,0.0,0.5,0.5,5400,5400,5400,5406,5406,5406,metallic,0.005413382557853527,0.0020847980217002077,0.3851192852933815,0.49,0.05,0.05
-0.0003438106934346586,-0.00010219623920827769,1.177900480560964,2.9800077270971594,0.6666666667,0.6666666667,1.0,1.0,0.0,0.6666666667,0.6666666667,5424,5424,5424,5430,5430,5430,max_abs_S_typ,0.0058376866145928045,0.0006858790215811122,0.11749157960391032,0.49,0.05,0.05
-2.202285662861181e-20,1.403048334599984e-07,2.885688935226164e-17,-0.004162346396330682,0.999530623978614,0.999530623978614,1.0,1.0,0.9943674877411154,1.0,0.9166666667,5472,5472,5460,5478,5478,5466,compensation_arith,0.015263500067366603,0.0006741622157333383,0.044168258443861026,0.49,0.05,0.05
-1.0858978695310463e-06,5.955700410381799e-21,0.0014285428498814607,-1.787262017022712e-16,0.9982650802210017,0.9982650802210017,1.0,1.0,0.9791809626436927,1.0,0.9166666667,5472,5472,5460,5478,5478,5466,compensation_typ,0.01520287430819668,0.0006664608047009278,0.04383781587548897,0.49,0.05,0.05
3.487855856377782e-07,1.9130442052727895e-09,-0.0007655873262324772,-0.04733216332945733,2.5833333333,2.5833333333,1.0,1.0,0.0,2.5833333333,2.5833333333,5700,5700,5700,5706,5706,5706,localized_edge,0.009111582015187813,8.083485185145551e-07,8.871659358025249e-05,0.49,0.05,0.05
-0.0006632635099523495,-0.000428846215960392,2.4216378761596493,3.0134221654739832,0.4166666667,0.4166666667,1.5,1.5,0.0,0.4166666667,0.4166666667,8052,8052,8052,8058,8058,8058,metallic,0.00547780918428799,0.0028462405359186605,0.5195946846930224,0.49,0.05,0.05
-0.00031419348424157305,-4.3908898940680577e-07,1.9689964128414605,5.899646378381248,0.9166666667,0.9166666667,1.5,1.5,0.0,0.9166666667,0.9166666667,8124,8124,8124,8130,8130,8130,max_abs_S_typ,0.0031914073808611988,1.4885264683517642e-06,0.0004664169410895097,0.49,0.05,0.05
6.984051347907723e-20,1.8638228819471156e-12,-2.0324763497172834e-16,-9.835935918806408e-05,1.499923705513328,1.499923705513328,1.5,1.5,0.9990844661595709,1.5,1.4166666667,8208,8208,8196,8214,8214,8202,compensation_arith,0.0068724552183637485,3.7898231491798715e-07,5.514511231812994e-05,0.49,0.05,0.05
-3.478990437504485e-08,4.935618694041991e-25,0.00010126276354884112,-2.605337113287651e-17,1.499875911785212,1.499875911785212,1.5,1.5,0.9985109414219492,1.5,1.4166666667,8208,8208,8196,8214,8214,8202,compensation_typ,0.006871213693129156,3.788852251687137e-07,5.5140946285454425e-05,0.49,0.05,0.05
1.2407188332595807e-06,2.2125384753807374e-09,-0.002797133079132064,-0.049236920961069124,2.5833333333,2.5833333333,1.5,1.5,0.0,2.5833333333,2.5833333333,8364,8364,8364,8370,8370,8370,localized_edge,0.008871360769467353,8.987314528177575e-07,0.00010130705718912144,0.49,0.05,0.05
-0.0006646444319324164,-0.00042134091072987864,2.4081478189603467,3.027681544422998,0.4166666667,0.4166666667,2.0,2.0,0.0,0.4166666667,0.4166666667,10716,10716,10716,10722,10722,10722,metallic,0.005519963738931598,0.0027832577802377554,0.504216678201669,0.49,0.05,0.05
-0.00030968984243062643,-2.4935951387165014e-07,1.9647670103332822,6.169101464461969,0.9166666667,0.9166666667,2.0,2.0,0.0,0.9166666667,0.9166666667,10788,10788,10788,10794,10794,10794,max_abs_S_typ,0.0031524332483381214,8.084143705793231e-07,0.0002564413920597677,0.49,0.05,0.05
-2.901749588836021e-21,-2.7649013081559653e-13,1.494505483381011e-17,9.286158879252703e-05,1.9999766102683292,1.9999766102683292,2.0,2.0,0.9997193232198379,2.0,1.9166666667,10944,10944,10932,10950,10950,10938,compensation_arith,0.003883223743376852,5.954886932493381e-08,1.5334905547613412e-05,0.49,0.05,0.05
2.389747460110587e-08,8.702461070908532e-25,-0.00012305372590787664,-2.922035536993041e-16,2.000024391448129,2.000024391448129,2.0,2.0,0.0002926973776629703,2.0833333333,2.0,10944,10956,10944,10950,10962,10950,compensation_typ,0.0038840716808520785,5.9564375318062784e-08,1.533554996209434e-05,0.49,0.05,0.05
-0.0002788365472738658,-2.501231780888711e-08,1.9022513296170374,3.667235034576231,1.0,1.0,2.0,2.0,0.0,1.0,1.0,10800,10800,10800,10806,10806,10806,localized_edge,0.002931647810492017,1.364096796254425e-07,4.653003649935322e-05,0.49,0.05,0.05
