L12_arith,L12_typ,S_arith,S_typ,branch,disorder_full_width,disorder_over_W,interaction,interaction_over_W,point_index_arith,point_index_typ,rho_zero,rho_zero_typ_over_arith,selection,sigma_arith,sigma_typ,sigma_typ_over_arith,spectral_first_moment,spectral_first_moment_negative,spectral_first_moment_positive,target_filling,temperature,temperature_over_W,thermal_spectral_weight
-4.805326021593029e-06,-6.268513449535657e-06,0.03647778896934045,0.09832537097525187,arith,0.6,0.6,0.9375,0.9375,872,876,0.595154934026431,0.7224022649418272,metallic,0.02634658600405798,0.01275055133250078,0.48395459398560786,-4.735989301758248e-05,-0.002057912339353669,0.0020106076015899304,0.4,0.005,0.005,0.5949581123505765
-4.805326021593029e-06,-6.268513449535657e-06,0.03647778896934045,0.09832537097525187,typ,0.6,0.6,0.9375,0.9375,872,876,0.4299412723319975,0.7224022649418272,metallic,0.02634658600405798,0.01275055133250078,0.48395459398560786,-0.00010087104154080984,-0.0015182790795554852,0.0014175256672140544,0.4,0.005,0.005,0.4295986199854952
2.4513156924417593e-07,1.638581572677364e-07,-0.003232884264179225,-0.21793668561464585,arith,1.95,1.95,0.9375,0.9375,944,948,0.46793746092153365,0.10218108906405302,max_abs_S_typ,0.01516488368979152,0.00015037225770925898,0.009915820047501217,4.051883961193447e-06,-0.0015985569171169545,0.0016026040763780385,0.4,0.005,0.005,0.4679229068366751
2.4513156924417593e-07,1.638581572677364e-07,-0.003232884264179225,-0.21793668561464585,typ,1.95,1.95,0.9375,0.9375,944,948,0.047814359370830055,0.10218108906405302,max_abs_S_typ,0.01516488368979152,0.00015037225770925898,0.009915820047501217,2.6320261858098226e-05,-0.0001564408500884971,0.00018271530768576422,0.4,0.005,0.005,0.04889835867438307
-5.294896485023756e-07,-4.770778429054926e-07,0.00597508473765885,0.03878614650379559,arith,0.9,0.9,0.9375,0.9375,888,892,0.5022630099039598,0.39194180148856694,compensation,0.01772325152696795,0.0024600424940838398,0.1388031135449725,-6.2320568576521625e-06,-0.0017208873995718473,0.0017146625667242245,0.4,0.005,0.005,0.5022211885003045
-5.294896485023756e-07,-4.770778429054926e-07,0.00597508473765885,0.03878614650379559,typ,0.9,0.9,0.9375,0.9375,888,892,0.19685786892282794,0.39194180148856694,compensation,0.01772325152696795,0.0024600424940838398,0.1388031135449725,-1.8801227855507938e-05,-0.000682184160696911,0.00066340487518056,0.4,0.005,0.005,0.1967839740719827
5.56975597019958e-08,-1.571990156272921e-10,-0.0010669596220716168,0.024434405405755692,arith,2.4,2.4,0.9375,0.9375,968,972,0.3945892764537399,0.011113809532793326,localized_edge,0.010440425026366603,1.2867021973062851e-06,0.0001232423195470303,1.2224916232739334e-06,-0.0013491580925063165,0.0013503791654294306,0.4,0.005,0.005,0.3945863043545532
5.56975597019958e-08,-1.571990156272921e-10,-0.0010669596220716168,0.024434405405755692,typ,2.4,2.4,0.9375,0.9375,968,972,0.004385390062189596,0.011113809532793326,localized_edge,0.010440425026366603,1.2867021973062851e-06,0.0001232423195470303,-3.1308775743788466e-07,-1.5993075979583815e-05,1.5683939989519394e-05,0.4,0.005,0.005,0.004531173438387421
-4.495111178931123e-06,-6.4720438989650516e-06,0.036228333735349796,0.1271145131529747,arith,0.6,0.6,1.3125,1.3125,1208,1212,0.5778553290055858,0.6656148610485207,metallic,0.024815445346000102,0.010183013313635296,0.4103498112427248,-4.86466055981535e-05,-0.0019994961458520344,0.0019509062316873029,0.4,0.005,0.005,0.5776729169264565
-4.495111178931123e-06,-6.4720438989650516e-06,0.036228333735349796,0.1271145131529747,typ,0.6,0.6,1.3125,1.3125,1208,1212,0.38462909452220023,0.6656148610485207,metallic,0.024815445346000102,0.010183013313635296,0.4103498112427248,-0.00011931412070956705,-0.0013719746113875792,0.0012527995868372719,0.4,0.005,0.005,0.3842241521265763
4.713551195399416e-06,4.0864451010044874e-08,-0.08337699291131752,-0.8005463149987404,arith,1.65,1.65,1.3125,1.3125,1264,1268,0.4073627382672719,0.030571839912171703,max_abs_S_typ,0.01130659917277876,1.0209140993949656e-05,0.0009029364920380928,7.970211858989817e-05,-0.001352373302234102,0.0014319810604346084,0.4,0.005,0.005,0.4071977612686676
4.713551195399416e-06,4.0864451010044874e-08,-0.08337699291131752,-0.8005463149987404,typ,1.65,1.65,1.3125,1.3125,1264,1268,0.012453828420490937,0.030571839912171703,max_abs_S_typ,0.01130659917277876,1.0209140993949656e-05,0.0009029364920380928,2.4508308532954593e-05,-3.1465993339183035e-05,5.596643471160186e-05,0.4,0.005,0.005,0.012467074357156535
1.4827706172618806e-07,7.991044304188917e-11,-0.0034162449929793317,-0.012895039927917223,arith,1.35,1.35,1.3125,1.3125,1248,1252,0.3618930879789323,0.012439658028766457,compensation,0.008680704225306427,1.2393981482583298e-06,0.0001427762213859532,3.013466450978164e-06,-0.0012365580351278173,0.0012395680063036797,0.4,0.005,0.005,0.3619069943250869
1.4827706172618806e-07,7.991044304188917e-11,-0.0034162449929793317,-0.012895039927917223,typ,1.35,1.35,1.3125,1.3125,1248,1252,0.004501826257432211,0.012439658028766457,compensation,0.008680704225306427,1.2393981482583298e-06,0.0001427762213859532,1.4537907909702206e-07,-1.50754956147107e-05,1.522874802331221e-05,0.4,0.005,0.005,0.004450660635897842
9.262022772934235e-08,-1.1564966747667364e-10,-0.002037798602456939,0.028780002777217754,arith,2.55,2.55,1.3125,1.3125,1312,1316,0.36975740693369663,0.009973923768666626,localized_edge,0.009090223893339775,8.036807249248905e-07,8.841154347295353e-05,2.037313655371513e-06,-0.0012637839335856375,0.0012658188991708996,0.4,0.005,0.005,0.3697516561633658
9.262022772934235e-08,-1.1564966747667364e-10,-0.002037798602456939,0.028780002777217754,typ,2.55,2.55,1.3125,1.3125,1312,1316,0.003687932189656535,0.009973923768666626,localized_edge,0.009090223893339775,8.036807249248905e-07,8.841154347295353e-05,-2.654842136518423e-07,-1.2271292803481595e-05,1.200061239808736e-05,0.4,0.005,0.005,0.0035833996470444537
-4.392473841952513e-06,-6.479607867907055e-06,0.03572335078438033,0.1332201154089377,arith,0.6,0.6,1.5,1.5,1376,1380,0.5746509839570566,0.6539175293009352,metallic,0.024591611623807012,0.00972767190302605,0.39556870252491877,-4.8566888832932056e-05,-0.001988522429346688,0.0019400121440114452,0.4,0.005,0.005,0.5744718946437543
-4.392473841952513e-06,-6.479607867907055e-06,0.03572335078438033,0.1332201154089377,typ,0.6,0.6,1.5,1.5,1376,1380,0.3757743516395498,0.6539175293009352,metallic,0.024591611623807012,0.00972767190302605,0.39556870252491877,-0.00012264551106712352,-0.0013432479336749719,0.0012207453915979028,0.4,0.005,0.005,0.37535723214920236
-1.3778431921244365e-06,-6.117267156471263e-08,0.01879219067141521,0.566464219016333,arith,0.9,0.9,1.5,1.5,1392,1396,0.46080699041116024,0.038638772279447176,max_abs_S_typ,0.014663997574484736,2.1598070808757938e-05,0.0014728637739505935,-2.0849029703735216e-05,-0.0015860610543163235,0.001565236305587127,0.4,0.005,0.005,0.460726828132905
-1.3778431921244365e-06,-6.117267156471263e-08,0.01879219067141521,0.566464219016333,typ,0.9,0.9,1.5,1.5,1392,1396,0.017805016367274218,0.038638772279447176,max_abs_S_typ,0.014663997574484736,2.1598070808757938e-05,0.0014728637739505935,-2.5426317226022316e-05,-7.678479584336391e-05,5.137606731487549e-05,0.4,0.005,0.005,0.0183515417013935
5.895042295433903e-09,-2.099804642180323e-11,-0.00017174559470999206,0.011123777861347309,arith,1.5,1.5,1.5,1.5,1424,1428,0.3238947197340606,0.007500998717052623,compensation,0.006864854152897736,3.7753444348734865e-07,5.4995260653569296e-05,2.0306784569591035e-07,-0.00110786051820468,0.0011080633487559883,0.4,0.005,0.005,0.32389433814253055
5.895042295433903e-09,-2.099804642180323e-11,-0.00017174559470999206,0.011123777861347309,typ,1.5,1.5,1.5,1.5,1424,1428,0.0024295338771853072,0.007500998717052623,compensation,0.006864854152897736,3.7753444348734865e-07,5.4995260653569296e-05,-6.739447943935807e-08,-8.440172466776585e-06,8.374661054215245e-06,0.4,0.005,0.005,0.0024567146456139785
3.186469734861163e-07,6.761172763063373e-10,-0.0065542319754219825,-0.13664841518679333,arith,2.4,2.4,1.5,1.5,1472,1476,0.3813517383954361,0.010476080713248256,localized_edge,0.009723396263086973,9.895720713366634e-07,0.00010177226604384991,6.370204773717631e-06,-0.001301106206598797,0.0013074689980420758,0.4,0.005,0.005,0.3813244623367834
3.186469734861163e-07,6.761172763063373e-10,-0.0065542319754219825,-0.13664841518679333,typ,2.4,2.4,1.5,1.5,1472,1476,0.003995071591568123,0.010476080713248256,localized_edge,0.009723396263086973,9.895720713366634e-07,0.00010177226604384991,1.3730767248367994e-06,-1.2681302922352103e-05,1.4045101944451716e-05,0.4,0.005,0.005,0.0039717321664470276
-1.934187432032483e-05,-2.4987658765176357e-05,0.0735617381234287,0.1964810181661913,arith,0.6,0.6,0.9375,0.9375,873,877,0.5950859679573304,0.7224330434889705,metallic,0.026293389489888394,0.012717594299130119,0.4836802917334375,-0.00019183860769915635,-0.004194070378710266,0.004002259700568106,0.4,0.01,0.01,0.594291591489194
-1.934187432032483e-05,-2.4987658765176357e-05,0.0735617381234287,0.1964810181661913,typ,0.6,0.6,0.9375,0.9375,873,877,0.4299097669689942,0.7224330434889705,metallic,0.026293389489888394,0.012717594299130119,0.4836802917334375,-0.000406728451133992,-0.003150539238209143,0.0027438703031120756,0.4,0.01,0.01,0.4285252920214209
9.8854768707245e-07,6.490161763654228e-07,-0.0065198432488455796,-0.42090753948326,arith,1.95,1.95,0.9375,0.9375,945,949,0.4679368985327268,0.10218276648413899,max_abs_S_typ,0.015162138863499285,0.0001541944763361111,0.010169704797211203,1.6333881608900785e-05,-0.0032237315564776366,0.0032400630477839726,0.4,0.01,0.01,0.4678783586913591
9.8854768707245e-07,6.490161763654228e-07,-0.0065198432488455796,-0.42090753948326,typ,1.95,1.95,0.9375,0.9375,945,949,0.04781508683208186,0.10218276648413899,max_abs_S_typ,0.015162138863499285,0.0001541944763361111,0.010169704797211203,0.00010515947705920948,-0.00028916991404857433,0.000394306216041969,0.4,0.01,0.01,0.04925862937261606
-2.166378437535953e-06,-1.9087860912461527e-06,0.012230023308756681,0.0777416151934323,arith,0.9,0.9,0.9375,0.9375,889,893,0.5022615050029602,0.39194200080633984,compensation,0.017713608411398764,0.00245529512925197,0.13861066995655044,-2.5584271982292527e-05,-0.003479979771747454,0.003454399155194995,0.4,0.01,0.01,0.5020919722999644
-2.166378437535953e-06,-1.9087860912461527e-06,0.012230023308756681,0.0777416151934323,typ,0.9,0.9,0.9375,0.9375,889,893,0.19685737919886367,0.39194200080633984,compensation,0.017713608411398764,0.00245529512925197,0.13861066995655044,-7.560734274085598e-05,-0.0013929048826115894,0.0013173086401304212,0.4,0.01,0.01,0.1965592748169016
2.2448104519776513e-07,1.2653635496434001e-09,-0.0021502108243742347,-0.09464974952676389,arith,2.4,2.4,0.9375,0.9375,969,973,0.39458919202531006,0.011111394599984694,localized_edge,0.0104399551268697,1.3368905422043364e-06,0.00012805520004233845,4.922166987249201e-06,-0.0027234422057379262,0.0027283636550227692,0.4,0.01,0.01,0.3945762200392673
2.2448104519776513e-07,1.2653635496434001e-09,-0.0021502108243742347,-0.09464974952676389,typ,2.4,2.4,0.9375,0.9375,969,973,0.0043844362174823535,0.011111394599984694,localized_edge,0.0104399551268697,1.3368905422043364e-06,0.00012805520004233845,2.070241686700518e-06,-3.126967092876108e-05,3.334189778494971e-05,0.4,0.01,0.01,0.004613804914944484
-1.8076399064237528e-05,-2.5737533013839345e-05,0.07298020325142934,0.25335489889454477,arith,0.6,0.6,1.3125,1.3125,1209,1213,0.5777810683524511,0.6657147375991812,metallic,0.0247689075377897,0.010158687724665712,0.4101387075375324,-0.0001966328817192232,-0.004077900867259113,0.0038812966914094707,0.4,0.01,0.01,0.5770457855636536
-1.8076399064237528e-05,-2.5737533013839345e-05,0.07298020325142934,0.25335489889454477,typ,0.6,0.6,1.3125,1.3125,1209,1213,0.3846373723080266,0.6657147375991812,metallic,0.0247689075377897,0.010158687724665712,0.4101387075375324,-0.00048147124409263697,-0.002870887940777321,0.0023894870591713393,0.4,0.01,0.01,0.3829991173452305
1.812797000474391e-05,1.7895848406959118e-07,-0.16065188970435204,-1.535179615049138,arith,1.65,1.65,1.3125,1.3125,1265,1269,0.4070789483315741,0.030018981391295226,max_abs_S_typ,0.011284006704250317,1.1657169123097241e-05,0.0010330700281050316,0.0003077455174091692,-0.0026503711105898236,0.0029580688339806756,0.4,0.01,0.01,0.4065236615025426
1.812797000474391e-05,1.7895848406959118e-07,-0.16065188970435204,-1.535179615049138,typ,1.65,1.65,1.3125,1.3125,1265,1269,0.012220095374753553,0.030018981391295226,max_abs_S_typ,0.011284006704250317,1.1657169123097241e-05,0.0010330700281050316,9.133088035366327e-05,-5.07905020083294e-05,0.00014211199167807578,0.4,0.01,0.01,0.012551865807514684
6.086272307587716e-07,5.150323196310212e-10,-0.007009465364226186,-0.041614604943296885,arith,1.35,1.35,1.3125,1.3125,1249,1253,0.36189267197958475,0.012436832388199016,compensation,0.008682933706541844,1.2376239551782183e-06,0.00014253523025815283,1.2350792500988392e-05,-0.002495005565117546,0.002507354589634424,0.4,0.01,0.01,0.3619495217427541
6.086272307587716e-07,5.150323196310212e-10,-0.007009465364226186,-0.041614604943296885,typ,1.35,1.35,1.3125,1.3125,1249,1253,0.004500798503927582,0.012436832388199016,compensation,0.008682933706541844,1.2376239551782183e-06,0.00014253523025815283,9.274235606116498e-07,-3.025073137139514e-05,3.118212446445083e-05,0.4,0.01,0.01,0.004447233962983971
3.7547016642881597e-07,7.089231808893455e-10,-0.004130886799510068,-0.08877692643712012,arith,2.55,2.55,1.3125,1.3125,1313,1317,0.3697572672048849,0.009977120584410925,localized_edge,0.009089335647574453,7.985444071342898e-07,8.785509063551707e-05,8.249887144080523e-06,-0.0025500213923420004,0.0025582700916215386,0.4,0.01,0.01,0.36973243927557053
3.7547016642881597e-07,7.089231808893455e-10,-0.004130886799510068,-0.08877692643712012,typ,2.55,2.55,1.3125,1.3125,1313,1317,0.0036891128418653878,0.009977120584410925,localized_edge,0.009089335647574453,7.985444071342898e-07,8.785509063551707e-05,1.5358447643886e-06,-2.3828021081974158e-05,2.536124953593518e-05,0.4,0.01,0.01,0.003568322336944864
-1.7664388759503185e-05,-2.5754109128270396e-05,0.07196417907385252,0.2653659943297342,arith,0.6,0.6,1.5,1.5,1377,1381,0.5745751531332537,0.6540334478652021,metallic,0.024546085270249915,0.009705127890753505,0.3953839393899691,-0.00019625864890162855,-0.004055788853198273,0.003859558865794115,0.4,0.01,0.01,0.5738533506205669
-1.7664388759503185e-05,-2.5754109128270396e-05,0.07196417907385252,0.2653659943297342,typ,0.6,0.6,1.5,1.5,1377,1381,0.3757913684614184,0.6540334478652021,metallic,0.024546085270249915,0.009705127890753505,0.3953839393899691,-0.0004950258523769326,-0.0028157098594701288,0.0023207563258528484,0.4,0.01,0.01,0.37410313156324915
-5.563089509522909e-06,-2.9750040675462663e-07,0.03797696971608393,1.1803856371661634,arith,0.9,0.9,1.5,1.5,1393,1397,0.4607896454113709,0.03864249605778548,max_abs_S_typ,0.014648587159830292,2.5203662039539657e-05,0.0017205524167309284,-8.440573867134421e-05,-0.0032203294959980712,0.003135936046950184,0.4,0.01,0.01,0.4604661425096479
-5.563089509522909e-06,-2.9750040675462663e-07,0.03797696971608393,1.1803856371661634,typ,0.9,0.9,1.5,1.5,1393,1397,0.017806062056277272,0.03864249605778548,max_abs_S_typ,0.014648587159830292,2.5203662039539657e-05,0.0017205524167309284,-0.00010627542240688988,-0.00019445673504620142,8.819023678419224e-05,0.4,0.01,0.01,0.019105415716465932
2.360584177176601e-08,9.283742584067469e-12,-0.00034386686200354717,-0.0024600028969845706,arith,1.5,1.5,1.5,1.5,1425,1429,0.3238947197340606,0.007500308848843663,compensation,0.006864820190647653,3.773874654963749e-07,5.49741224119041e-05,8.130275624697834e-07,-0.002237279390813912,0.0022380922983351714,0.4,0.01,0.01,0.32389319385572435
2.360584177176601e-08,9.283742584067469e-12,-0.00034386686200354717,-0.0024600028969845706,typ,1.5,1.5,1.5,1.5,1425,1429,0.0024293104325151128,0.007500308848843663,compensation,0.006864820190647653,3.773874654963749e-07,5.49741224119041e-05,3.1465564513834384e-08,-1.695300496730521e-05,1.6985419512452914e-05,0.4,0.01,0.01,0.002456237664022393
1.293193084316076e-06,1.5975417983744859e-09,-0.013305567428843167,-0.1656041017525149,arith,2.4,2.4,1.5,1.5,1473,1477,0.3813497528243068,0.01047321014724388,localized_edge,0.009719187785353328,9.646752595306568e-07,9.925471971890574e-05,2.5860200732633586e-05,-0.0026199126098948285,0.0026457690595755303,0.4,0.01,0.01,0.38124019500663653
1.293193084316076e-06,1.5975417983744859e-09,-0.013305567428843167,-0.1656041017525149,typ,2.4,2.4,1.5,1.5,1473,1477,0.0039939561009284755,0.01047321014724388,localized_edge,0.009719187785353328,9.646752595306568e-07,9.925471971890574e-05,3.268983571671632e-06,-2.5187544444655034e-05,2.8451849112976697e-05,0.4,0.01,0.01,0.003919145373623003
-7.929075111791676e-05,-9.823966462567786e-05,0.1520319365911645,0.3901777417935142,arith,0.6,0.6,0.9375,0.9375,874,878,0.5947995156689356,0.7225336701661272,metallic,0.02607700490297011,0.012589091342589606,0.4827659997546627,-0.0008111764151696819,-0.008532303684601093,0.007721141333280607,0.4,0.02,0.02,0.5914900906515332
-7.929075111791676e-05,-9.823966462567786e-05,0.1520319365911645,0.3901777417935142,typ,0.6,0.6,0.9375,0.9375,874,878,0.429762677069311,0.7225336701661272,metallic,0.02607700490297011,0.012589091342589606,0.4827659997546627,-0.0016887308981698105,-0.0066010040486548585,0.0049123030201150535,0.4,0.02,0.02,0.42396852319551426
4.091832762465633e-06,2.4516634373022417e-06,-0.013503678570694247,-0.7676713067806105,arith,1.95,1.95,0.9375,0.9375,946,950,0.4679342265539365,0.10218480360386936,max_abs_S_typ,0.015150807763396227,0.00015968184662155753,0.010539493940867152,6.751128247503308e-05,-0.006439839403986897,0.006507349487338428,0.4,0.02,0.02,0.46769452286263014
4.091832762465633e-06,2.4516634373022417e-06,-0.013503678570694247,-0.7676713067806105,typ,1.95,1.95,0.9375,0.9375,946,950,0.04781576703994252,0.10218480360386936,max_abs_S_typ,0.015150807763396227,0.00015968184662155753,0.010539493940867152,0.00039807288348138936,-0.00048306740423314365,0.0008811286645794855,0.4,0.02,0.02,0.049255798882168245
-9.450690093984221e-06,-7.655570094218066e-06,0.026737773484889964,0.15714778921032638,arith,0.9,0.9,0.9375,0.9375,890,894,0.5022554813359879,0.3919424762507202,compensation,0.017672918987298978,0.002435786762476137,0.137825945121271,-0.00011322443433671447,-0.006989502750012321,0.006876280150728403,0.4,0.02,0.02,0.5015431777767119
-9.450690093984221e-06,-7.655570094218066e-06,0.026737773484889964,0.15714778921032638,typ,0.9,0.9,0.9375,0.9375,890,894,0.19685525706532447,0.3919424762507202,compensation,0.017672918987298978,0.002435786762476137,0.137825945121271,-0.0003107754113661752,-0.002840134357203068,0.0025293645126438892,0.4,0.02,0.02,0.19561526943389185
9.149073605349859e-07,5.2324686953626326e-09,-0.004382584573139402,-0.19394596961985291,arith,2.4,2.4,0.9375,0.9375,970,974,0.3945889387273388,0.011111124076012151,localized_edge,0.010437988648780427,1.3489500982202986e-06,0.00012923467763858028,2.00259473113161e-05,-0.005453832800436785,0.005473858387817812,0.4,0.02,0.02,0.39453431648677606
9.149073605349859e-07,5.2324686953626326e-09,-0.004382584573139402,-0.19394596961985291,typ,2.4,2.4,0.9375,0.9375,970,974,0.004384326657221418,0.011111124076012151,localized_edge,0.010437988648780427,1.3489500982202986e-06,0.00012923467763858028,8.82653629136967e-06,-5.9700507688138485e-05,6.852803867256998e-05,0.4,0.02,0.02,0.004627258846801258
-7.383561276073876e-05,-9.990440492597467e-05,0.15019629380945462,0.4959695641481399,arith,0.6,0.6,1.3125,1.3125,1210,1214,0.5774714576661701,0.6661289926425549,metallic,0.024579705293663816,0.010071626582325369,0.4097537566864825,-0.0008231654136198838,-0.008307827192371942,0.007484676230441644,0.4,0.02,0.02,0.5744276799477799
-7.383561276073876e-05,-9.990440492597467e-05,0.15019629380945462,0.4959695641481399,typ,0.6,0.6,1.3125,1.3125,1210,1214,0.3846704803749937,0.6661289926425549,metallic,0.024579705293663816,0.010071626582325369,0.4097537566864825,-0.001994233160444266,-0.006096938241404764,0.0041027403598631815,0.4,0.02,0.02,0.3778422820254517
6.447026530447661e-05,1.015490977502012e-06,-0.2870998050302089,-2.343597593589356,arith,1.65,1.65,1.3125,1.3125,1266,1270,0.4060222441817876,0.030050315759825204,max_abs_S_typ,0.01122784902234486,2.1665216338328982e-05,0.0019295963363251875,0.001101690095581886,-0.005039445302546899,0.006141111324254024,0.4,0.02,0.02,0.4046715136670411
6.447026530447661e-05,1.015490977502012e-06,-0.2870998050302089,-2.343597593589356,typ,1.65,1.65,1.3125,1.3125,1266,1270,0.01220109664317557,0.030050315759825204,max_abs_S_typ,0.01122784902234486,2.1665216338328982e-05,0.0019295963363251875,0.00035857516646266806,-8.262102664246278e-05,0.0004411911744071512,0.4,0.02,0.02,0.015041461953379623
2.7325824284599127e-06,2.1648526944125977e-09,-0.01571722903132688,-0.08719484329333183,arith,1.35,1.35,1.3125,1.3125,1250,1254,0.36189059264220075,0.01243690384728375,compensation,0.008692952246905136,1.2413880297541365e-06,0.0001428039628534823,5.502920142079915e-05,-0.004994000781447029,0.005049029096752622,0.4,0.02,0.02,0.36213994092206714
2.7325824284599127e-06,2.1648526944125977e-09,-0.01571722903132688,-0.08719484329333183,typ,1.35,1.35,1.3125,1.3125,1250,1254,0.004500798503927582,0.01243690384728375,compensation,0.008692952246905136,1.2413880297541365e-06,0.0001428039628534823,3.868328295652596e-06,-5.9892360666796784e-05,6.376267954720147e-05,0.4,0.02,0.02,0.004452992116638899
1.54898665427844e-06,3.276394733072374e-09,-0.008524424777284672,-0.2048052163462164,arith,2.55,2.55,1.3125,1.3125,1314,1318,0.36975642874446313,0.009977818484498973,localized_edge,0.009085578761901202,7.998806845656064e-07,8.803849545829345e-05,3.3987960262801646e-05,-0.005101176695788638,0.005135164060271155,0.4,0.02,0.02,0.3696514772853601
1.54898665427844e-06,3.276394733072374e-09,-0.008524424777284672,-0.2048052163462164,typ,2.55,2.55,1.3125,1.3125,1314,1318,0.003689362529488832,0.009977818484498973,localized_edge,0.009085578761901202,7.998806845656064e-07,8.803849545829345e-05,7.301094635426967e-06,-4.559181952686949e-05,5.2891603529405555e-05,0.4,0.02,0.02,0.0035650157359832547
-7.216323305396863e-05,-9.969111236201927e-05,0.14810900114712092,0.5177970209313482,arith,0.6,0.6,1.5,1.5,1378,1382,0.5742660310180218,0.6545040144668846,metallic,0.02436152850098787,0.009626466388577075,0.3951503448638996,-0.0008205337809273749,-0.00826411674602046,0.007443597393500747,0.4,0.02,0.02,0.5712801081688439
-7.216323305396863e-05,-9.969111236201927e-05,0.14810900114712092,0.5177970209313482,typ,0.6,0.6,1.5,1.5,1378,1382,0.37585942267325967,0.6545040144668846,metallic,0.02436152850098787,0.009626466388577075,0.3951503448638996,-0.0020489506729232648,-0.005996419905560766,0.003947505486741255,0.4,0.02,0.02,0.3688331518830892
-2.311834408557151e-05,-1.7771681975409792e-06,0.0792540887624405,2.1586004019815803,arith,0.9,0.9,1.5,1.5,1394,1398,0.4607180002873343,0.03865719600719816,max_abs_S_typ,0.014584953563006316,4.116482596569405e-05,0.0028224173486644253,-0.0003554357621068571,-0.006513930993533366,0.006158501407706605,0.4,0.02,0.02,0.45937405781978646
-2.311834408557151e-05,-1.7771681975409792e-06,0.0792540887624405,2.1586004019815803,typ,0.9,0.9,1.5,1.5,1394,1398,0.01781006604115186,0.03865719600719816,max_abs_S_typ,0.014584953563006316,4.116482596569405e-05,0.0028224173486644253,-0.00045362307210789453,-0.000587396973379529,0.0001337784266768233,0.4,0.02,0.02,0.021723524707918572
9.483860200233652e-08,4.2212422323313796e-11,-0.0006907718471070259,-0.005595300120804651,arith,1.5,1.5,1.5,1.5,1426,1430,0.32389470561160755,0.007500156966576066,compensation,0.006864683498576524,3.7721320940728464e-07,5.4949832644943417e-05,3.2643519429506954e-06,-0.00448461328707861,0.0044878775788237,0.4,0.02,0.02,0.323888589970352
9.483860200233652e-08,4.2212422323313796e-11,-0.0006907718471070259,-0.005595300120804651,typ,1.5,1.5,1.5,1.5,1426,1430,0.002429261132730002,0.007500156966576066,compensation,0.006864683498576524,3.7721320940728464e-07,5.4949832644943417e-05,1.423189263515887e-07,-3.3930336370846936e-05,3.4073130778359676e-05,0.4,0.02,0.02,0.0024556712314349463
5.511014455306969e-06,5.979784279354163e-09,-0.02840325807803102,-0.3105027250979461,arith,2.4,2.4,1.5,1.5,1474,1478,0.3813418061111235,0.010473086471395283,localized_edge,0.00970137728595572,9.62919774289884e-07,9.925598664056318e-05,0.000110454653053863,-0.005211233874314372,0.005321686644665856,0.4,0.02,0.02,0.38088199217401175
5.511014455306969e-06,5.979784279354163e-09,-0.02840325807803102,-0.3105027250979461,typ,2.4,2.4,1.5,1.5,1474,1478,0.003993825710559851,0.010473086471395283,localized_edge,0.00970137728595572,9.62919774289884e-07,9.925598664056318e-05,1.2311578643311778e-05,-4.767687155942588e-05,5.998610473655026e-05,0.4,0.02,0.02,0.0039045814885104472
-0.0005216557803428815,-0.0005028629393669707,0.4245525353508256,0.8483674891511354,arith,0.6,0.6,0.9375,0.9375,875,879,0.5921999077252048,0.7195623334944206,metallic,0.024574380643461017,0.011854837574460292,0.48240636240062224,-0.006824802298662787,-0.02184380404244413,0.015019007584927486,0.4,0.05,0.05,0.5667767108153683
-0.0005216557803428815,-0.0005028629393669707,0.4245525353508256,0.8483674891511354,typ,0.6,0.6,0.9375,0.9375,875,879,0.4261247474979289,0.7195623334944206,metallic,0.024574380643461017,0.011854837574460292,0.48240636240062224,-0.010799777461408106,-0.017669549474911686,0.00686978421227238,0.4,0.05,0.05,0.3913358267343633
3.395749400025665e-05,1.1328974366415401e-05,-0.045117741310503244,-1.2609854949789312,arith,1.95,1.95,0.9375,0.9375,947,951,0.4679125308949611,0.10219248670547114,max_abs_S_typ,0.015052834212847206,0.00017968445174866484,0.011936918271198974,0.0005634471475445615,-0.015763788589080972,0.01632723525506004,0.4,0.05,0.05,0.46608707355014367
3.395749400025665e-05,1.1328974366415401e-05,-0.045117741310503244,-1.2609854949789312,typ,1.95,1.95,0.9375,0.9375,947,951,0.047817145092806664,0.10219248670547114,max_abs_S_typ,0.015052834212847206,0.00017968445174866484,0.011936918271198974,0.0018781523586755109,-0.0007349764517776726,0.0026131241558756337,0.4,0.05,0.05,0.048992269589318974
-6.586173714256418e-05,-4.09143856808693e-05,0.07564869814876418,0.35419494811782093,arith,0.9,0.9,0.9375,0.9375,891,895,0.5022040169519605,0.3919180801934635,compensation,0.017412523613571294,0.002310274943123094,0.13267892663889738,-0.0008164685997729057,-0.017505984106950492,0.016689516248565704,0.4,0.05,0.05,0.4979281857283562
-6.586173714256418e-05,-4.09143856808693e-05,0.07564869814876418,0.35419494811782093,typ,0.9,0.9,0.9375,0.9375,891,895,0.19682283418925797,0.3919180801934635,compensation,0.017412523613571294,0.002310274943123094,0.13267892663889738,-0.0018576150092578661,-0.007167071403361791,0.005309458625138733,0.4,0.05,0.05,0.18897549205324704
6.752828434810937e-06,2.7529249734617406e-08,-0.012958430936495673,-0.4116414195697984,arith,2.4,2.4,0.9375,0.9375,971,975,0.3945868271689096,0.011111188962263362,localized_edge,0.010422293359287052,1.3375354580881537e-06,0.00012833408271858979,0.00014602451035830577,-0.01356603825466038,0.013712062620837705,0.4,0.05,0.05,0.394202274511539
6.752828434810937e-06,2.7529249734617406e-08,-0.012958430936495673,-0.4116414195697984,typ,2.4,2.4,0.9375,0.9375,971,975,0.004384328798693709,0.011111188962263362,localized_edge,0.010422293359287052,1.3375354580881537e-06,0.00012833408271858979,4.941911566710264e-05,-0.00013101268949141534,0.00018043220336839622,0.4,0.05,0.05,0.004577920549321457
-0.0004897425205046793,-0.0004842022372951595,0.42143603697740284,1.003148420126627,arith,0.6,0.6,1.3125,1.3125,1211,1215,0.574738360876055,0.6632282081376626,metallic,0.02324160620041798,0.009653650996809402,0.41536075061093625,-0.006857000339333064,-0.021354309395296485,0.01449731504154244,0.4,0.05,0.05,0.5513354798389057
-0.0004897425205046793,-0.0004842022372951595,0.42143603697740284,1.003148420126627,typ,0.6,0.6,1.3125,1.3125,1211,1215,0.38118269323180326,0.6632282081376626,metallic,0.02324160620041798,0.009653650996809402,0.41536075061093625,-0.011727206634741192,-0.016708836617365812,0.004981644336826569,0.4,0.05,0.05,0.3459521456832519
0.000172350690254615,1.134675240659429e-06,-0.373401112104156,-2.913156522846432,arith,1.5,1.5,1.3125,1.3125,1259,1263,0.35511807782103877,0.0139433689598121,max_abs_S_typ,0.009231396729559806,7.790005320762807e-06,0.0008438598783018904,0.003068470869257137,-0.01167289835714216,0.014741365920421936,0.4,0.05,0.05,0.36926872349324286
0.000172350690254615,1.134675240659429e-06,-0.373401112104156,-2.913156522846432,typ,1.5,1.5,1.3125,1.3125,1259,1263,0.00495154238335801,0.0139433689598121,max_abs_S_typ,0.009231396729559806,7.790005320762807e-06,0.0008438598783018904,0.0005099260554207142,-0.00012797832233322416,0.0006379050999899212,0.4,0.05,0.05,0.0075784031423141544
2.6890654871438878e-05,1.9441912233751422e-08,-0.061199925534430176,-0.3024476657480427,arith,1.35,1.35,1.3125,1.3125,1251,1255,0.36187172102806375,0.012443859430398881,compensation,0.00878780640225145,1.285638107714656e-06,0.00014629795524230866,0.0005212038066232782,-0.012446341982515643,0.01296754543610103,0.4,0.05,0.05,0.36389627496685856
2.6890654871438878e-05,1.9441912233751422e-08,-0.061199925534430176,-0.3024476657480427,typ,1.35,1.35,1.3125,1.3125,1251,1255,0.004503080828309744,0.012443859430398881,compensation,0.00878780640225145,1.285638107714656e-06,0.00014629795524230866,3.181519022135988e-05,-0.00014406798220924677,0.000175883975260773,0.4,0.05,0.05,0.0045137740338506704
1.2898069132301674e-05,1.7868514650949922e-08,-0.02849685752652562,-0.45044714299583144,arith,2.55,2.55,1.3125,1.3125,1315,1319,0.3697496456285298,0.009977894052665559,localized_edge,0.009052274708041624,7.933678758448816e-07,8.764292969811114e-05,0.0002838816895822209,-0.01259239799520514,0.012876279445929287,0.4,0.05,0.05,0.3689281136480688
1.2898069132301674e-05,1.7868514650949922e-08,-0.02849685752652562,-0.45044714299583144,typ,2.55,2.55,1.3125,1.3125,1315,1319,0.003689322790092105,0.009977894052665559,localized_edge,0.009052274708041624,7.933678758448816e-07,8.764292969811114e-05,4.203774181349143e-05,-9.88124588525503e-05,0.0001408496758952445,0.4,0.05,0.05,0.0035248723759720834
-0.0004799668635829702,-0.00047829893283120767,0.41643537017172766,1.032011271792331,arith,0.6,0.6,1.5,1.5,1379,1383,0.5715433592141544,0.6516153121386445,metallic,0.023051205443238104,0.00926925792197073,0.4021159737088629,-0.006798292407252833,-0.02125390941155043,0.014455622976495427,0.4,0.05,0.05,0.5486294330078452
-0.0004799668635829702,-0.00047829893283120767,0.41643537017172766,1.032011271792331,typ,0.6,0.6,1.5,1.5,1379,1383,0.3724264044151007,0.6516153121386445,metallic,0.023051205443238104,0.00926925792197073,0.4021159737088629,-0.01184621598393705,-0.016511265692704627,0.0046650644502310885,0.4,0.05,0.05,0.33735322166837844
-0.0001766111487385033,-1.663930794682299e-05,0.2508995986490389,2.5521497157227233,arith,0.9,0.9,1.5,1.5,1395,1399,0.46006906470922115,0.03859256343663711,max_abs_S_typ,0.01407823286202613,0.00013039445017128264,0.009262131934399355,-0.0032743170079059056,-0.016568046940279482,0.013293732453754268,0.4,0.05,0.05,0.4489721275953152
-0.0001766111487385033,-1.663930794682299e-05,0.2508995986490389,2.5521497157227233,typ,0.9,0.9,1.5,1.5,1395,1399,0.017755244565024923,0.03859256343663711,max_abs_S_typ,0.01407823286202613,0.00013039445017128264,0.009262131934399355,-0.0026317669815306656,-0.00280566076603988,0.00017389531216158526,0.4,0.05,0.05,0.03178198157198962
6.119811505056743e-07,3.511847588008058e-10,-0.001783237953425522,-0.018681177493468558,arith,1.5,1.5,1.5,1.5,1427,1431,0.32389464911874843,0.007500032386216421,compensation,0.00686370710459684,3.759771127099343e-07,5.477755780955901e-05,2.0967204131904296e-05,-0.011210144480957607,0.011231111660988528,0.4,0.05,0.05,0.3238558043630133
6.119811505056743e-07,3.511847588008058e-10,-0.001783237953425522,-0.018681177493468558,typ,1.5,1.5,1.5,1.5,1427,1431,0.0024292203581128173,0.007500032386216421,compensation,0.00686370710459684,3.759771127099343e-07,5.477755780955901e-05,1.1847297535340031e-06,-8.412335390024073e-05,8.530827386983067e-05,0.4,0.05,0.05,0.002451611443839227
5.0593569463560164e-05,3.235001676402045e-08,-0.10610766028163819,-0.6679872560108124,arith,2.4,2.4,1.5,1.5,1475,1479,0.3812655123820331,0.010473903395193385,localized_edge,0.009536270864755902,9.68581854606424e-07,0.00010156819875850042,0.001069286353313409,-0.01232218968776967,0.013391475280935582,0.4,0.05,0.05,0.37736814103388516
5.0593569463560164e-05,3.235001676402045e-08,-0.10610766028163819,-0.6679872560108124,typ,2.4,2.4,1.5,1.5,1475,1479,0.003993338144608322,0.010473903395193385,localized_edge,0.009536270864755902,9.68581854606424e-07,0.00010156819875850042,7.018037800998022e-05,-9.515368918740699e-05,0.00016533312951117117,0.4,0.05,0.05,0.003850484734076812
