L11,L12,L22,branch,cauchy_schwarz_determinant,cauchy_schwarz_ok,chemical_potential,disorder_full_width,final_residual,half_filling,ill_conditioned,index,interaction,iterations,kappa_e,kappa_half_filling_formula,kappa_half_relative_difference,lorenz,lorenz_over_L0,max_imag_sigma_global,max_imag_sigma_relevant,rho_arith_zero,rho_floor_count_final,rho_typ_zero,rho_zero,sigma,status,sum_rule_arith_bath,sum_rule_medium,target_filling,tau_symmetry_relative_error,temperature,temperatures,thermopower
20.61436083132938,2.7755575615628914e-17,0.005119255331983722,arith,0.10553017660121931,True,0.0,0.0,1.5700924586837752e-16,True,False,0,0.0,1,0.5119255331983722,0.5119255331983722,0.0,2.4833441957625766,0.7548461199179809,5.551115123125783e-17,5.551115123125783e-17,1.2706956121222355,0.0,1.2706956121222355,1.2706956121222355,20.61436083132938,success,0.9998386278189352,0.9998386278189352,0.5,3.280304341821906e-16,0.01,"[0.01, 0.02]",-1.3464194132784573e-16
17.535351953655447,0.0,0.016627634883563086,arith,0.29157142984015744,True,0.0,0.0,1.5700924586837752e-16,True,False,0,0.0,1,0.8313817441781542,0.8313817441781542,0.0,2.370587560419177,0.7205722126484188,5.551115123125783e-17,5.551115123125783e-17,1.2706956121222355,0.0,1.2706956121222355,1.2706956121222355,17.535351953655447,success,0.9998386278189352,0.9998386278189352,0.5,3.280304341821906e-16,0.02,"[0.01, 0.02]",-0.0
0.7906680874072918,9.540979117872439e-18,0.0002591468103132354,arith,0.00020489911286806605,True,0.0,0.25,9.44882134089454e-09,True,False,2,0.0,630,0.025914681031323536,0.025914681031323536,0.0,3.2775675968283102,0.9962610851352507,-3.2964759803886384e-07,-3.2964759803886384e-07,1.220207817619705,0.0,1.2170585401844298,1.220207817619705,0.7906680874072918,success,0.9998392996099041,0.9998392996099041,0.5,7.994387213643864e-15,0.01,"[0.01, 0.02]",-1.2066983946650242e-15
0.7878944856673205,5.204170427930421e-18,0.0010212261963786849,arith,0.0008046184887457779,True,0.0,0.25,9.44882134089454e-09,True,False,2,0.0,630,0.051061309818934246,0.051061309818934246,0.0,3.2403647155676567,0.9849527652425465,-3.2964759803886384e-07,-3.2964759803886384e-07,1.220207817619705,0.0,1.2170585401844298,1.220207817619705,0.7878944856673205,success,0.9998392996099041,0.9998392996099041,0.5,7.994387213643864e-15,0.02,"[0.01, 0.02]",-3.302580816721075e-16
0.7651052484619144,-8.673617379884035e-19,0.0002505986750434446,typ,0.0001917343615333412,True,0.0,0.25,9.213337453459976e-09,True,False,3,0.0,280,0.025059867504344458,0.025059867504344458,0.0,3.2753490522672704,0.9955867284525872,-9.098064954386233e-05,-9.098064954386233e-05,1.2216648897398368,0.0,1.2184960174407304,1.2184960174407304,0.7651052484619144,success,0.9998288436501904,0.9584555108725934,0.5,5.941210156547509e-15,0.01,"[0.01, 0.02]",1.1336502262035904e-16
0.7619407988573057,-1.734723475976807e-18,0.000984921753799095,typ,0.0007504520679016209,True,0.0,0.25,9.213337453459976e-09,True,False,3,0.0,280,0.04924608768995475,0.04924608768995475,0.0,3.231621653795797,0.9822951931403978,-9.098064954386233e-05,-9.098064954386233e-05,1.2216648897398368,0.0,1.2184960174407304,1.2184960174407304,0.7619407988573057,success,0.9998288436501904,0.9584555108725934,0.5,5.941210156547509e-15,0.02,"[0.01, 0.02]",1.1383584384629347e-16
0.21469029352261837,2.168404344971009e-19,7.045860411002957e-05,arith,1.5126778397576214e-05,True,0.0,0.5,9.407106369145088e-09,True,False,4,0.0,512,0.0070458604110029575,0.0070458604110029575,0.0,3.2818718980700687,0.9975694358249552,-1.3217420895548278e-06,-1.3217420895548278e-06,1.0935536039928604,0.0,1.0569390194375818,1.0935536039928604,0.21469029352261837,success,0.999838310313294,0.999838310313294,0.5,3.746336737822909e-15,0.01,"[0.01, 0.02]",-1.0100150823737915e-16
0.21419955095780643,1.3010426069826053e-18,0.00027909925289151035,arith,5.978293464202078e-05,True,0.0,0.5,9.407106369145088e-09,True,False,4,0.0,512,0.013954962644575518,0.013954962644575518,0.0,3.2574677636285987,0.9901514684628258,-1.3217420895548278e-06,-1.3217420895548278e-06,1.0935536039928604,0.0,1.0569390194375818,1.0935536039928604,0.21419955095780643,success,0.999838310313294,0.999838310313294,0.5,3.746336737822909e-15,0.02,"[0.01, 0.02]",-3.036987241954788e-16
0.1844253218475182,2.168404344971009e-19,6.0391325590759586e-05,typ,1.1137689658874099e-05,True,0.0,0.5,6.701466185967379e-09,True,False,5,0.0,257,0.006039132559075958,0.006039132559075958,0.0,3.274567992387227,0.9953493147179626,-0.00044317693527456395,-0.00044317693527456395,1.1080224468976616,0.0,1.0685559762752674,1.0685559762752674,0.1844253218475182,success,0.9998301470077016,0.8345026619407805,0.5,2.1039074799522356e-15,0.01,"[0.01, 0.02]",-1.1757628091677308e-16
0.18362189933157919,-4.336808689942018e-19,0.00023713493600567229,typ,4.354316734723403e-05,True,0.0,0.5,6.701466185967379e-09,True,False,5,0.0,257,0.011856746800283613,0.011856746800283613,0.0,3.228576450696939,0.981369562393175,-0.00044317693527456395,-0.00044317693527456395,1.1080224468976616,0.0,1.0685559762752674,1.0685559762752674,0.18362189933157919,success,0.9998301470077016,0.8345026619407805,0.5,2.1039074799522356e-15,0.02,"[0.01, 0.02]",1.180907262621963e-16
0.10030803625593258,-4.336808689942018e-19,3.295583050950034e-05,arith,3.3057346415913295e-06,True,0.0,0.75,9.321351734624737e-09,True,False,6,0.0,423,0.003295583050950034,0.003295583050950034,0.0,3.285462634859549,0.9986608889299299,-2.985821334849795e-06,-2.985821334849795e-06,0.9424186457395236,0.0,0.8298370015060765,0.9424186457395236,0.10030803625593258,success,0.9998381096451118,0.9998381096451118,0.5,3.0424689522334053e-15,0.01,"[0.01, 0.02]",4.323490770845913e-16
0.10018144949047209,2.168404344971009e-19,0.0001311138301679288,arith,1.3135173554470693e-05,True,0.0,0.75,9.321351734624737e-09,True,False,6,0.0,423,0.006555691508396439,0.006555691508396439,0.0,3.2719088921846398,0.9945410451781135,-2.985821334849795e-06,-2.985821334849795e-06,0.9424186457395236,0.0,0.8298370015060765,0.9424186457395236,0.10018144949047209,success,0.9998381096451118,0.9998381096451118,0.5,3.0424689522334053e-15,0.02,"[0.01, 0.02]",-1.0822384563208172e-16
0.06558130238301524,0.0,2.145901225551129e-05,typ,1.4073099715695156e-06,True,0.0,0.75,8.194065102926502e-09,True,False,7,0.0,209,0.002145901225551129,0.002145901225551129,0.0,3.2721235284691317,0.9946062867853054,-0.0015440806288236058,-0.0015440806288236058,0.9812932848758954,0.0,0.8357707279168173,0.8357707279168173,0.06558130238301524,success,0.9998351596345184,0.6290130553757509,0.5,1.1619050713700491e-15,0.01,"[0.01, 0.02]",-0.0
0.06525023778493338,1.0842021724855044e-19,8.401460452112417e-05,typ,5.481972922410492e-06,True,0.0,0.75,8.194065102926502e-09,True,False,7,0.0,209,0.004200730226056208,0.004200730226056208,0.0,3.2189386342942785,0.9784400174962397,-0.0015440806288236058,-0.0015440806288236058,0.9812932848758954,0.0,0.8357707279168173,0.8357707279168173,0.06525023778493338,success,0.9998351596345184,0.6290130553757509,0.5,1.1619050713700491e-15,0.02,"[0.01, 0.02]",-8.308032348166035e-17
0.05827697745342973,5.421010862427522e-20,1.9159021153189783e-05,arith,1.1165298437742243e-06,True,0.0,1.0,8.938130978220084e-09,True,False,8,0.0,359,0.0019159021153189783,0.0019159021153189783,0.0,3.2875797596915746,0.9993044177116281,-5.338061915451629e-06,-5.338061915451629e-06,0.8041211829716183,0.0,0.6083738008070596,0.8041211829716183,0.05827697745342973,success,0.9998384373396041,0.9998384373396041,0.5,2.6189179594737753e-15,0.01,"[0.01, 0.02]",-9.302148291337789e-17
0.0582387555289126,0.0,7.642154081066916e-05,arith,4.450695432415378e-06,True,0.0,1.0,8.938130978220084e-09,True,False,8,0.0,359,0.003821077040533458,0.003821077040533458,0.0,3.2805277223312976,0.9971608553943284,-5.338061915451629e-06,-5.338061915451629e-06,0.8041211829716183,0.0,0.6083738008070596,0.8041211829716183,0.0582387555289126,success,0.9998384373396041,0.9998384373396041,0.5,2.6189179594737753e-15,0.02,"[0.01, 0.02]",-0.0
0.020520429792314634,2.710505431213761e-20,6.699372856827388e-06,typ,1.3747401036106472e-07,True,0.0,1.0,8.168555549890883e-09,True,False,9,0.0,207,0.0006699372856827388,0.0006699372856827388,0.0,3.2647332071653072,0.9923598984793034,-0.006941036855524166,-0.006941036855524166,0.8666139743645679,0.0,0.5363981771299186,0.5363981771299186,0.020520429792314634,success,0.9998463652338961,0.3561628571729955,0.5,1.3493529861020264e-15,0.01,"[0.01, 0.02]",-1.3208814136187863e-16
0.02037397572150727,5.421010862427522e-20,2.599596543242372e-05,typ,5.296411685773431e-07,True,0.0,1.0,8.168555549890883e-09,True,False,9,0.0,207,0.001299798271621186,0.001299798271621186,0.0,3.1898493681061155,0.9695979408518245,-0.006941036855524166,-0.006941036855524166,0.8666139743645679,0.0,0.5363981771299186,0.5363981771299186,0.02037397572150727,success,0.9998463652338961,0.3561628571729955,0.5,1.3493529861020264e-15,0.02,"[0.01, 0.02]",-1.3303762938877388e-16
0.03806320002445876,5.421010862427522e-20,1.2517676996170904e-05,arith,4.764628433468192e-07,True,0.0,1.25,9.018596261893657e-09,True,False,10,0.0,327,0.0012517676996170904,0.0012517676996170904,0.0,3.288655969053379,0.9996315461307832,-8.401714607321562e-06,-8.401714607321562e-06,0.6904372165449443,0.0,0.4339827214971914,0.6904372165449443,0.03806320002445876,success,0.9998376049561708,0.9998376049561708,0.5,2.7341755047972204e-15,0.01,"[0.01, 0.02]",-1.4242131137014422e-16
0.038049983002698386,0.0,4.9996619668927065e-05,arith,1.9023705285950506e-06,True,0.0,1.25,9.018596261893657e-09,True,False,10,0.0,327,0.002499830983446353,0.002499830983446353,0.0,3.2849304863934803,0.9984991351925633,-8.401714607321562e-06,-8.401714607321562e-06,0.6904372165449443,0.0,0.4339827214971914,0.6904372165449443,0.038049983002698386,success,0.9998376049561708,0.9998376049561708,0.5,2.7341755047972204e-15,0.02,"[0.01, 0.02]",-0.0
0.002392662415028798,0.0,7.72415833065354e-07,typ,1.8481303325486309e-09,True,0.0,1.25,8.35663056258697e-09,True,False,11,0.0,242,7.72415833065354e-05,7.72415833065354e-05,0.0,3.2282691791940787,0.9812761630560668,-0.10434774111829637,-0.10434774111829637,0.767588804737929,0.0,0.19467648114080996,0.19467648114080996,0.002392662415028798,success,0.9998994481686538,0.09737861391296083,0.5,3.243843233269628e-15,0.01,"[0.01, 0.02]",-0.0
0.002351250997838909,6.776263578034403e-21,2.869924852154477e-06,typ,6.747913672350898e-09,True,0.0,1.25,8.35663056258697e-09,True,False,11,0.0,242,0.00014349624260772385,0.00014349624260772385,0.0,3.051487117700634,0.9275408599043218,-0.10434774111829637,-0.10434774111829637,0.767588804737929,0.0,0.19467648114080996,0.19467648114080996,0.002351250997838909,success,0.9998994481686538,0.09737861391296083,0.5,3.243843233269628e-15,0.02,"[0.01, 0.02]",-1.4409911115960455e-16
0.026778984223176282,0.0,8.808123871951846e-06,arith,2.3587261020278088e-07,True,0.0,1.5,8.754577487631946e-09,True,False,12,0.0,295,0.0008808123871951846,0.0008808123871951846,0.0,3.289192673831414,0.9997946848209142,-1.2207745899360696e-05,-1.2207745899360696e-05,0.5999893428510626,0.0,0.3096583319637524,0.5999893428510626,0.026778984223176282,success,0.9998377389299262,0.9998377389299262,0.5,2.2023548644007117e-15,0.01,"[0.01, 0.02]",-0.0
0.02677380683659026,-5.421010862427522e-20,3.520353665693852e-05,arith,9.425326904176964e-07,True,0.0,1.5,8.754577487631946e-09,True,False,12,0.0,295,0.001760176832846926,0.001760176832846926,0.0,3.2871246953970528,0.9991660947527652,-1.2207745899360696e-05,-1.2207745899360696e-05,0.5999893428510626,0.0,0.3096583319637524,0.5999893428510626,0.02677380683659026,success,0.9998377389299262,0.9998377389299262,0.5,2.2023548644007117e-15,0.02,"[0.01, 0.02]",1.0123720723604628e-16
2.710356120014947e-05,7.940933880509066e-23,9.027100195089805e-09,typ,2.4466656259749775e-13,True,0.0,1.5,7.611389125206749e-09,True,False,13,0.0,159,9.027100195089805e-07,9.027100195089805e-07,0.0,3.3305956100853726,1.0123796683434723,-3.664837482232457,-3.664837482232457,0.2566968828732837,0.0,0.01923053526173317,0.01923053526173317,2.710356120014947e-05,success,0.9990063487436263,0.01585474523764928,0.5,5.790565282033948e-15,0.01,"[0.01, 0.02]",-2.929848893976808e-16
2.696292672227428e-05,0.0,3.3328986801150505e-08,typ,8.986470288470678e-13,True,0.0,1.5,7.611389125206749e-09,True,False,13,0.0,159,1.6664493400575253e-06,1.6664493400575253e-06,0.0,3.090260484743406,0.9393265502320391,-3.664837482232457,-3.664837482232457,0.2566968828732837,0.0,0.01923053526173317,0.01923053526173317,2.696292672227428e-05,success,0.9990063487436263,0.01585474523764928,0.5,5.790565282033948e-15,0.02,"[0.01, 0.02]",-0.0
0.018783452069947165,2.710505431213761e-20,6.178835299019896e-06,arith,1.1605985668723788e-07,True,0.0,1.8,8.666102242308678e-09,True,False,14,0.0,260,0.0006178835299019896,0.0006178835299019896,0.0,3.2895099771920018,0.9998911334771194,-1.781130276682719e-05,-1.781130276682719e-05,0.5155531932835142,0.0,0.2104466482961043,0.5155531932835142,0.018783452069947165,success,0.9998381445256698,0.9998381445256698,0.5,2.5858231169470386e-15,0.01,"[0.01, 0.02]",-1.4430283747205712e-16
0.018781521041792724,-1.0842021724855044e-19,2.470453005640993e-05,arith,4.6398865108206393e-07,True,0.0,1.8,8.666102242308678e-09,True,False,14,0.0,260,0.0012352265028204965,0.0012352265028204965,0.0,3.288409123179813,0.9995565139825223,-1.781130276682719e-05,-1.781130276682719e-05,0.5155531932835142,0.0,0.2104466482961043,0.5155531932835142,0.018781521041792724,success,0.9998381445256698,0.9998381445256698,0.5,2.5858231169470386e-15,0.02,"[0.01, 0.02]",2.886353480298355e-16
2.7239337521307594e-06,9.926167350636332e-24,9.311891108487056e-10,typ,2.5364974486574204e-15,True,0.0,1.8,4.825745386364879e-09,True,False,15,0.0,84,9.311891108487057e-08,9.311891108487057e-08,0.0,3.4185453670460815,1.039113188772417,-13.723726223804595,-13.723726223804595,0.08703322261928484,0.0,0.006246868138529679,0.006246868138529679,2.7239337521307594e-06,success,0.998560261083431,0.00781778231085433,0.5,7.49792721422162e-15,0.01,"[0.01, 0.02]",-3.6440560798777596e-16
2.7540156734839326e-06,-6.617444900424222e-24,3.546183337692147e-09,typ,9.766244493051738e-15,True,0.0,1.8,4.825745386364879e-09,True,False,15,0.0,84,1.7730916688460734e-07,1.7730916688460734e-07,0.0,3.219102356456538,0.9784897830660455,-13.723726223804595,-13.723726223804595,0.08703322261928484,0.0,0.006246868138529679,0.006246868138529679,2.7540156734839326e-06,success,0.998560261083431,0.00781778231085433,0.5,7.49792721422162e-15,0.02,"[0.01, 0.02]",1.2014174363889705e-16
0.01528450916870418,0.0,5.028079884114577e-06,arith,7.685173308972631e-08,True,0.0,2.0,8.730678694756736e-09,True,False,16,0.0,248,0.0005028079884114577,0.0005028079884114577,0.0,3.2896574097451747,0.9999359475995041,-2.2214977078204154e-05,-2.2214977078204154e-05,0.4703638418371633,0.0,0.16519127232661496,0.4703638418371633,0.01528450916870418,success,0.9998356337928592,0.9998356337928592,0.5,2.496851626103241e-15,0.01,"[0.01, 0.02]",-0.0
0.015283496352374252,0.0,2.0106185201284417e-05,arith,3.0729280818399156e-07,True,0.0,2.0,8.730678694756736e-09,True,False,16,0.0,248,0.0010053092600642208,0.0010053092600642208,0.0,3.288871986114776,0.9996972074438262,-2.2214977078204154e-05,-2.2214977078204154e-05,0.4703638418371633,0.0,0.16519127232661496,0.4703638418371633,0.015283496352374252,success,0.9998356337928592,0.9998356337928592,0.5,2.496851626103241e-15,0.02,"[0.01, 0.02]",-0.0
1.1518290493708293e-06,8.271806125530277e-24,3.974516328979486e-10,typ,4.57796336491728e-16,True,0.0,2.0,4.125369387878726e-09,True,False,17,0.0,68,3.974516328979486e-08,3.974516328979486e-08,0.0,3.4506130325073068,1.0488605902359507,-21.698247669976116,-21.698247669976116,0.05741338032876328,0.0,0.004105733947842113,0.004105733947842113,1.1518290493708293e-06,success,1.0017293570052703,0.006059570211206371,0.5,9.125908269299969e-15,0.01,"[0.01, 0.02]",-7.181452950894611e-16
1.1709687094688302e-06,6.617444900424222e-24,1.5212840851124724e-09,typ,1.7813760618796217e-15,True,0.0,2.0,4.125369387878726e-09,True,False,17,0.0,68,7.606420425562362e-08,7.606420425562362e-08,0.0,3.247917883737796,0.9872486530602909,-21.698247669976116,-21.698247669976116,0.05741338032876328,0.0,0.004105733947842113,0.004105733947842113,1.1709687094688302e-06,success,1.0017293570052703,0.006059570211206371,0.5,9.125908269299969e-15,0.02,"[0.01, 0.02]",-2.825628407878635e-16
0.14172711434435992,0.0,4.7417269033329574e-05,arith,6.720312710183977e-06,True,0.15,0.0,9.490445818741836e-09,True,False,18,0.3,602,0.004741726903332957,0.004741726903332957,0.0,3.3456737796917233,1.0169628823184982,-1.4229869554115496e-06,-1.4229869554115496e-06,1.017474163099935,0.0,1.017474163099935,1.017474163099935,0.14172711434435992,success,0.9998400037031008,0.9998400037031008,0.5,2.0221169655544055e-15,0.01,"[0.01, 0.02]",-0.0
0.1438211985962676,-4.336808689942018e-19,0.00019928708629757274,arith,2.866170761607473e-05,True,0.15,0.0,9.490445818741836e-09,True,False,18,0.3,602,0.009964354314878637,0.009964354314878637,0.0,3.4641465973491155,1.0529743006619678,-1.4229869554115496e-06,-1.4229869554115496e-06,1.017474163099935,0.0,1.017474163099935,1.017474163099935,0.1438211985962676,success,0.9998400037031008,0.9998400037031008,0.5,2.0221169655544055e-15,0.02,"[0.01, 0.02]",1.5077084366805454e-16
0.1417271227374945,0.0,4.7417277174145015e-05,typ,6.7203142619378465e-06,True,0.15,0.0,8.368754795695554e-09,True,False,19,0.3,296,0.004741727717414501,0.004741727717414501,0.0,3.34567415596031,1.0169629966904339,-5.638607252433968e-06,-5.638607252433968e-06,1.017474163099935,0.0,1.017474163099935,1.017474163099935,0.1417271227374945,success,0.9998281758756742,0.9998281758756742,0.5,4.043445913071204e-15,0.01,"[0.01, 0.02]",-0.0
0.14382121231913148,-8.673617379884035e-19,0.0001992870246693578,typ,2.86617014874197e-05,True,0.15,0.0,8.368754795695554e-09,True,False,19,0.3,296,0.009964351233467889,0.009964351233467889,0.0,3.4641451955492957,1.052973874565917,-5.638607252433968e-06,-5.638607252433968e-06,1.017474163099935,0.0,1.017474163099935,1.017474163099935,0.14382121231913148,success,0.9998281758756742,0.9998281758756742,0.5,4.043445913071204e-15,0.02,"[0.01, 0.02]",3.0154165856416746e-16
0.15209607996169633,2.168404344971009e-19,5.0084444392401984e-05,arith,7.617647659143906e-06,True,0.15,0.25,9.41676752760262e-09,True,False,20,0.3,503,0.005008444439240198,0.005008444439240198,0.0,3.2929477475695084,1.000936090368338,-1.7582800904884874e-06,-1.7582800904884874e-06,1.0326412544668233,0.0,1.0325556399430185,1.0326412544668233,0.15209607996169633,success,0.9998401148405189,0.9998401148405189,0.5,3.0821397051198348e-15,0.01,"[0.01, 0.02]",-1.4256806260339496e-16
0.15221124941034964,4.336808689942018e-19,0.00020072788185327212,arith,3.05530416883796e-05,True,0.15,0.25,9.41676752760262e-09,True,False,20,0.3,503,0.010036394092663607,0.010036394092663607,0.0,3.2968634485110466,1.0021263207308964,-1.7582800904884874e-06,-1.7582800904884874e-06,1.0326412544668233,0.0,1.0325556399430185,1.0326412544668233,0.15221124941034964,success,0.9998401148405189,0.9998401148405189,0.5,3.0821397051198348e-15,0.02,"[0.01, 0.02]",-1.4246018959644437e-16
0.15206533274604658,-2.168404344971009e-19,5.009077610113103e-05,typ,7.617070535326208e-06,True,0.15,0.25,8.015668989834457e-09,True,False,21,0.3,270,0.005009077610113103,0.005009077610113103,0.0,3.294029953874105,1.0012650416395188,-7.96086360337696e-05,-7.96086360337696e-05,1.0326673819712238,0.0,1.0325816827559593,1.0325816827559593,0.15206533274604658,success,0.9998285856308746,0.9654760246688375,0.5,2.661793127725931e-15,0.01,"[0.01, 0.02]",1.4259688949566863e-16
0.15222696734256316,0.0,0.00020099958561784528,typ,3.059755735571646e-05,True,0.15,0.25,8.015668989834457e-09,True,False,21,0.3,270,0.010049979280892263,0.010049979280892263,0.0,3.300985185586843,1.003379178568443,-7.96086360337696e-05,-7.96086360337696e-05,1.0326673819712238,0.0,1.0325816827559593,1.0325816827559593,0.15222696734256316,success,0.9998285856308746,0.9654760246688375,0.5,2.661793127725931e-15,0.02,"[0.01, 0.02]",-0.0
0.13215725580421617,0.0,4.324984019693363e-05,arith,5.715780194397629e-06,True,0.15,0.5,9.186789051065956e-09,True,False,22,0.3,386,0.004324984019693363,0.004324984019693363,0.0,3.272604287501696,0.9947524200079839,-2.767446508560468e-06,-2.767446508560468e-06,1.0045128383190371,0.0,1.0017982802958025,1.0045128383190371,0.13215725580421617,success,0.9998386664426153,0.9998386664426153,0.5,3.145108274057726e-15,0.01,"[0.01, 0.02]",-0.0
0.13151155127814762,-2.168404344971009e-19,0.00016949866740119127,arith,2.2291032689509456e-05,True,0.15,0.5,9.186789051065956e-09,True,False,22,0.3,386,0.008474933370059563,0.008474933370059563,0.0,3.2221250862348336,0.9794085827429491,-2.767446508560468e-06,-2.767446508560468e-06,1.0045128383190371,0.0,1.0017982802958025,1.0045128383190371,0.13151155127814762,success,0.9998386664426153,0.9998386664426153,0.5,3.145108274057726e-15,0.02,"[0.01, 0.02]",8.244159254059828e-17
0.1310288795736947,1.0842021724855044e-19,4.2879495498236375e-05,typ,5.618452251819198e-06,True,0.15,0.5,6.832278117350175e-09,True,False,23,0.3,231,0.004287949549823637,0.004287949549823637,0.0,3.27252248800003,0.9947275559409935,-0.00034087964199749476,-0.00034087964199749476,1.0054253079496958,0.0,1.0027055936418428,1.0027055936418428,0.1310288795736947,success,0.9998296681805694,0.8669144654447973,0.5,1.0573922831599774e-15,0.01,"[0.01, 0.02]",-8.274528302561845e-17
0.13038398107133273,-2.168404344971009e-19,0.0001679952576485102,typ,2.190389049331702e-05,True,0.15,0.5,6.832278117350175e-09,True,False,23,0.3,231,0.008399762882425511,0.008399762882425511,0.0,3.221163678776622,0.9791163499180633,-0.00034087964199749476,-0.00034087964199749476,1.0054253079496958,0.0,1.0027055936418428,1.0027055936418428,0.13038398107133273,success,0.9998296681805694,0.8669144654447973,0.5,1.0573922831599774e-15,0.02,"[0.01, 0.02]",8.315455346407473e-17
0.08703380607118091,0.0,2.855109954938469e-05,arith,2.484910861300128e-06,True,0.15,0.75,8.983587084941379e-09,True,False,24,0.3,309,0.0028551099549384692,0.0028551099549384692,0.0,3.280460873563782,0.9971405358055793,-4.460436572315159e-06,-4.460436572315159e-06,0.908089274738373,0.0,0.873983805789963,0.908089274738373,0.08703380607118091,success,0.9998381871454267,0.9998381871454267,0.5,2.3896652273885005e-15,0.01,"[0.01, 0.02]",-0.0
0.08679929103738053,2.168404344971009e-19,0.00011289095412579759,arith,9.79885478265268e-06,True,0.15,0.75,8.983587084941379e-09,True,False,24,0.3,309,0.00564454770628988,0.00564454770628988,0.0,3.2514941302107108,0.9883357016371883,-4.460436572315159e-06,-4.460436572315159e-06,0.908089274738373,0.0,0.873983805789963,0.908089274738373,0.08679929103738053,success,0.9998381871454267,0.9998381871454267,0.5,2.3896652273885005e-15,0.02,"[0.01, 0.02]",-1.2490910461683237e-16
0.0782879339906991,1.0842021724855044e-19,2.5626048914228233e-05,typ,2.006210425839526e-06,True,0.15,0.75,7.844069013747874e-09,True,False,25,0.3,191,0.002562604891422823,0.002562604891422823,0.0,3.273307597729262,0.9949662006821581,-0.0009766247653149479,-0.0009766247653149479,0.9179215310781309,0.0,0.8816341850569542,0.8816341850569542,0.0782879339906991,success,0.9997730612108047,0.714792713001666,0.5,8.84936417477562e-16,0.01,"[0.01, 0.02]",-1.3848905153306406e-16
0.07791903539032694,4.336808689942018e-19,0.00010047368795959878,typ,7.828812847920643e-06,True,0.15,0.75,7.844069013747874e-09,True,False,25,0.3,191,0.0050236843979799385,0.0050236843979799385,0.0,3.223656692369418,0.9798741351822389,-0.0009766247653149479,-0.0009766247653149479,0.9179215310781309,0.0,0.8816341850569542,0.8816341850569542,0.07791903539032694,success,0.9997730612108047,0.714792713001666,0.5,8.84936417477562e-16,0.02,"[0.01, 0.02]",-2.782894236445078e-16
0.05549992726370063,-1.0842021724855044e-19,1.8236278177971814e-05,arith,1.0121121124380466e-06,True,0.15,1.0,8.838413303744333e-09,True,False,26,0.3,260,0.0018236278177971813,0.0018236278177971813,0.0,3.28582019420035,0.998769573936827,-6.854136756343811e-06,-6.854136756343811e-06,0.7911449492070629,0.0,0.6888732218466643,0.7911449492070629,0.05549992726370063,success,0.9998382058551176,0.9998382058551176,0.5,2.124617536087899e-15,0.01,"[0.01, 0.02]",1.9535199881146868e-16
0.05543537007655143,0.0,7.258021228608883e-05,arith,4.023510928313999e-06,True,0.15,1.0,8.838413303744333e-09,True,False,26,0.3,260,0.0036290106143044413,0.0036290106143044413,0.0,3.273190572456802,0.994930629264793,-6.854136756343811e-06,-6.854136756343811e-06,0.7911449492070629,0.0,0.6888732218466643,0.7911449492070629,0.05543537007655143,success,0.9998382058551176,0.9998382058551176,0.5,2.124617536087899e-15,0.02,"[0.01, 0.02]",-0.0
0.03773028685478161,-5.421010862427522e-20,1.2348393947829439e-05,typ,4.6590844584745386e-07,True,0.15,1.0,8.060610512114735e-09,True,False,27,0.3,200,0.001234839394782944,0.001234839394782944,0.0,3.2728068024917527,0.9948139771834775,-0.0025008440096958304,-0.0025008440096958304,0.8161370767266202,0.0,0.6885169862735486,0.6885169862735486,0.03773028685478161,success,0.9991852269309525,0.5376031655722824,0.5,1.2852684436718603e-15,0.01,"[0.01, 0.02]",1.4367796574916606e-16
0.03754724760794924,1.0842021724855044e-19,4.8387921421665946e-05,typ,1.8168332668532824e-06,True,0.15,1.0,8.060610512114735e-09,True,False,27,0.3,200,0.002419396071083297,0.002419396071083297,0.0,3.2218021628981925,0.9793104258188664,-0.0025008440096958304,-0.0025008440096958304,0.8161370767266202,0.0,0.6885169862735486,0.6885169862735486,0.03754724760794924,success,0.9991852269309525,0.5376031655722824,0.5,1.2852684436718603e-15,0.02,"[0.01, 0.02]",-1.4437838211288284e-16
0.037303823463087624,5.421010862427522e-20,1.226564061651637e-05,arith,4.5755529222020395e-07,True,0.15,1.25,8.423542720997263e-09,True,False,28,0.3,227,0.001226564061651637,0.001226564061651637,0.0,3.288038457680699,0.9994438451812054,-9.972840645092835e-06,-9.972840645092835e-06,0.6851391974997824,0.0,0.5116903453428573,0.6851391974997824,0.037303823463087624,success,0.9998376062785397,0.9998376062785397,0.5,3.34760587735516e-15,0.01,"[0.01, 0.02]",-1.453205156782829e-16
0.03728422707775985,2.168404344971009e-19,4.895203567184009e-05,arith,1.8251388139074863e-06,True,0.15,1.25,8.423542720997263e-09,True,False,28,0.3,227,0.0024476017835920044,0.0024476017835920044,0.0,3.282355536682167,0.9977164443348541,-9.972840645092835e-06,-9.972840645092835e-06,0.6851391974997824,0.0,0.5116903453428573,0.6851391974997824,0.03728422707775985,success,0.9998376062785397,0.9998376062785397,0.5,3.34760587735516e-15,0.02,"[0.01, 0.02]",-2.9079379068910195e-16
0.014215448234965365,-1.3552527156068805e-20,4.647299778211135e-06,typ,6.606344942952641e-08,True,0.15,1.25,7.867469917929108e-09,True,False,29,0.3,177,0.0004647299778211135,0.0004647299778211135,0.0,3.2691897584912546,0.9937145276452268,-0.0077958760058130004,-0.0077958760058130004,0.7224910037808195,0.0,0.45560322655121005,0.45560322655121005,0.014215448234965365,success,0.9985761532859463,0.33931476710074127,0.5,1.4614923541923833e-15,0.01,"[0.01, 0.02]",9.53366150124905e-17
0.014131989630492163,-2.710505431213761e-20,1.813251732417574e-05,typ,2.5624854679997106e-07,True,0.15,1.25,7.867469917929108e-09,True,False,29,0.3,177,0.000906625866208787,0.000906625866208787,0.0,3.207707795980079,0.9750262520023684,-0.0077958760058130004,-0.0077958760058130004,0.7224910037808195,0.0,0.45560322655121005,0.45560322655121005,0.014131989630492163,success,0.9985761532859463,0.33931476710074127,0.5,1.4614923541923833e-15,0.02,"[0.01, 0.02]",9.589963982726771e-17
0.026522237826641475,5.421010862427522e-20,8.723044334689251e-06,arith,2.3135465641696588e-07,True,0.15,1.5,8.406055000456516e-09,True,False,30,0.3,194,0.0008723044334689251,0.0008723044334689251,0.0,3.288954873154403,0.999722402082717,-1.3848944319354599e-05,-1.3848944319354599e-05,0.5976000598817891,0.0,0.37239647266127834,0.5976000598817891,0.026522237826641475,success,0.9998383998189132,0.9998383998189132,0.5,1.962021800596704e-15,0.01,"[0.01, 0.02]",-2.043949269236301e-16
0.0265152943087828,5.421010862427522e-20,3.485317894387369e-05,arith,9.241422972934825e-07,True,0.15,1.5,8.406055000456516e-09,True,False,30,0.3,194,0.0017426589471936844,0.0017426589471936844,0.0,3.2861391748091107,0.9988665324153426,-1.3848944319354599e-05,-1.3848944319354599e-05,0.5976000598817891,0.0,0.37239647266127834,0.5976000598817891,0.0265152943087828,success,0.9998383998189132,0.9998383998189132,0.5,1.962021800596704e-15,0.02,"[0.01, 0.02]",-1.022242257486822e-16
0.002962062864089164,-6.776263578034403e-21,9.646533538870402e-07,typ,2.857363876267864e-09,True,0.15,1.5,7.945987189626038e-09,True,False,31,0.3,199,9.646533538870401e-05,9.646533538870401e-05,0.0,3.2566943989680364,0.9899163937944397,-0.05055258298288245,-0.05055258298288245,0.640662668787682,0.0,0.21590398083650467,0.21590398083650467,0.002962062864089164,success,0.9998085432659436,0.13994679781078745,0.5,3.503418517941197e-15,0.01,"[0.01, 0.02]",2.287683917916478e-16
0.0029341963589109487,0.0,3.7074197306385397e-06,typ,1.0878297474594213e-08,True,0.15,1.5,7.945987189626038e-09,True,False,31,0.3,199,0.00018537098653192697,0.00018537098653192697,0.0,3.1588033631247665,0.9601610869355959,-0.05055258298288245,-0.05055258298288245,0.640662668787682,0.0,0.21590398083650467,0.21590398083650467,0.0029341963589109487,success,0.9998085432659436,0.13994679781078745,0.5,3.503418517941197e-15,0.02,"[0.01, 0.02]",-0.0
0.01869747466188182,0.0,6.15038382042685e-06,arith,1.1499664564327892e-07,True,0.15,1.8,8.047350828614657e-09,True,False,32,0.3,179,0.000615038382042685,0.000615038382042685,0.0,3.289419524105851,0.9998636390358607,-1.95591205448735e-05,-1.95591205448735e-05,0.5145175212130632,0.0,0.2552836191529141,0.5145175212130632,0.01869747466188182,success,0.9998376598699681,0.9998376598699681,0.5,2.041037735772171e-15,0.01,"[0.01, 0.02]",-0.0
0.018695078761670186,0.0,2.4588159636725133e-05,arith,4.5967758101309615e-07,True,0.15,1.8,8.047350828614657e-09,True,False,32,0.3,179,0.0012294079818362567,0.0012294079818362567,0.0,3.2880524268153004,0.9994480912889623,-1.95591205448735e-05,-1.95591205448735e-05,0.5145175212130632,0.0,0.2552836191529141,0.5145175212130632,0.018695078761670186,success,0.9998376598699681,0.9998376598699681,0.5,2.041037735772171e-15,0.02,"[0.01, 0.02]",-0.0
5.290032702455477e-05,0.0,1.5579468799350346e-08,typ,8.24158994354481e-13,True,0.15,1.8,7.736299133484802e-09,True,False,33,0.3,173,1.5579468799350346e-06,1.5579468799350346e-06,0.0,2.9450609619329606,0.8951911876856683,-1.85061504351342,-1.85061504351342,0.9905484209179715,0.0,0.03370289784376386,0.03370289784376386,5.290032702455477e-05,success,1.0002355882408533,0.022693606696084258,0.5,7.441618945723607e-15,0.01,"[0.01, 0.02]",-0.0
5.049158719489945e-05,1.0587911840678754e-22,6.291943275250972e-08,typ,3.1769020250769568e-12,True,0.15,1.8,7.736299133484802e-09,True,False,33,0.3,173,3.145971637625486e-06,3.145971637625486e-06,0.0,3.1153423891012926,0.9469505349446741,-1.85061504351342,-1.85061504351342,0.9905484209179715,0.0,0.03370289784376386,0.03370289784376386,5.049158719489945e-05,success,1.0002355882408533,0.022693606696084258,0.5,7.441618945723607e-15,0.02,"[0.01, 0.02]",-1.0484827699918613e-16
0.015238905736516498,1.3552527156068805e-20,5.012993203528535e-06,arith,7.639253088636921e-08,True,0.15,2.0,8.119185130998077e-09,True,False,34,0.3,162,0.0005012993203528535,0.0005012993203528535,0.0,3.2896018193196515,0.9999190501363645,-2.4049528227298002e-05,-2.4049528227298002e-05,0.46973323977672754,0.0,0.20053048928458184,0.46973323977672754,0.015238905736516498,success,0.9998372475040649,0.9998372475040649,0.5,2.2766637371699314e-15,0.01,"[0.01, 0.02]",-8.893372916923636e-17
0.015237673192798116,2.710505431213761e-20,2.0044711080630498e-05,arith,3.054347566907067e-07,True,0.15,2.0,8.119185130998077e-09,True,False,34,0.3,162,0.0010022355540315248,0.0010022355540315248,0.0,3.2886764972266835,0.9996377859472348,-2.4049528227298002e-05,-2.4049528227298002e-05,0.46973323977672754,0.0,0.20053048928458184,0.46973323977672754,0.015237673192798116,success,0.9998372475040649,0.9998372475040649,0.5,2.2766637371699314e-15,0.02,"[0.01, 0.02]",-8.894092283377116e-17
7.105053047348395e-06,1.3234889800848443e-23,2.599225810397752e-09,typ,1.846763726491315e-14,True,0.15,2.0,6.0340662321565835e-09,True,False,35,0.3,108,2.599225810397752e-07,2.599225810397752e-07,0.0,3.658277838429064,1.111983122046497,-6.1744640454504,-6.1744640454504,0.09847726419061302,0.0,0.009387813863423411,0.009387813863423411,7.105053047348395e-06,success,1.0009168549090948,0.012062997582715444,0.5,5.743109272907642e-15,0.01,"[0.01, 0.02]",-1.8627432775871677e-16
7.380656120723314e-06,1.3234889800848443e-23,9.493148987666996e-09,typ,7.006566818076274e-14,True,0.15,2.0,6.0340662321565835e-09,True,False,35,0.3,108,4.746574493833498e-07,4.746574493833498e-07,0.0,3.2155504986244554,0.9774101477470177,-6.1744640454504,-6.1744640454504,0.09847726419061302,0.0,0.009387813863423411,0.009387813863423411,7.380656120723314e-06,success,1.0009168549090948,0.012062997582715444,0.5,5.743109272907642e-15,0.02,"[0.01, 0.02]",-8.965930389093515e-17
0.011704521472977602,0.0,7.4115663358877675e-06,arith,8.67488373267963e-08,True,0.25,0.0,9.497775400517816e-09,True,False,36,0.5,586,0.0007411566335887767,0.0007411566335887767,0.0,6.332224989290641,1.924765593013552,-3.952940201682343e-06,-3.952940201682343e-06,0.19873321612461783,0.0,0.19873321612461786,0.19873321612461783,0.011704521472977602,success,0.9998351615739955,0.9998351615739955,0.5,1.3999881915277637e-15,0.01,"[0.01, 0.02]",-0.0
0.01926541927145104,5.421010862427522e-20,5.0328198330928486e-05,arith,9.695938420220797e-07,True,0.25,0.0,9.497775400517816e-09,True,False,36,0.5,586,0.002516409916546424,0.002516409916546424,0.0,6.530898396474119,1.9851550673358105,-3.952940201682343e-06,-3.952940201682343e-06,0.19873321612461783,0.0,0.19873321612461786,0.19873321612461783,0.01926541927145104,success,0.9998351615739955,0.9998351615739955,0.5,1.3999881915277637e-15,0.02,"[0.01, 0.02]",-1.4069278187111108e-16
0.011706901890067031,1.3552527156068805e-20,7.411697825134182e-06,typ,8.676801927766905e-08,True,0.25,0.0,9.038614703915648e-09,True,False,37,0.5,411,0.0007411697825134182,0.0007411697825134182,0.0,6.331049747177598,1.9244083622476726,-8.561750158588488e-06,-8.561750158588488e-06,0.19873379152050563,0.0,0.19873379152050563,0.19873379152050563,0.011706901890067031,success,0.99982750643204,0.99982750643204,0.5,2.447560448447191e-15,0.01,"[0.01, 0.02]",-1.1576527490648687e-16
0.019266829074829767,5.421010862427522e-20,5.032890263656796e-05,typ,9.69678364622504e-07,True,0.25,0.0,9.038614703915648e-09,True,False,37,0.5,411,0.002516445131828398,0.002516445131828398,0.0,6.530511902230679,1.9850375871731616,-8.561750158588488e-06,-8.561750158588488e-06,0.19873379152050563,0.0,0.19873379152050563,0.19873379152050563,0.019266829074829767,success,0.99982750643204,0.99982750643204,0.5,2.447560448447191e-15,0.02,"[0.01, 0.02]",-1.406824870188303e-16
0.025401597181075104,5.421010862427522e-20,1.0353230240586232e-05,arith,2.6298858409429674e-07,True,0.25,0.25,9.328370255631268e-09,True,False,38,0.5,489,0.0010353230240586233,0.0010353230240586233,0.0,4.075818605729122,1.2389002963318123,-4.298337767318907e-06,-4.298337767318907e-06,0.5559826033035635,0.0,0.5504653994245192,0.5559826033035635,0.025401597181075104,success,0.9998405714762668,0.9998405714762668,0.5,3.57323107457795e-15,0.01,"[0.01, 0.02]",-2.1341220490128574e-16
0.02987917301167205,0.0,5.5388576302782926e-05,arith,1.6549648542210498e-06,True,0.25,0.25,9.328370255631268e-09,True,False,38,0.5,489,0.0027694288151391463,0.0027694288151391463,0.0,4.634379964360613,1.4086825903120572,-4.298337767318907e-06,-4.298337767318907e-06,0.5559826033035635,0.0,0.5504653994245192,0.5559826033035635,0.02987917301167205,success,0.9998405714762668,0.9998405714762668,0.5,3.57323107457795e-15,0.02,"[0.01, 0.02]",-0.0
0.02364129041600044,8.131516293641283e-20,9.496499411257281e-06,typ,2.245095005169106e-07,True,0.25,0.25,5.934369081561832e-09,True,False,39,0.5,244,0.0009496499411257281,0.0009496499411257281,0.0,4.016912462963546,1.2209949760053744,-0.00010461695457129709,-0.00010461695457129709,0.5498023708712668,0.0,0.5441288787241962,0.5441288787241962,0.02364129041600044,success,0.9998283374795212,0.9557946426642259,0.5,2.0355607021737344e-15,0.01,"[0.01, 0.02]",-3.439539953427359e-16
0.027607805461431174,0.0,5.133385952926186e-05,typ,1.417215207468296e-06,True,0.25,0.25,5.934369081561832e-09,True,False,39,0.5,244,0.002566692976463093,0.002566692976463093,0.0,4.648491492829501,1.412971980614468,-0.00010461695457129709,-0.00010461695457129709,0.5498023708712668,0.0,0.5441288787241962,0.5441288787241962,0.027607805461431174,success,0.9998283374795212,0.9557946426642259,0.5,2.0355607021737344e-15,0.02,"[0.01, 0.02]",-0.0
0.05827697745342974,0.0,1.9159021153189786e-05,arith,1.1165298437742245e-06,True,0.25,0.5,8.938130957188894e-09,True,False,40,0.5,359,0.0019159021153189785,0.0019159021153189785,0.0,3.2875797596915746,0.9993044177116281,-5.338061915451196e-06,-5.338061915451196e-06,0.8041211829716182,0.0,0.7835041111477314,0.8041211829716182,0.05827697745342974,success,0.999838437339604,0.999838437339604,0.5,2.380834508612523e-15,0.01,"[0.01, 0.02]",-0.0
0.0582387555289126,0.0,7.642154081066918e-05,arith,4.450695432415379e-06,True,0.25,0.5,8.938130957188894e-09,True,False,40,0.5,359,0.0038210770405334585,0.0038210770405334585,0.0,3.280527722331298,0.9971608553943285,-5.338061915451196e-06,-5.338061915451196e-06,0.8041211829716182,0.0,0.7835041111477314,0.8041211829716182,0.0582387555289126,success,0.999838437339604,0.999838437339604,0.5,2.380834508612523e-15,0.02,"[0.01, 0.02]",-0.0
0.054398331379334364,-5.421010862427522e-20,1.7892555180082046e-05,typ,9.733251459091288e-07,True,0.25,0.5,8.299029447416874e-09,True,False,41,0.5,227,0.0017892555180082045,0.0017892555180082045,0.0,3.289173532789524,0.9997888666418527,-0.0004046543285538306,-0.0004046543285538306,0.8083123673399601,0.0,0.7857017670624225,0.7857017670624225,0.054398331379334364,success,0.9998304481591936,0.8485313789350679,0.5,1.6581448602432175e-15,0.01,"[0.01, 0.02]",9.965399167532067e-17
0.05438593647657837,2.168404344971009e-19,7.147791306012628e-05,typ,3.887393239166419e-06,True,0.25,0.5,8.299029447416874e-09,True,False,41,0.5,227,0.003573895653006314,0.003573895653006314,0.0,3.2856799795526492,0.9987269537946197,-0.0004046543285538306,-0.0004046543285538306,0.8083123673399601,0.0,0.7857017670624225,0.7857017670624225,0.05438593647657837,success,0.9998304481591936,0.8485313789350679,0.5,1.6581448602432175e-15,0.02,"[0.01, 0.02]",-1.9935340691474947e-16
0.06489755700278474,1.0842021724855044e-19,2.12182719417505e-05,arith,1.377014012840341e-06,True,0.25,0.75,9.06205956299955e-09,True,False,42,0.5,296,0.00212182719417505,0.00212182719417505,0.0,3.2695024160678385,0.9938095641524295,-7.08280831446576e-06,-7.08280831446576e-06,0.8330790284669876,0.0,0.816647836393419,0.8330790284669876,0.06489755700278474,success,0.9998380556638433,0.9998380556638433,0.5,1.7074226661787475e-15,0.01,"[0.01, 0.02]",-1.6706363421954104e-16
0.06452227524941799,0.0,8.282375380314969e-05,arith,5.343977040076854e-06,True,0.25,0.75,9.06205956299955e-09,True,False,42,0.5,296,0.004141187690157484,0.004141187690157484,0.0,3.2091147391728403,0.9754539114511928,-7.08280831446576e-06,-7.08280831446576e-06,0.8330790284669876,0.0,0.816647836393419,0.8330790284669876,0.06452227524941799,success,0.9998380556638433,0.9998380556638433,0.5,1.7074226661787475e-15,0.02,"[0.01, 0.02]",-0.0
0.06182117460132867,0.0,2.0210710274381158e-05,typ,1.2494498486893847e-06,True,0.25,0.75,7.730682475794794e-09,True,False,43,0.5,196,0.0020210710274381157,0.0020210710274381157,0.0,3.2692213314799727,0.993724124682991,-0.0010593421727218845,-0.0010593421727218845,0.8378349727542258,0.0,0.8202628282997487,0.8202628282997487,0.06182117460132867,success,0.9998226154480017,0.702256708493399,0.5,1.0081903612135937e-15,0.01,"[0.01, 0.02]",-0.0
0.06145877018070214,-1.0842021724855044e-19,7.886055849254582e-05,typ,4.846672940715192e-06,True,0.25,0.75,7.730682475794794e-09,True,False,43,0.5,196,0.0039430279246272905,0.0039430279246272905,0.0,3.207864323540751,0.9750738306755282,-0.0010593421727218845,-0.0010593421727218845,0.8378349727542258,0.0,0.8202628282997487,0.8202628282997487,0.06145877018070214,success,0.9998226154480017,0.702256708493399,0.5,1.0081903612135937e-15,0.02,"[0.01, 0.02]",8.820565147152428e-17
0.0500929676006468,-5.421010862427522e-20,1.643725850181665e-05,arith,8.233910575749576e-07,True,0.25,1.0,8.509940783326796e-09,True,False,44,0.5,253,0.001643725850181665,0.001643725850181665,0.0,3.2813505146787136,0.9974109542779246,-9.550746578589628e-06,-9.550746578589628e-06,0.7638328296226966,0.0,0.7221314461995857,0.7638328296226966,0.0500929676006468,success,0.9998377290460072,0.9998377290460072,0.5,2.491363612717764e-15,0.01,"[0.01, 0.02]",1.0821900003300115e-16
0.04997021585526375,1.0842021724855044e-19,6.505336653856147e-05,arith,3.2507307680435086e-06,True,0.25,1.0,8.509940783326796e-09,True,False,44,0.5,253,0.0032526683269280734,0.0032526683269280734,0.0,3.254607040671253,0.9892819129544925,-9.550746578589628e-06,-9.550746578589628e-06,0.7638328296226966,0.0,0.7221314461995857,0.7638328296226966,0.04997021585526375,success,0.9998377290460072,0.9998377290460072,0.5,2.491363612717764e-15,0.02,"[0.01, 0.02]",-1.0848483981196342e-16
0.04347281240859241,0.0,1.4225260595643014e-05,typ,6.184120853377303e-07,True,0.25,1.0,8.101226434179685e-09,True,False,45,0.5,202,0.0014225260595643013,0.0014225260595643013,0.0,3.2722199939453165,0.9946356087739884,-0.0022665142641915474,-0.0022665142641915474,0.7738518894581127,0.0,0.7261430005198735,0.7261430005198735,0.04347281240859241,success,0.9996216801077628,0.5587233179886963,0.5,9.560831879802796e-16,0.01,"[0.01, 0.02]",-0.0
0.043254462974957275,0.0,5.56984333155044e-05,typ,2.409205821608612e-06,True,0.25,1.0,8.101226434179685e-09,True,False,45,0.5,202,0.00278492166577522,0.00278492166577522,0.0,3.2192304264505447,0.9785287116761909,-0.0022665142641915474,-0.0022665142641915474,0.7738518894581127,0.0,0.7261430005198735,0.7261430005198735,0.043254462974957275,success,0.9996216801077628,0.5587233179886963,0.5,9.560831879802796e-16,0.02,"[0.01, 0.02]",-0.0
0.03580763807558776,0.0,1.1768310458994873e-05,arith,4.2139540167684253e-07,True,0.25,1.25,8.721623457504962e-09,True,False,46,0.5,208,0.0011768310458994873,0.0011768310458994873,0.0,3.286536362480173,0.9989872629902231,-1.2768056319243564e-05,-1.2768056319243564e-05,0.6744219955710861,0.0,0.5728128745194278,0.6744219955710861,0.03580763807558776,success,0.9998392088126041,0.9998392088126041,0.5,2.712102876606145e-15,0.01,"[0.01, 0.02]",-0.0
0.03577328693845918,-1.0842021724855044e-19,4.687799558910948e-05,arith,1.6769799873090371e-06,True,0.25,1.25,8.721623457504962e-09,True,False,46,0.5,208,0.0023438997794554737,0.0023438997794554737,0.0,3.276047548395101,0.9957990458159114,-1.2768056319243564e-05,-1.2768056319243564e-05,0.6744219955710861,0.0,0.5728128745194278,0.6744219955710861,0.03577328693845918,success,0.9998392088126041,0.9998392088126041,0.5,2.712102876606145e-15,0.02,"[0.01, 0.02]",1.5153795824670212e-16
0.022375288964744583,-2.710505431213761e-20,7.320273287643474e-06,typ,1.6379323011192358e-07,True,0.25,1.25,8.577144508268348e-09,True,False,47,0.5,229,0.0007320273287643475,0.0007320273287643475,0.0,3.2715882682800634,0.9944435871975664,-0.004833651472526339,-0.004833651472526339,0.6952294510504458,0.0,0.5566195872350983,0.5566195872350983,0.022375288964744583,success,0.9997110648150032,0.418521065278611,0.5,1.1609092618634067e-15,0.01,"[0.01, 0.02]",1.2113834308395052e-16
0.022258986092670262,-5.421010862427522e-20,2.864207401976963e-05,typ,6.375435272712844e-07,True,0.25,1.25,8.577144508268348e-09,True,False,47,0.5,229,0.0014321037009884816,0.0014321037009884816,0.0,3.216911352175344,0.9778237976246374,-0.004833651472526339,-0.004833651472526339,0.6952294510504458,0.0,0.5566195872350983,0.5566195872350983,0.022258986092670262,success,0.9997110648150032,0.418521065278611,0.5,1.1609092618634067e-15,0.02,"[0.01, 0.02]",1.2177128912921657e-16
0.026024265039418987,0.0,8.557852641481307e-06,arith,2.227118253102014e-07,True,0.25,1.5,8.544479647785924e-09,True,False,48,0.5,188,0.0008557852641481307,0.0008557852641481307,0.0,3.28841280570987,0.9995576333374349,-1.676972129842488e-05,-1.676972129842488e-05,0.5929160419476406,0.0,0.43059929599969826,0.5929160419476406,0.026024265039418987,success,0.9998381798983504,0.9998381798983504,0.5,1.8661653480011982e-15,0.01,"[0.01, 0.02]",-0.0
0.0260133831492442,-1.6263032587282567e-19,3.4169910651976506e-05,arith,8.888749779653056e-07,True,0.25,1.5,8.544479647785924e-09,True,False,48,0.5,188,0.0017084955325988253,0.0017084955325988253,0.0,3.283878000021816,0.9981792176977299,-1.676972129842488e-05,-1.676972129842488e-05,0.5929160419476406,0.0,0.43059929599969826,0.5929160419476406,0.0260133831492442,success,0.9998381798983504,0.9998381798983504,0.5,1.8661653480011982e-15,0.02,"[0.01, 0.02]",3.1258972533442034e-16
0.00790640718479206,-6.776263578034403e-21,2.582452992947642e-06,typ,2.0417924897828997e-08,True,0.25,1.5,8.292379323802232e-09,True,False,49,0.5,193,0.0002582452992947642,0.0002582452992947642,0.0,3.2662787693441575,0.9928296930473652,-0.015963320681330908,-0.015963320681330908,0.6228689860521363,0.0,0.3469183845455417,0.3469183845455417,0.00790640718479206,success,0.998757544534847,0.2455074217901624,0.5,2.189156309182774e-15,0.01,"[0.01, 0.02]",8.570597769197259e-17
0.007853472716928087,-1.3552527156068805e-20,1.0040456125944022e-05,typ,7.885244825061485e-08,True,0.25,1.5,8.292379323802232e-09,True,False,49,0.5,193,0.0005020228062972011,0.0005020228062972011,0.0,3.1961835508455745,0.971523301529531,-0.015963320681330908,-0.015963320681330908,0.6228689860521363,0.0,0.3469183845455417,0.3469183845455417,0.007853472716928087,success,0.998757544534847,0.2455074217901624,0.5,2.189156309182774e-15,0.02,"[0.01, 0.02]",8.628365848178515e-17
0.018534001446156426,-2.710505431213761e-20,6.09626918382417e-06,arith,1.1298826186915602e-07,True,0.25,1.8,8.167867355832747e-09,True,False,50,0.5,171,0.0006096269183824169,0.0006096269183824169,0.0,3.2892353016884064,0.999807642135694,-2.2671053197102905e-05,-2.2671053197102905e-05,0.5125380043309706,0.0,0.29959615009215607,0.5125380043309706,0.018534001446156426,success,0.9998364053643225,0.9998364053643225,0.5,2.246188955104205e-15,0.01,"[0.01, 0.02]",1.462450210273327e-16
0.01853064017339362,-5.421010862427522e-20,2.436620687452262e-05,arith,4.515214119822486e-07,True,0.25,1.8,8.167867355832747e-09,True,False,50,0.5,171,0.001218310343726131,0.001218310343726131,0.0,3.2872861712446033,0.9992151775247756,-2.2671053197102905e-05,-2.2671053197102905e-05,0.5125380043309706,0.0,0.29959615009215607,0.5125380043309706,0.01853064017339362,success,0.9998364053643225,0.9998364053643225,0.5,2.246188955104205e-15,0.02,"[0.01, 0.02]",1.4627154841123717e-16
0.0005406370070190035,-1.2705494208814505e-21,1.7540100800504006e-07,typ,9.482827599596113e-11,True,0.25,1.8,8.149408504648016e-09,True,False,51,0.5,226,1.7540100800504006e-05,1.7540100800504006e-05,0.0,3.2443396535538063,0.9861610015075312,-0.29762679745673654,-0.29762679745673654,0.5330437397638559,0.0,0.09256523178348186,0.09256523178348186,0.0005406370070190035,success,1.0008861526781545,0.05800485942349713,0.5,6.355517212555395e-15,0.01,"[0.01, 0.02]",2.350097023300498e-16
0.0005330236800859319,-8.470329472543003e-22,6.581371978008301e-07,typ,3.5080271117324133e-10,True,0.25,1.8,8.149408504648016e-09,True,False,51,0.5,226,3.29068598900415e-05,3.29068598900415e-05,0.0,3.0868103162636595,0.938277824769639,-0.29762679745673654,-0.29762679745673654,0.5330437397638559,0.0,0.09256523178348186,0.09256523178348186,0.0005330236800859319,success,1.0008861526781545,0.05800485942349713,0.5,6.355517212555395e-15,0.02,"[0.01, 0.02]",7.945547063854134e-17
0.015153130291694537,2.710505431213761e-20,4.9846047767987996e-06,arith,7.553236563543518e-08,True,0.25,2.0,8.431421407437682e-09,True,False,52,0.5,156,0.00049846047767988,0.00049846047767988,0.0,3.289488495674634,0.999884603878821,-2.7317057400552203e-05,-2.7317057400552203e-05,0.4685440033159948,0.0,0.23586423316271077,0.4685440033159948,0.015153130291694537,success,0.9998361828571691,0.9998361828571691,0.5,2.4040001965772765e-15,0.01,"[0.01, 0.02]",-1.7887429059455754e-16
0.01515144875627111,5.421010862427522e-20,1.9928821857249214e-05,arith,3.019505231429671e-07,True,0.25,2.0,8.431421407437682e-09,True,False,52,0.5,156,0.0009964410928624606,0.0009964410928624606,0.0,3.288270015928472,0.999514230448445,-2.7317057400552203e-05,-2.7317057400552203e-05,0.4685440033159948,0.0,0.23586423316271077,0.4685440033159948,0.01515144875627111,success,0.9998361828571691,0.9998361828571691,0.5,2.4040001965772765e-15,0.02,"[0.01, 0.02]",-1.7889414238964418e-16
2.968533563617992e-05,-2.6469779601696886e-23,1.0212290652132387e-08,typ,3.0315527562277263e-13,True,0.25,2.0,7.567904264652463e-09,True,False,53,0.5,157,1.0212290652132388e-06,1.0212290652132388e-06,0.0,3.4401802887772788,1.0456894164058597,-2.4469844801895366,-2.4469844801895366,0.2156272337103278,0.0,0.019680980279587902,0.019680980279587902,2.968533563617992e-05,success,0.9987753360259386,0.019715446949410555,0.5,7.806181620755675e-15,0.01,"[0.01, 0.02]",8.916786364185833e-17
3.0013808566827004e-05,5.293955920339377e-23,3.786874083882237e-08,typ,1.1365851382031984e-12,True,0.25,2.0,7.567904264652463e-09,True,False,53,0.5,157,1.8934370419411184e-06,1.8934370419411184e-06,0.0,3.1542765352909163,0.9587850962727835,-2.4469844801895366,-2.4469844801895366,0.2156272337103278,0.0,0.019680980279587902,0.019680980279587902,3.0013808566827004e-05,success,0.9987753360259386,0.019715446949410555,0.5,7.806181620755675e-15,0.02,"[0.01, 0.02]",-8.819200516575832e-17
1.83848667298962e-07,2.0679515313825692e-25,6.790239291079472e-11,arith,1.2483764443060095e-17,True,0.5,0.0,9.41605245715151e-09,True,False,54,1.0,569,6.790239291079472e-09,6.790239291079472e-09,0.0,3.6933851035415195,1.122654451013415,-1.5815563454299898e-05,-1.5815563454299898e-05,0.0016976366302795848,0.0,0.0016976366302795846,0.0016976366302795848,1.83848667298962e-07,success,0.999835382282857,0.999835382282857,0.5,1.8836786814523072e-15,0.01,"[0.01, 0.02]",-1.1248118149367974e-16
1.6985720479535159e-06,-2.117582368135751e-22,7.679698252833999e-08,arith,1.3044520788981284e-13,True,0.5,0.0,9.41605245715151e-09,True,False,54,1.0,569,3.839849126416999e-06,3.839849126416999e-06,0.0,113.03168243711974,34.357511560841445,-1.5815563454299898e-05,-1.5815563454299898e-05,0.0016976366302795848,0.0,0.0016976366302795846,0.0016976366302795848,1.6985720479535159e-06,success,0.999835382282857,0.999835382282857,0.5,1.8836786814523072e-15,0.02,"[0.01, 0.02]",6.2334193321003646e-15
1.83848785792539e-07,-2.0679515313825692e-25,6.79033646418727e-11,typ,1.2483951140636321e-17,True,0.5,0.0,9.451057506327786e-09,True,False,55,1.0,278,6.79033646418727e-09,6.79033646418727e-09,0.0,3.693435578002515,1.1226697934098104,-2.028333082848793e-05,-2.028333082848793e-05,0.0016976366302795848,0.0,0.0016976366302795846,0.0016976366302795846,1.83848785792539e-07,success,0.9998258159695499,0.9998258159695499,0.5,3.842694002108979e-15,0.01,"[0.01, 0.02]",1.1248110899770169e-16
1.6987840814448946e-06,-2.6469779601696886e-23,7.680602256186048e-08,typ,1.30476848487186e-13,True,0.5,0.0,9.451057506327786e-09,True,False,55,1.0,278,3.840301128093024e-06,3.840301128093024e-06,0.0,113.03087808624475,34.35726706749329,-2.028333082848793e-05,-2.028333082848793e-05,0.0016976366302795848,0.0,0.0016976366302795846,0.0016976366302795846,1.6987840814448946e-06,success,0.9998258159695499,0.9998258159695499,0.5,3.842694002108979e-15,0.02,"[0.01, 0.02]",7.790801635951023e-16
2.206025299242855e-07,-4.1359030627651384e-25,1.0291348237811385e-10,arith,2.2702974575930288e-17,True,0.5,0.25,9.359490478817763e-09,True,False,56,1.0,477,1.0291348237811385e-08,1.0291348237811385e-08,0.0,4.665108891245966,1.418023064044306,-1.6209511520639533e-05,-1.6209511520639533e-05,0.001851962975229463,0.0,0.001848979124266126,0.001851962975229463,2.206025299242855e-07,success,0.9998408491504733,0.9998408491504733,0.5,2.1785854063057914e-15,0.01,"[0.01, 0.02]",1.8748212290152113e-16
4.38891008503858e-06,-3.705769144237564e-22,1.6700782129468615e-07,arith,7.32982311160569e-13,True,0.5,0.25,9.359490478817763e-09,True,False,56,1.0,477,8.350391064734308e-06,8.350391064734308e-06,0.0,95.13057801297956,28.916228294564526,-1.6209511520639533e-05,-1.6209511520639533e-05,0.001851962975229463,0.0,0.001848979124266126,0.001851962975229463,4.38891008503858e-06,success,0.9998408491504733,0.9998408491504733,0.5,2.1785854063057914e-15,0.02,"[0.01, 0.02]",4.221741927306981e-15
2.1793369506495245e-07,4.1359030627651384e-25,8.084611789631064e-11,typ,1.7619093204799758e-17,True,0.5,0.25,8.891177988730409e-09,True,False,57,1.0,254,8.084611789631064e-09,8.084611789631064e-09,0.0,3.7096658170374,1.1276031944992482,-0.00019040881216067767,-0.00019040881216067767,0.0018508786120812087,0.0,0.0018478965080954343,0.0018478965080954343,2.1793369506495245e-07,success,0.9998267361057998,0.9259984296308641,0.5,2.628640675711045e-15,0.01,"[0.01, 0.02]",-1.8977804517711148e-16
1.7647408998686304e-06,-7.940933880509066e-23,7.477611585734785e-08,typ,1.31960469986777e-13,True,0.5,0.25,8.891177988730409e-09,True,False,57,1.0,254,3.7388057928673926e-06,3.7388057928673926e-06,0.0,105.93072878703366,32.19908047439314,-0.00019040881216067767,-0.00019040881216067767,0.0018508786120812087,0.0,0.0018478965080954343,0.0018478965080954343,1.7647408998686304e-06,success,0.9998267361057998,0.9259984296308641,0.5,2.628640675711045e-15,0.02,"[0.01, 0.02]",2.249886621061539e-15
6.63820706013911e-07,9.926167350636332e-24,3.4196105669477724e-09,arith,2.270008300843901e-15,True,0.5,0.5,9.224569740172506e-09,True,False,58,1.0,372,3.4196105669477723e-07,3.4196105669477723e-07,0.0,51.51406902447709,15.65839934337932,-1.7396101935052664e-05,-1.7396101935052664e-05,0.002546412884214213,0.0,0.0024735496907830343,0.002546412884214213,6.63820706013911e-07,success,0.9998355637464977,0.9998355637464977,0.5,1.934669204300306e-15,0.01,"[0.01, 0.02]",-1.4953084862689294e-15
5.9764955397734124e-05,1.6940658945086007e-21,1.1496424563560378e-06,arith,6.87083301274601e-11,True,0.5,0.5,9.224569740172506e-09,True,False,58,1.0,372,5.748212281780189e-05,5.748212281780189e-05,0.0,48.0901578820397,14.617655154465485,-1.7396101935052664e-05,-1.7396101935052664e-05,0.002546412884214213,0.0,0.0024735496907830343,0.002546412884214213,5.9764955397734124e-05,success,0.9998355637464977,0.9998355637464977,0.5,1.934669204300306e-15,0.02,"[0.01, 0.02]",-1.4172736206650194e-15
3.8066902881636877e-07,1.2407709188295415e-24,1.4443609232092022e-10,typ,5.4982346989836076e-17,True,0.5,0.5,7.577132251761545e-09,True,False,59,1.0,241,1.4443609232092022e-08,1.4443609232092022e-08,0.0,3.794269598712084,1.1533196603989389,-0.0010283033273462937,-0.0010283033273462937,0.002510497829835941,0.0,0.0024386621969995177,0.0024386621969995177,3.8066902881636877e-07,success,0.999830020147185,0.7100670454701036,0.5,1.5033904486166672e-15,0.01,"[0.01, 0.02]",-3.259448037281956e-16
2.061900795022861e-06,-1.0587911840678754e-22,6.875724454964873e-08,typ,1.41770617200502e-13,True,0.5,0.5,7.577132251761545e-09,True,False,59,1.0,241,3.4378622274824365e-06,3.4378622274824365e-06,0.0,83.36633449535867,25.34032706097838,-0.0010283033273462937,-0.0010283033273462937,0.002510497829835941,0.0,0.0024386621969995177,0.0024386621969995177,2.061900795022861e-06,success,0.999830020147185,0.7100670454701036,0.5,1.5033904486166672e-15,0.02,"[0.01, 0.02]",2.567512429850283e-15
0.0002873133591678957,1.1011428314305904e-20,6.036194905321258e-07,arith,1.7342794348399888e-10,True,0.5,0.75,8.98301419540435e-09,True,False,60,1.0,320,6.036194905321258e-05,6.036194905321258e-05,0.0,21.009099342971798,6.38600043806809,-1.9389736969377316e-05,-1.9389736969377316e-05,0.006788471706537367,0.0,0.0055575365677833334,0.006788471706537367,0.0002873133591678957,success,0.9998349815127935,0.9998349815127935,0.5,1.9952234259046616e-15,0.01,"[0.01, 0.02]",-3.832550058304535e-15
0.001623991464730729,4.743384504624082e-20,7.896116917653426e-06,arith,1.2823226478785075e-08,True,0.5,0.75,8.98301419540435e-09,True,False,60,1.0,320,0.0003948058458826713,0.0003948058458826713,0.0,12.155416283180198,3.6948034964314913,-1.9389736969377316e-05,-1.9389736969377316e-05,0.006788471706537367,0.0,0.0055575365677833334,0.006788471706537367,0.001623991464730729,success,0.9998349815127935,0.9998349815127935,0.5,1.9952234259046616e-15,0.02,"[0.01, 0.02]",-1.460409308681488e-15
1.3084314597112162e-06,4.963083675318166e-24,5.644034089145452e-10,typ,7.384831761920448e-16,True,0.5,0.75,7.947021450624847e-09,True,False,61,1.0,200,5.6440340891454515e-08,5.6440340891454515e-08,0.0,4.313587882082219,1.3111734898734462,-0.005887984800900727,-0.005887984800900727,0.0054675030428807244,0.0,0.004476010319000265,0.004476010319000265,1.3084314597112162e-06,success,0.9997480768468198,0.38603054173523316,0.5,2.593587724928235e-15,0.01,"[0.01, 0.02]",-3.793155261196156e-16
3.751735286185953e-06,-5.293955920339377e-23,6.285074137842428e-08,typ,2.3579934419238193e-13,True,0.5,0.75,7.947021450624847e-09,True,False,61,1.0,200,3.1425370689212137e-06,3.1425370689212137e-06,0.0,41.88111406063439,12.730332146649694,-0.005887984800900727,-0.005887984800900727,0.0054675030428807244,0.0,0.004476010319000265,0.004476010319000265,3.751735286185953e-06,success,0.9997480768468198,0.38603054173523316,0.5,2.593587724928235e-15,0.02,"[0.01, 0.02]",7.055343083281949e-16
0.015284578658753928,0.0,5.028047272046876e-06,arith,7.685158402953358e-08,True,0.5,1.0,8.73067860201248e-09,True,False,62,1.0,248,0.0005028047272046876,0.0005028047272046876,0.0,3.2896211170120577,0.999924915931473,-2.221497707820567e-05,-2.221497707820567e-05,0.4703694800338262,0.0,0.30709996386793953,0.4703694800338262,0.015284578658753928,success,0.9998356337928592,0.9998356337928592,0.5,2.383339499270632e-15,0.01,"[0.01, 0.02]",-0.0
0.015283499508758075,0.0,2.0106176034956977e-05,arith,3.072927315532683e-07,True,0.5,1.0,8.73067860201248e-09,True,False,62,1.0,248,0.0010053088017478488,0.0010053088017478488,0.0,3.288869807506342,0.9996965452262704,-2.221497707820567e-05,-2.221497707820567e-05,0.4703694800338262,0.0,0.30709996386793953,0.4703694800338262,0.015283499508758075,success,0.9998356337928592,0.9998356337928592,0.5,2.383339499270632e-15,0.02,"[0.01, 0.02]",-0.0
0.0008603777456993881,8.470329472543003e-22,2.8304096998625e-07,typ,2.43522151697338e-10,True,0.5,1.0,8.167869709946103e-09,True,False,63,1.0,214,2.8304096998625e-05,2.8304096998625e-05,0.0,3.289729091681355,0.9999577362953628,-0.054304899678487666,-0.054304899678487666,0.49237080797045624,0.0,0.11699749101051721,0.11699749101051721,0.0008603777456993881,success,1.000363818461905,0.13682650015218467,0.5,8.820976209576227e-15,0.01,"[0.01, 0.02]",-9.844896052788534e-17
0.0008603162213934793,0.0,1.1314165915057613e-06,typ,9.733760468261262e-10,True,0.5,1.0,8.167869709946103e-09,True,False,63,1.0,214,5.6570829575288064e-05,5.6570829575288064e-05,0.0,3.2877928003995227,0.999369174321708,-0.054304899678487666,-0.054304899678487666,0.49237080797045624,0.0,0.11699749101051721,0.11699749101051721,0.0008603162213934793,success,1.000363818461905,0.13682650015218467,0.5,8.820976209576227e-15,0.02,"[0.01, 0.02]",-0.0
0.025014904454299138,1.0842021724855044e-19,8.156154036421792e-06,arith,2.0402541393563738e-07,True,0.5,1.25,8.537148253835475e-09,True,False,64,1.0,213,0.0008156154036421793,0.0008156154036421793,0.0,3.2605177650478896,0.9910785577245659,-2.5907416567209907e-05,-2.5907416567209907e-05,0.5838243387775842,0.0,0.4234670174905583,0.5838243387775842,0.025014904454299138,success,0.9998361206219077,0.9998361206219077,0.5,1.6597441071144477e-15,0.01,"[0.01, 0.02]",-4.334224719771696e-16
0.024804485779745474,5.421010862427522e-20,3.14532927050421e-05,arith,7.801827516283888e-07,True,0.5,1.25,8.537148253835475e-09,True,False,64,1.0,213,0.001572664635252105,0.001572664635252105,0.0,3.1701214232312185,0.9636013646751584,-2.5907416567209907e-05,-2.5907416567209907e-05,0.5838243387775842,0.0,0.4234670174905583,0.5838243387775842,0.024804485779745474,success,0.9998361206219077,0.9998361206219077,0.5,1.6597441071144477e-15,0.02,"[0.01, 0.02]",-1.0927480840691607e-16
0.008565286193562978,1.3552527156068805e-20,2.7652353276995647e-06,typ,2.368503197429768e-08,True,0.5,1.25,8.500779027331672e-09,True,False,65,1.0,231,0.00027652353276995644,0.00027652353276995644,0.0,3.228421403802836,0.9813224337886832,-0.03702505085216637,-0.03702505085216637,0.6508862233421638,0.0,0.3609131863490898,0.3609131863490898,0.008565286193562978,success,1.0002186394681427,0.1664486556049572,0.5,2.4162343797736113e-15,0.01,"[0.01, 0.02]",-1.5822620341926063e-16
0.008415667914954003,0.0,1.0241876214512558e-05,typ,8.61922290474039e-08,True,0.5,1.25,8.500779027331672e-09,True,False,65,1.0,231,0.0005120938107256278,0.0005120938107256278,0.0,3.042502484061164,0.9248098587594901,-0.03702505085216637,-0.03702505085216637,0.6508862233421638,0.0,0.3609131863490898,0.3609131863490898,0.008415667914954003,success,1.0002186394681427,0.1664486556049572,0.5,2.4162343797736113e-15,0.02,"[0.01, 0.02]",-0.0
0.02265385618605536,0.0,7.433149691406593e-06,arith,1.6838950411854672e-07,True,0.5,1.5,8.01735448726944e-09,True,False,66,1.0,192,0.0007433149691406592,0.0007433149691406592,0.0,3.2811851679283137,0.9973606948925388,-3.051499574152649e-05,-3.051499574152649e-05,0.5593514394009015,0.0,0.41411402922976226,0.5593514394009015,0.02265385618605536,success,0.999836039570676,0.999836039570676,0.5,1.2242058362096854e-15,0.01,"[0.01, 0.02]",-0.0
0.02259678382736132,5.421010862427522e-20,2.940164236359154e-05,arith,6.643825566594668e-07,True,0.5,1.5,8.01735448726944e-09,True,False,66,1.0,192,0.001470082118179577,0.001470082118179577,0.0,3.252856976043484,0.988749957095884,-3.051499574152649e-05,-3.051499574152649e-05,0.5593514394009015,0.0,0.41411402922976226,0.5593514394009015,0.02259678382736132,success,0.999836039570676,0.999836039570676,0.5,1.2242058362096854e-15,0.02,"[0.01, 0.02]",-1.1995093867879309e-16
0.007526410891052688,1.3552527156068805e-20,2.4448350606379255e-06,typ,1.840083322721274e-08,True,0.5,1.5,8.540827988536352e-09,True,False,67,1.0,214,0.0002444835060637925,0.0002444835060637925,0.0,3.2483412027694603,0.9873773266163305,-0.03345425896854566,-0.03345425896854566,0.5991637718082876,0.0,0.33917660423885293,0.33917660423885293,0.007526410891052688,success,0.9990449452523191,0.17532991518159521,0.5,2.410555815615013e-15,0.01,"[0.01, 0.02]",-1.8006626733839227e-16
0.007437709308073468,1.3552527156068805e-20,9.294723612508422e-06,typ,6.913145232872414e-08,True,0.5,1.5,8.540827988536352e-09,True,False,67,1.0,214,0.0004647361806254211,0.0004647361806254211,0.0,3.1241889227975093,0.9496395587403715,-0.03345425896854566,-0.03345425896854566,0.5991637718082876,0.0,0.33917660423885293,0.33917660423885293,0.007437709308073468,success,0.9990449452523191,0.17532991518159521,0.5,2.410555815615013e-15,0.02,"[0.01, 0.02]",-9.1106862306099e-17
0.017525251184496944,-2.710505431213761e-20,5.761215725618094e-06,arith,1.0096675271953091e-07,True,0.5,1.8,8.03064789569918e-09,True,False,68,1.0,173,0.0005761215725618093,0.0005761215725618093,0.0,3.2873798298049715,0.9992436463133598,-3.734070119395692e-05,-3.734070119395692e-05,0.5000642519953002,0.0,0.33881479598518754,0.5000642519953002,0.017525251184496944,success,0.9998337118987459,0.9998337118987459,0.5,1.5833769678943017e-15,0.01,"[0.01, 0.02]",1.546628577632889e-16
0.017512661203555074,-8.131516293641283e-20,2.297276403351479e-05,arith,4.023142334281598e-07,True,0.5,1.8,8.03064789569918e-09,True,False,68,1.0,173,0.0011486382016757395,0.0011486382016757395,0.0,3.2794507594384505,0.996833497929202,-3.734070119395692e-05,-3.734070119395692e-05,0.5000642519953002,0.0,0.33881479598518754,0.5000642519953002,0.017512661203555074,success,0.9998337118987459,0.9998337118987459,0.5,1.5833769678943017e-15,0.02,"[0.01, 0.02]",2.321610690438808e-16
0.0023306427405189634,6.776263578034403e-21,7.551735272487856e-07,typ,1.7600396991144818e-09,True,0.5,1.8,8.056463564270069e-09,True,False,69,1.0,214,7.551735272487856e-05,7.551735272487856e-05,0.0,3.2401942782557547,0.9849009585120102,-0.09982854936224488,-0.09982854936224488,0.5323516349091058,0.0,0.19202468810187384,0.19202468810187384,0.0023306427405189634,success,0.9973071128087996,0.10237177797457873,0.5,3.706116817098089e-15,0.01,"[0.01, 0.02]",-2.907465593171751e-16
0.0022977543020109683,0.0,2.8429041865757487e-06,typ,6.532295324909419e-09,True,0.5,1.8,8.056463564270069e-09,True,False,69,1.0,214,0.00014214520932878742,0.00014214520932878742,0.0,3.0931333520817166,0.9401997971895343,-0.09982854936224488,-0.09982854936224488,0.5323516349091058,0.0,0.19202468810187384,0.19202468810187384,0.0022977543020109683,success,0.9973071128087996,0.10237177797457873,0.5,3.706116817098089e-15,0.02,"[0.01, 0.02]",-0.0
0.014648593686145416,2.710505431213761e-20,4.817355437020468e-06,arith,7.056748243865633e-08,True,0.5,2.0,7.813657999376016e-09,True,False,70,1.0,154,0.0004817355437020468,0.0004817355437020468,0.0,3.2886129141370786,0.9996184590055396,-4.274082859370785e-05,-4.274082859370785e-05,0.4614535212952353,0.0,0.28284222235188294,0.4614535212952353,0.014648593686145416,success,0.9998344406766816,0.9998344406766816,0.5,1.8945331785192302e-15,0.01,"[0.01, 0.02]",-1.8503519786867643e-16
0.014643310255686246,-2.710505431213761e-20,1.923947476475184e-05,arith,2.8172959813670735e-07,True,0.5,2.0,7.813657999376016e-09,True,False,70,1.0,154,0.000961973738237592,0.000961973738237592,0.0,3.2846867321685043,0.9984250427927861,-4.274082859370785e-05,-4.274082859370785e-05,0.4614535212952353,0.0,0.28284222235188294,0.4614535212952353,0.014643310255686246,success,0.9998344406766816,0.9998344406766816,0.5,1.8945331785192302e-15,0.02,"[0.01, 0.02]",9.255098006822692e-17
0.0003621212154149534,2.117582368135751e-21,1.1621535339681338e-07,typ,4.20840450219324e-11,True,0.5,2.0,8.396857822799065e-09,True,False,71,1.0,235,1.1621535339681338e-05,1.1621535339681338e-05,0.0,3.209294248712896,0.9755084758084133,-0.5470046475665127,-0.5470046475665127,0.4856226217296983,0.0,0.07617152877302817,0.07617152877302817,0.0003621212154149534,success,1.0006582474548287,0.04344555823802875,0.5,6.961286364601456e-15,0.01,"[0.01, 0.02]",-5.84771694668378e-16
0.000354450382308202,1.6940658945086007e-21,4.2797752838124723e-07,typ,1.5169679855405245e-10,True,0.5,2.0,8.396857822799065e-09,True,False,71,1.0,235,2.139887641906236e-05,2.139887641906236e-05,0.0,3.0185997091767263,0.9175442864286074,-0.5470046475665127,-0.5470046475665127,0.4856226217296983,0.0,0.07617152877302817,0.07617152877302817,0.000354450382308202,success,1.0006582474548287,0.04344555823802875,0.5,6.961286364601456e-15,0.02,"[0.01, 0.02]",-2.389708093241066e-16
7.222517806959361e-09,6.462348535570529e-27,2.3946850110449947e-12,arith,1.729565513433115e-20,True,1.0,0.0,9.429965031486414e-09,True,False,72,2.0,567,2.3946850110449947e-10,2.3946850110449947e-10,0.0,3.3155820103864078,1.007816081266778,-6.332867825265443e-05,-6.332867825265443e-05,0.00033953013319894276,0.0,0.00033953013319894276,0.00033953013319894276,7.222517806959361e-09,success,0.9998286791120548,0.9998286791120548,0.5,2.7531531055261146e-15,0.01,"[0.01, 0.02]",-8.94750100767303e-17
7.276191852003422e-09,1.2924697071141057e-26,9.887011545578096e-12,arith,7.19397928485991e-20,True,1.0,0.0,9.429965031486414e-09,True,False,72,2.0,567,4.943505772789047e-10,4.943505772789047e-10,0.0,3.397041937141821,1.0325769298616079,-6.332867825265443e-05,-6.332867825265443e-05,0.00033953013319894276,0.0,0.00033953013319894276,0.00033953013319894276,7.276191852003422e-09,success,0.9998286791120548,0.9998286791120548,0.5,2.7531531055261146e-15,0.02,"[0.01, 0.02]",-8.881498271367308e-17
7.222518259111747e-09,-4.200526548120844e-25,2.39468564506549e-12,typ,1.7295660796318294e-20,True,1.0,0.0,8.140722320870851e-09,True,False,73,2.0,290,2.39468564506549e-10,2.39468564506549e-10,0.0,3.315582680659083,1.0078162850052406,-6.759970784770103e-05,-6.759970784770103e-05,0.0003395301331989427,0.0,0.00033953013319894276,0.00033953013319894276,7.222518259111747e-09,success,0.999817615327723,0.999817615327723,0.5,1.6341419530286012e-09,0.01,"[0.01, 0.02]",5.81587529089534e-15
7.27619372725333e-09,-1.809457589959748e-24,9.887022595291854e-12,typ,7.193989178907453e-20,True,1.0,0.0,8.140722320870851e-09,True,False,73,2.0,290,4.943511297645927e-10,4.943511297645927e-10,0.0,3.397044858172048,1.032577817748328,-6.759970784770103e-05,-6.759970784770103e-05,0.0003395301331989427,0.0,0.00033953013319894276,0.00033953013319894276,7.27619372725333e-09,success,0.999817615327723,0.999817615327723,0.5,1.6341419530286012e-09,0.02,"[0.01, 0.02]",1.24340943753486e-14
7.470162864725694e-09,-1.9387045606711586e-26,2.477588269295138e-12,arith,1.8507987883368543e-20,True,1.0,0.25,9.502631633878832e-09,True,False,74,2.0,470,2.477588269295138e-10,2.477588269295138e-10,0.0,3.316645586128215,1.0081393695259377,-6.393828525003663e-05,-6.393828525003663e-05,0.00034528486417527936,0.0,0.000345250891297385,0.00034528486417527936,7.470162864725694e-09,success,0.9998279965527874,0.9998279965527874,0.5,3.594770445483641e-15,0.01,"[0.01, 0.02]",2.595264113752824e-16
7.528018412985325e-09,-2.5849394142282115e-26,1.024341124126874e-11,arith,7.711258843605194e-20,True,1.0,0.25,9.502631633878832e-09,True,False,74,2.0,470,5.12170562063437e-10,5.12170562063437e-10,0.0,3.401762150182691,1.0340117025786426,-6.393828525003663e-05,-6.393828525003663e-05,0.00034528486417527936,0.0,0.000345250891297385,0.00034528486417527936,7.528018412985325e-09,success,0.9998279965527874,0.9998279965527874,0.5,3.594770445483641e-15,0.02,"[0.01, 0.02]",1.7168790459979247e-16
7.467778523903781e-09,-5.816113682013476e-26,2.4759235972540737e-12,typ,1.8489649066400565e-20,True,1.0,0.25,9.023368381705785e-09,True,False,75,2.0,263,2.4759235972540735e-10,2.4759235972540735e-10,0.0,3.3154753978426563,1.007783674939406,-0.00026401580549174084,-0.00026401580549174084,0.0003452825609534109,0.0,0.0003452485883021301,0.0003452485883021301,7.467778523903781e-09,success,0.9998185779144488,0.919351487669401,0.5,3.2322471290996053e-15,0.01,"[0.01, 0.02]",7.788278218745435e-16
7.523045270365022e-09,-3.877409121342317e-26,1.0221111125778374e-11,typ,7.689388171266231e-20,True,1.0,0.25,9.023368381705785e-09,True,False,75,2.0,263,5.110555562889187e-10,5.110555562889187e-10,0.0,3.396600298964584,1.03244268795303,-0.00026401580549174084,-0.00026401580549174084,0.0003452825609534109,0.0,0.0003452485883021301,0.0003452485883021301,7.523045270365022e-09,success,0.9998185779144488,0.919351487669401,0.5,3.2322471290996053e-15,0.02,"[0.01, 0.02]",2.5770209948199497e-16
8.294731646682454e-09,-6.462348535570529e-27,2.754037129281335e-12,arith,2.2843998932388386e-20,True,1.0,0.5,9.253096188867232e-09,True,False,76,2.0,360,2.7540371292813353e-10,2.7540371292813353e-10,0.0,3.3202245070614613,1.0092272310412942,-6.577805535581916e-05,-6.577805535581916e-05,0.0003637822073784764,0.0,0.00036319606930992307,0.0003637822073784764,8.294731646682454e-09,success,0.9998311873820488,0.9998311873820488,0.5,2.6524369285928377e-15,0.01,"[0.01, 0.02]",7.79090730217318e-17
8.367756085603907e-09,0.0,1.144078431765382e-11,arith,9.573369259812949e-20,True,1.0,0.5,9.253096188867232e-09,True,False,76,2.0,360,5.72039215882691e-10,5.72039215882691e-10,0.0,3.4181159801421632,1.0389826708043806,-6.577805535581916e-05,-6.577805535581916e-05,0.0003637822073784764,0.0,0.00036319606930992307,0.0003637822073784764,8.367756085603907e-09,success,0.9998311873820488,0.9998311873820488,0.5,2.6524369285928377e-15,0.02,"[0.01, 0.02]",-0.0
8.262273211765073e-09,1.2924697071141057e-26,2.7391274419292383e-12,typ,2.263141928706254e-20,True,1.0,0.5,7.50509061189839e-09,True,False,77,2.0,228,2.739127441929238e-10,2.739127441929238e-10,0.0,3.3152225443584395,1.0077068166964793,-0.0013179406149538028,-0.0013179406149538028,0.0003637403453707318,0.0,0.00036315427475087285,0.00036315427475087285,8.262273211765073e-09,success,0.9998203700375129,0.6794151676463687,0.5,2.082235702786609e-15,0.01,"[0.01, 0.02]",-1.5643027941434955e-16
8.322818128824838e-09,5.169878828456423e-26,1.130426304145419e-11,typ,9.408332537441953e-20,True,1.0,0.5,7.50509061189839e-09,True,False,77,2.0,228,5.652131520727095e-10,5.652131520727095e-10,0.0,3.395563517813624,1.03212754427285,-0.0013179406149538028,-0.0013179406149538028,0.0003637403453707318,0.0,0.00036315427475087285,0.00036315427475087285,8.322818128824838e-09,success,0.9998203700375129,0.6794151676463687,0.5,2.082235702786609e-15,0.02,"[0.01, 0.02]",-3.1058463301939274e-16
1.000790760831346e-08,2.5849394142282115e-26,3.3304649923344066e-12,arith,3.333098593600513e-20,True,1.0,0.75,8.899076053377719e-09,True,False,78,2.0,289,3.3304649923344064e-10,3.3304649923344064e-10,0.0,3.327833471971529,1.0115400790342375,-6.888137960485386e-05,-6.888137960485386e-05,0.00039944699013329374,0.0,0.0003960518073140192,0.00039944699013329374,1.000790760831346e-08,success,0.9998293006729433,0.9998293006729433,0.5,3.000103695054205e-15,0.01,"[0.01, 0.02]",-2.582896960480461e-16
1.0118927411250397e-08,5.169878828456423e-26,1.4025159081628452e-11,arith,1.4191956667823758e-19,True,1.0,0.75,8.899076053377719e-09,True,False,78,2.0,289,7.012579540814226e-10,7.012579540814226e-10,0.0,3.4650804654540357,1.0532581625272368,-6.888137960485386e-05,-6.888137960485386e-05,0.00039944699013329374,0.0,0.0003960518073140192,0.00039944699013329374,1.0118927411250397e-08,success,0.9998293006729433,0.9998293006729433,0.5,3.000103695054205e-15,0.02,"[0.01, 0.02]",-2.5545587088155523e-16
9.813830399405141e-09,-6.462348535570529e-26,3.2534151992591545e-12,typ,3.192846498437622e-20,True,1.0,0.75,8.14821471265589e-09,True,False,79,2.0,203,3.2534151992591546e-10,3.2534151992591546e-10,0.0,3.3151328959754163,1.0076795668556406,-0.010299610659755067,-0.010299610659755067,0.000399180880101467,0.0,0.00039578795911099,0.00039578795911099,9.813830399405141e-09,success,0.999721452375591,0.30784996539423404,0.5,3.7032459028973744e-15,0.01,"[0.01, 0.02]",6.584940102451983e-16
9.885509281283911e-09,-5.169878828456423e-26,1.342565716063582e-11,typ,1.327194584688012e-19,True,1.0,0.75,8.14821471265589e-09,True,False,79,2.0,203,6.712828580317909e-10,6.712828580317909e-10,0.0,3.395287177074027,1.0320435467603764,-0.010299610659755067,-0.010299610659755067,0.000399180880101467,0.0,0.00039578795911099,0.00039578795911099,9.885509281283911e-09,success,0.999721452375591,0.30784996539423404,0.5,3.7032459028973744e-15,0.02,"[0.01, 0.02]",2.6148773327462645e-16
1.3465212998464313e-08,2.5849394142282115e-26,4.5025448022545465e-12,arith,6.062772479748584e-20,True,1.0,1.0,8.511364106178888e-09,True,False,80,2.0,246,4.502544802254546e-10,4.502544802254546e-10,0.0,3.343834815511685,1.0164039042363062,-7.330577441353554e-05,-7.330577441353554e-05,0.0004629950404252338,0.0,0.0004497462205347761,0.0004629950404252338,1.3465212998464313e-08,success,0.9998292628774066,0.9998292628774066,0.5,3.530856577829529e-15,0.01,"[0.01, 0.02]",-1.9197166910935756e-16
1.3699186178589402e-08,5.169878828456423e-26,2.2694934936117998e-11,arith,3.109021390008534e-19,True,1.0,1.0,8.511364106178888e-09,True,False,80,2.0,246,1.1347467468058998e-09,1.1347467468058998e-09,0.0,4.141657511668128,1.2589129239701822,-7.330577441353554e-05,-7.330577441353554e-05,0.0004629950404252338,0.0,0.0004497462205347761,0.0004629950404252338,1.3699186178589402e-08,success,0.9998292628774066,0.9998292628774066,0.5,3.530856577829529e-15,0.02,"[0.01, 0.02]",-1.886929179974384e-16
1.2608043945043563e-08,0.0,4.181487815494518e-12,typ,5.2720382133419096e-20,True,1.0,1.0,8.4208673899719e-09,True,False,81,2.0,193,4.181487815494518e-10,4.181487815494518e-10,0.0,3.3165238269480586,1.0081023591731793,-0.725288934636111,-0.725288934636111,0.0004617937362743153,0.0,0.0004485792917485424,0.0004485792917485424,1.2608043945043563e-08,success,0.9997676665355457,0.037717195404867586,0.5,9.376295954917094e-15,0.01,"[0.01, 0.02]",-0.0
1.27053539009186e-08,-5.169878828456423e-26,1.7287776090447755e-11,typ,2.1964731338897766e-19,True,1.0,1.0,8.4208673899719e-09,True,False,81,2.0,193,8.643888045223878e-10,8.643888045223878e-10,0.0,3.4016714971626736,1.033984147364776,-0.725288934636111,-0.725288934636111,0.0004617937362743153,0.0,0.0004485792917485424,0.0004485792917485424,1.27053539009186e-08,success,0.9997676665355457,0.037717195404867586,0.5,9.376295954917094e-15,0.02,"[0.01, 0.02]",2.0345276758023403e-16
2.1355356466139995e-08,0.0,7.225301578303925e-12,arith,1.5429889078004423e-19,True,1.0,1.25,8.395727580919895e-09,True,False,82,2.0,218,7.225301578303925e-10,7.225301578303925e-10,0.0,3.383367348496387,1.0284203533394756,-7.913587027634744e-05,-7.913587027634744e-05,0.0005820499123369499,0.0,0.0005374689174369239,0.0005820499123369499,2.1355356466139995e-08,success,0.9998277113340033,0.9998277113340033,0.5,4.4876645474950385e-15,0.01,"[0.01, 0.02]",-0.0
2.4780050271134367e-08,-2.0679515313825692e-25,3.1117307648136293e-10,arith,7.710884478231713e-18,True,1.0,1.25,8.395727580919895e-09,True,False,82,2.0,218,1.5558653824068146e-08,1.5558653824068146e-08,0.0,31.393507385640806,9.542481980992799,-7.913587027634744e-05,-7.913587027634744e-05,0.0005820499123369499,0.0,0.0005374689174369239,0.0005820499123369499,2.4780050271134367e-08,success,0.9998277113340033,0.9998277113340033,0.5,4.4876645474950385e-15,0.02,"[0.01, 0.02]",4.172613672603142e-16
1.7794707433566223e-08,-1.809457589959748e-25,5.90986051245574e-12,typ,1.0516423879233563e-19,True,1.0,1.25,5.538695182968731e-09,True,False,83,2.0,68,5.90986051245574e-10,5.90986051245574e-10,0.0,3.321133845284777,1.0095036367166468,-5.53850605407245,-5.53850605407245,0.0005769992151400343,0.0,0.0005328050611981983,0.0005328050611981983,1.7794707433566223e-08,success,0.9994763340584756,0.013129729634580194,0.5,1.5261322935586678e-14,0.01,"[0.01, 0.02]",1.016851553595403e-15
1.7956574440367426e-08,-2.5849394142282115e-25,2.458727285640609e-11,typ,4.415031953316815e-19,True,1.0,1.25,5.538695182968731e-09,True,False,83,2.0,68,1.2293636428203044e-09,1.2293636428203044e-09,0.0,3.423157481687106,1.0405151035159852,-5.53850605407245,-5.53850605407245,0.0005769992151400343,0.0,0.0005328050611981983,0.0005328050611981983,1.7956574440367426e-08,success,0.9994763340584756,0.013129729634580194,0.5,1.5261322935586678e-14,0.02,"[0.01, 0.02]",7.197752062378659e-16
4.603058925961815e-08,1.550963648536927e-25,1.830718693204817e-11,arith,8.426906021681582e-19,True,1.0,1.5,8.30428258085526e-09,True,False,84,2.0,193,1.830718693204817e-09,1.830718693204817e-09,0.0,3.9771784864176727,1.20891729540204,-8.648801126143906e-05,-8.648801126143906e-05,0.0008488180007900857,0.0,0.0006948688246181111,0.0008488180007900857,4.603058925961815e-08,success,0.9998265688607535,0.9998265688607535,0.5,5.1621717814089944e-15,0.01,"[0.01, 0.02]",-3.369419495782038e-16
5.438556120441416e-07,-7.940933880509066e-23,2.128883267343564e-08,arith,1.1578051123316659e-14,True,1.0,1.5,8.30428258085526e-09,True,False,84,2.0,193,1.0644416336717821e-06,1.0644416336717821e-06,0.0,97.86068306539674,29.746080720701034,-8.648801126143906e-05,-8.648801126143906e-05,0.0008488180007900857,0.0,0.0006948688246181111,0.0008488180007900857,5.438556120441416e-07,success,0.9998265688607535,0.9998265688607535,0.5,5.1621717814089944e-15,0.02,"[0.01, 0.02]",7.300590179314493e-15
2.8544785055965402e-08,-1.2924697071141057e-25,9.511326362543998e-12,typ,2.714987666159557e-19,True,1.0,1.5,2.481077630277454e-09,True,False,85,2.0,51,9.511326362543998e-10,9.511326362543998e-10,0.0,3.3320714603020924,1.0128282730159828,-11.380545734385878,-11.380545734385878,0.0008239133269391853,0.0,0.0006744809515426099,0.0006744809515426099,2.8544785055965402e-08,success,0.9985806259589668,0.008925846404786822,0.5,1.723263356572747e-14,0.01,"[0.01, 0.02]",4.527866314565225e-16
2.8900375596147358e-08,-2.5849394142282115e-25,4.0227727914809005e-11,typ,1.162596446117602e-18,True,1.0,1.5,2.481077630277454e-09,True,False,85,2.0,51,2.01138639574045e-09,2.01138639574045e-09,0.0,3.479862033365032,1.057751220397732,-11.380545734385878,-11.380545734385878,0.0008239133269391853,0.0,0.0006744809515426099,0.0006744809515426099,2.8900375596147358e-08,success,0.9985806259589668,0.008925846404786822,0.5,1.723263356572747e-14,0.02,"[0.01, 0.02]",4.47215539747657e-16
1.577003183709615e-05,-1.0587911840678754e-22,6.151701009474375e-08,arith,9.701252077170742e-13,True,1.0,1.8,7.851927546984979e-09,True,False,86,2.0,179,6.1517010094743745e-06,6.1517010094743745e-06,0.0,39.00880526444854,11.857254965602149,-9.75408338235405e-05,-9.75408338235405e-05,0.002496257551453051,0.0,0.0012894135479535138,0.002496257551453051,1.577003183709615e-05,success,0.9998263108333864,0.9998263108333864,0.5,6.199826822313283e-15,0.01,"[0.01, 0.02]",6.713944492979781e-16
0.00022260333634340155,6.776263578034403e-21,1.5548757173851097e-06,arith,3.4612052228926534e-10,True,1.0,1.8,7.851927546984979e-09,True,False,86,2.0,179,7.774378586925549e-05,7.774378586925549e-05,0.0,17.462403561940143,5.307934194407851,-9.75408338235405e-05,-9.75408338235405e-05,0.002496257551453051,0.0,0.0012894135479535138,0.002496257551453051,0.00022260333634340155,success,0.9998263108333864,0.9998263108333864,0.5,6.199826822313283e-15,0.02,"[0.01, 0.02]",-1.5220489704567867e-15
6.854205074937982e-08,6.203854594147708e-25,2.3279625917942345e-11,typ,1.595633301094182e-18,True,1.0,1.8,2.173944333573195e-09,True,False,87,2.0,50,2.3279625917942346e-09,2.3279625917942346e-09,0.0,3.396400554611796,1.032381972950279,-17.7625133987297,-17.7625133987297,0.0020181109623738725,0.0,0.0010424119272790587,0.0010424119272790587,6.854205074937982e-08,success,1.0046821530740797,0.0070096073538034286,0.5,1.17943867806299e-14,0.01,"[0.01, 0.02]",-9.051165709692223e-16
7.090191247395441e-08,4.1359030627651384e-25,1.0897823722825476e-10,typ,7.726765437523559e-18,True,1.0,1.8,2.173944333573195e-09,True,False,87,2.0,50,5.448911861412738e-09,5.448911861412738e-09,0.0,3.8425704408286436,1.1680013558814535,-17.7625133987297,-17.7625133987297,0.0020181109623738725,0.0,0.0010424119272790587,0.0010424119272790587,7.090191247395441e-08,success,1.0046821530740797,0.0070096073538034286,0.5,1.17943867806299e-14,0.02,"[0.01, 0.02]",-2.9166371670753234e-16
0.0038824887044055525,-6.776263578034403e-21,1.2772806555591127e-06,arith,4.959027717563974e-09,True,1.0,2.0,7.970500260136259e-09,True,False,88,2.0,154,0.00012772806555591128,0.00012772806555591128,0.0,3.289850281109001,0.9999945734641249,-0.00010642551316895617,-0.00010642551316895617,0.24607627585082079,0.0,0.05992438270260734,0.24607627585082079,0.0038824887044055525,success,0.9998244347150043,0.9998244347150043,0.5,5.071377045232637e-15,0.01,"[0.01, 0.02]",1.745340191291533e-16
0.0038824689350675365,0.0,5.109013095090099e-06,arith,1.9835584630540557e-08,True,1.0,2.0,7.970500260136259e-09,True,False,88,2.0,154,0.00025545065475450496,0.00025545065475450496,0.0,3.2897965061253136,0.9999782278291323,-0.00010642551316895617,-0.00010642551316895617,0.24607627585082079,0.0,0.05992438270260734,0.24607627585082079,0.0038824689350675365,success,0.9998244347150043,0.9998244347150043,0.5,5.071377045232637e-15,0.02,"[0.01, 0.02]",-0.0
2.3675476862488904e-07,-1.2407709188295415e-24,7.789410671447493e-11,typ,1.844180121242793e-17,True,1.0,2.0,2.348260779010364e-09,True,False,89,2.0,50,7.789410671447493e-09,7.789410671447493e-09,0.0,3.290075514292566,1.000063036142388,-20.831259727021543,-20.831259727021543,0.25780831364893647,0.0,0.001946374158489084,0.001946374158489084,2.3675476862488904e-07,success,0.9978715243222851,0.006439496380359874,0.5,1.4166108785776533e-14,0.01,"[0.01, 0.02]",5.240743094790211e-16
2.3676842446849717e-07,-4.1359030627651384e-24,3.1163918654397745e-10,typ,7.378631920066163e-17,True,1.0,2.0,2.348260779010364e-09,True,False,89,2.0,50,1.5581959327198872e-08,1.5581959327198872e-08,0.0,3.2905484255718616,1.000206783934116,-20.831259727021543,-20.831259727021543,0.25780831364893647,0.0,0.001946374158489084,0.001946374158489084,2.3676842446849717e-07,success,0.9978715243222851,0.006439496380359874,0.5,1.4166108785776533e-14,0.02,"[0.01, 0.02]",8.734068049930015e-16
