eta,temperature,target_filling,threshold,accepted_pairs,rejected,ambiguous,median_abs_delta,p90_abs_delta
0.0005,0.005,0.5,0.01,4,0,0,8.575353046846867e-05,9.99729878647937e-05
0.0005,0.0075,0.5,0.01,4,0,0,0.0007460268375726331,0.000765343369595417
0.0005,0.01,0.5,0.01,4,0,0,0.0014219938219518502,0.0015214023954272626
0.0005,0.015,0.5,0.01,4,1,0,0.0031008532477486694,0.003398992919535626
0.0005,0.02,0.5,0.01,4,1,0,0.005245547043672638,0.00583392384408763
0.0005,0.03,0.5,0.01,3,1,0,0.010317782363266303,0.012247947598549302
0.0005,0.05,0.5,0.01,2,3,0,0.0258452133766085,0.029241229858490536
0.0005,0.08,0.5,0.01,1,2,0,0.05399884964662793,0.05399884964662793
0.00025,0.005,0.5,0.01,4,0,0,0.0019811936729765556,0.003914278666415938
0.00025,0.0075,0.5,0.01,4,0,0,0.0018827209708887072,0.005735520421805918
0.00025,0.01,0.5,0.01,4,0,0,0.0022266486796974627,0.00871851191532105
0.00025,0.015,0.5,0.01,4,1,0,0.0041317981201552945,0.017801700081455433
0.00025,0.02,0.5,0.01,2,2,0,0.005799369158010048,0.006745504195065611
0.00025,0.03,0.5,0.01,2,2,0,0.011224373072414973,0.013082976012199387
0.00025,0.05,0.5,0.01,2,1,0,0.02289338050140388,0.026632268866955466
0.00025,0.08,0.5,0.01,1,1,0,0.046418725888242474,0.046418725888242474
0.000125,0.005,0.5,0.01,3,0,0,0.0034512623987885682,0.004593296688943394
0.000125,0.0075,0.5,0.01,3,0,0,0.002780122744096447,0.007011716504066046
0.000125,0.01,0.5,0.01,3,0,0,0.002433045535651601,0.010901999226486226
0.000125,0.015,0.5,0.01,1,2,0,0.0040770335781796785,0.0040770335781796785
0.000125,0.02,0.5,0.01,1,2,0,0.006681346024667967,0.006681346024667967
0.000125,0.03,0.5,0.01,1,1,0,0.012597549045606504,0.012597549045606504
0.000125,0.05,0.5,0.01,1,0,0,0.024605757844984533,0.024605757844984533
0.000125,0.08,0.5,0.01,0,1,0,nan,nan
