eta,temperature,target_filling,interaction,branch_index,sigma_crossing,kappa_crossing,delta
0.0005,0.005,0.5,0.0,0,1.3309392685619539,1.330865004517737,-7.426404421684296e-05
0.0005,0.005,0.5,0.0416666667,0,1.3696617398985935,1.3695644968818734,-9.724301672009439e-05
0.0005,0.005,0.5,0.9166666667,0,2.0165005769174025,2.016520061441348,1.9484523945401122e-05
0.0005,0.005,0.5,1.0625,0,1.0679239371744018,1.0680250801499,0.00010114297549823625
0.0005,0.0075,0.5,0.0,0,1.3308885600481313,1.3301169365677463,-0.0007716234803849531
0.0005,0.0075,0.5,0.0416666667,0,1.3696052648248291,1.368863900927437,-0.0007413638973921
0.0005,0.0075,0.5,0.9166666667,0,2.016521688520839,2.015770998743086,-0.0007506897777531663
0.0005,0.0075,0.5,1.0625,0,1.067957231078344,1.0683705377978079,0.000413306719463824
0.0005,0.01,0.5,0.0,0,1.3307042623873808,1.3292543316197334,-0.0014499307676474338
0.0005,0.01,0.5,0.0416666667,0,1.3694282125811474,1.3680341557048912,-0.0013940568762562666
0.0005,0.01,0.5,0.9166666667,0,2.0163576230971874,2.01480559000414,-0.0015520330930471893
0.0005,0.01,0.5,1.0625,0,1.0680303082178855,1.0688367688099332,0.0008064605920476975
0.0005,0.015,0.5,0.0,0,1.3301475984303697,1.3270104165486225,-0.003137181881747164
0.0005,0.015,0.5,0.0416666667,0,1.3688915860759323,1.3658270614621821,-0.0030645246137501747
0.0005,0.015,0.5,0.9166666667,0,2.0157664438485456,2.0122552461985292,-0.0035111976500163955
0.0005,0.015,0.5,1.0625,0,1.068244556369057,1.069998746190273,0.0017541898212158902
0.0005,0.02,0.5,0.0,0,1.329402822990306,1.324144574741221,-0.005258248249085051
0.0005,0.02,0.5,0.0416666667,0,1.3681635845092914,1.3629307386710312,-0.005232845838260225
0.0005,0.02,0.5,0.9166666667,0,2.0149407896882185,2.008860147731987,-0.006080641956231592
0.0005,0.02,0.5,1.0625,0,1.0685064148103898,1.0714170917459527,0.002910676935562906
0.0005,0.03,0.5,0.0,0,1.3274813029750518,1.3171635206117855,-0.010317782363266303
0.0005,0.03,0.5,0.9166666667,0,2.0127329461654484,2.0000024572580783,-0.012730488907370052
0.0005,0.03,0.5,1.0625,0,1.0690963541993417,1.0752139651109067,0.006117610911565041
0.0005,0.05,0.5,0.0,0,1.3226614932784584,1.3010613005042024,-0.021600192774255955
0.0005,0.05,0.5,0.9166666667,0,2.0068320774764077,1.9767418434974466,-0.030090233978961045
0.0005,0.08,0.5,0.9166666667,0,1.9962847534042398,1.942285903757612,-0.05399884964662793
0.00025,0.005,0.5,0.0,0,1.3158168156474122,1.316022471136281,0.00020565548886875007
0.00025,0.005,0.5,0.9166666667,0,1.9923774422966847,1.9882490888597815,-0.004128353436903209
0.00025,0.005,0.5,1.0625,0,1.0736749096893714,1.0742225261667122,0.0005476164773408065
0.00025,0.005,0.5,1.2916666667,0,1.4840061299954532,1.4874209008640655,0.0034147708686123046
0.00025,0.0075,0.5,0.0,0,1.3158576098137995,1.315218206924555,-0.000639402889244467
0.00025,0.0075,0.5,0.9166666667,0,1.9910015288699028,1.9884931191301352,-0.0025084097397676253
0.00025,0.0075,0.5,1.0625,0,1.0738556806013901,1.0751127128034,0.001257032202009789
0.00025,0.0075,0.5,1.2916666667,0,1.485328709334846,1.4924472771918111,0.007118567856965186
0.00025,0.01,0.5,0.0,0,1.3157070305948408,1.3144145908249727,-0.0012924397698681478
0.00025,0.01,0.5,0.9166666667,0,1.9903608131720387,1.9880032072721885,-0.0023576058998502347
0.00025,0.01,0.5,1.0625,0,1.0740951021215173,1.076190793581062,0.0020956914595446907
0.00025,0.01,0.5,1.2916666667,0,1.4870603560543405,1.4985049705477205,0.011444614493379968
0.00025,0.015,0.5,0.0,0,1.3152115728519471,1.3124264251779867,-0.002785147673960431
0.00025,0.015,0.5,0.9166666667,0,1.9894883878477192,1.985290211157158,-0.004198176690561217
0.00025,0.015,0.5,1.0625,0,1.074662794382435,1.0787282139321843,0.004065419549749372
0.00025,0.015,0.5,1.2916666667,0,1.4913457588751433,1.5149775404098391,0.023631781534695806
0.00025,0.02,0.5,0.0,0,1.314551918862097,1.3099352185004065,-0.0046167003616905955
0.00025,0.02,0.5,0.9166666667,0,1.9884888730594679,1.9815068351051384,-0.006982037954329501
0.00025,0.03,0.5,0.0,0,1.3128760673448197,1.3039749479471352,-0.008901119397684454
0.00025,0.03,0.5,0.9166666667,0,1.9859330342855461,1.9723854075384006,-0.013547626747145491
0.00025,0.05,0.5,0.0,0,1.3087708811690049,1.2905511111245405,-0.0182197700444644
0.00025,0.05,0.5,0.9166666667,0,1.9796010724775839,1.9520340815192405,-0.027566990958343363
0.00025,0.08,0.5,0.9166666667,0,1.969668739120926,1.9232500132326835,-0.046418725888242474
0.000125,0.005,0.5,0.9166666667,0,1.976886022916242,1.9720072176547598,-0.0048788052614821
0.000125,0.005,0.5,1.0625,0,1.0763800633232568,1.0770609161575055,0.0006808528342487907
0.000125,0.005,0.5,1.2916666667,0,1.4987148969494455,1.502166159348234,0.0034512623987885682
0.000125,0.0075,0.5,0.9166666667,0,1.9752720147540967,1.9724918920100003,-0.002780122744096447
0.000125,0.0075,0.5,1.0625,0,1.076602812801781,1.0780911900397554,0.0014883772379743476
0.000125,0.0075,0.5,1.2916666667,0,1.4998417959693022,1.5079114109133607,0.008069614944058445
0.000125,0.01,0.5,0.9166666667,0,1.974559452000552,1.972157531873863,-0.002401920126689161
0.000125,0.01,0.5,1.0625,0,1.0768856424914701,1.0793186880271217,0.002433045535651601
0.000125,0.01,0.5,1.2916666667,0,1.5017742300156696,1.5147934676648644,0.013019237649194881
0.000125,0.015,0.5,0.9166666667,0,1.9736783344001125,1.9696013008219329,-0.0040770335781796785
0.000125,0.02,0.5,0.9166666667,0,1.9727087223074649,1.966027376282797,-0.006681346024667967
0.000125,0.03,0.5,0.9166666667,0,1.9702783235422492,1.9576807744966427,-0.012597549045606504
0.000125,0.05,0.5,0.9166666667,0,1.9644678582193862,1.9398621003744017,-0.024605757844984533
