activation_energy,amplitude,branch,design_condition_number,design_rank,disorder_full_width,fit_name,interaction,model,points,power,quantity,r_squared_log,rms_log_residual,target_filling,temperature_max,temperature_min
-6.173446407641326e-05,0.14582882397853983,arith,223.90411148818185,2,0.4,arrhenius,0.3,A*exp(-E/T),6,0.0,sigma,0.5934698484127992,0.002884345352636426,0.5,0.03,0.005
0.00012447141907230867,0.13713257480808316,arith,2620.158920788459,3,0.4,power_law_prefactor,0.3,A*T^p*exp(-E/T),6,-0.018078322631235474,sigma,0.9659868294007404,0.000834304212613609,0.5,0.03,0.005
0.010048657683262435,0.015493609569489133,arith,223.90411148818185,2,0.4,arrhenius,0.3,A*exp(-E/T),6,0.0,kappa_e,0.9412922875889023,0.14166608944128553,0.5,0.03,0.005
0.0004971791190210223,0.36297496022658676,arith,2620.158920788459,3,0.4,power_law_prefactor,0.3,A*T^p*exp(-E/T),6,0.9273321990142325,kappa_e,0.9999689754002603,0.003256652504042903,0.5,0.03,0.005
0.010201089186954124,0.11073500038447547,arith,223.90411148818185,2,0.4,arrhenius,0.3,A*exp(-E/T),6,0.0,c_v_electronic,0.9378104556361584,0.14829285343592824,0.5,0.03,0.005
0.00020059276771102833,3.008847013837329,arith,2620.158920788459,3,0.4,power_law_prefactor,0.3,A*T^p*exp(-E/T),6,0.9709263621665564,c_v_electronic,0.9999948031818235,0.0013555960526631142,0.5,0.03,0.005
-5.597662561521654e-05,0.1457993828990386,typ,223.90411148818185,2,0.4,arrhenius,0.3,A*exp(-E/T),6,0.0,sigma,0.5887135158991255,0.002641188851187023,0.5,0.03,0.005
0.00011425296403609378,0.13783008168831085,typ,2620.158920788459,3,0.4,power_law_prefactor,0.3,A*T^p*exp(-E/T),6,-0.01652721917836081,sigma,0.9643576962667656,0.0007775174055014316,0.5,0.03,0.005
0.010066644199482045,0.015524475942848967,typ,223.90411148818185,2,0.4,arrhenius,0.3,A*exp(-E/T),6,0.0,kappa_e,0.9410187435994846,0.14227058484111127,0.5,0.03,0.005
0.000474322664864192,0.3686362749621363,typ,2620.158920788459,3,0.4,power_law_prefactor,0.3,A*T^p*exp(-E/T),6,0.9312975538311604,kappa_e,0.9999698927299784,0.003214354677245491,0.5,0.03,0.005
0.010214162947294061,0.11098741375313083,typ,223.90411148818185,2,0.4,arrhenius,0.3,A*exp(-E/T),6,0.0,c_v_electronic,0.9374772838119265,0.14890656620771084,0.5,0.03,0.005
0.00017215820795278414,3.0573235540354275,typ,2620.158920788459,3,0.4,power_law_prefactor,0.3,A*T^p*exp(-E/T),6,0.9749563143352282,c_v_electronic,0.9999962829213335,0.001148142535468989,0.5,0.03,0.005
-3.1493954034165854e-05,0.07920192740821491,arith,223.90411148818185,2,0.8,arrhenius,0.3,A*exp(-E/T),6,0.0,sigma,0.5795445647595073,0.0015143151987694558,0.5,0.03,0.005
6.579641584744054e-05,0.07669797244140067,arith,2620.158920788459,3,0.8,power_law_prefactor,0.3,A*T^p*exp(-E/T),6,-0.009445709587096587,sigma,0.9611268028707495,0.0004604488855007206,0.5,0.03,0.005
0.010163070020734752,0.008536426032409748,arith,223.90411148818185,2,0.8,arrhenius,0.3,A*exp(-E/T),6,0.0,kappa_e,0.938872661752407,0.14639014423376936,0.5,0.03,0.005
0.0002914761266954412,0.22228291686160362,arith,2620.158920788459,3,0.8,power_law_prefactor,0.3,A*T^p*exp(-E/T),6,0.9584114974414968,kappa_e,0.9999876035644991,0.002084694922704925,0.5,0.03,0.005
0.010233867447300812,0.09606326338140327,arith,223.90411148818185,2,0.8,arrhenius,0.3,A*exp(-E/T),6,0.0,c_v_electronic,0.9371038675533888,0.14966850408364585,0.5,0.03,0.005
0.00014040516608089973,2.691561110342569,arith,2620.158920788459,3,0.8,power_law_prefactor,0.3,A*T^p*exp(-E/T),6,0.9799522147233377,c_v_electronic,0.9999971798247285,0.0010022048441153783,0.5,0.03,0.005
-6.398362979011994e-05,0.06816602246268909,typ,223.90411148818185,2,0.8,arrhenius,0.3,A*exp(-E/T),6,0.0,sigma,0.5849085243919041,0.003042771438362096,0.5,0.03,0.005
0.00013187265562117885,0.06389712238910027,typ,2620.158920788459,3,0.8,power_law_prefactor,0.3,A*T^p*exp(-E/T),6,-0.019015259116128797,sigma,0.9630385926894591,0.0009079703630163142,0.5,0.03,0.005
0.010027755569619035,0.00722183385187356,typ,223.90411148818185,2,0.8,arrhenius,0.3,A*exp(-E/T),6,0.0,kappa_e,0.9420779150821875,0.14036374467207163,0.5,0.03,0.005
0.0005652898167249693,0.16428833277963728,typ,2620.158920788459,3,0.8,power_law_prefactor,0.3,A*T^p*exp(-E/T),6,0.9186901395119395,kappa_e,0.9999546428403213,0.003927857995678131,0.5,0.03,0.005
0.010273514500548643,0.09809373067436235,typ,223.90411148818185,2,0.8,arrhenius,0.3,A*exp(-E/T),6,0.0,c_v_electronic,0.9361420155666725,0.15147058331300212,0.5,0.03,0.005
5.8335506870420124e-05,2.861164794864251,typ,2620.158920788459,3,0.8,power_law_prefactor,0.3,A*T^p*exp(-E/T),6,0.9917694245785147,c_v_electronic,0.9999994705877052,0.0004361317519559509,0.5,0.03,0.005
-1.6019868650321293e-05,0.055475795232122364,arith,223.90411148818185,2,1.0,arrhenius,0.3,A*exp(-E/T),6,0.0,sigma,0.5781204848053726,0.000772532067745635,0.5,0.03,0.005
3.3586834354221137e-05,0.05457449390016979,arith,2620.158920788459,3,1.0,power_law_prefactor,0.3,A*T^p*exp(-E/T),6,-0.004816206482967487,sigma,0.9605903008606563,0.00023611515146375163,0.5,0.03,0.005
0.010229865268294449,0.006030314168434891,arith,223.90411148818185,2,1.0,arrhenius,0.3,A*exp(-E/T),6,0.0,kappa_e,0.9372217106145001,0.1494603543535214,0.5,0.03,0.005
0.00015048148257792833,0.16817751425145472,arith,2620.158920788459,3,1.0,power_law_prefactor,0.3,A*T^p*exp(-E/T),6,0.9785853643340323,kappa_e,0.9999966727838986,0.001088082369304102,0.5,0.03,0.005
0.010261426381012316,0.08627271029028089,arith,223.90411148818185,2,1.0,arrhenius,0.3,A*exp(-E/T),6,0.0,c_v_electronic,0.9364219516577316,0.15093781609654644,0.5,0.03,0.005
8.221288131200562e-05,2.4866659780862306,arith,2620.158920788459,3,1.0,power_law_prefactor,0.3,A*T^p*exp(-E/T),6,0.9882776132955872,c_v_electronic,0.9999990274233588,0.0005903456713635067,0.5,0.03,0.005
-6.644722910214292e-05,0.037361135448322425,typ,223.90411148818185,2,1.0,arrhenius,0.3,A*exp(-E/T),6,0.0,sigma,0.5853687650572452,0.0031569349664032197,0.5,0.03,0.005
0.0001367902731229377,0.03493613959877323,typ,2620.158920788459,3,1.0,power_law_prefactor,0.3,A*T^p*exp(-E/T),6,-0.019731885340360363,sigma,0.9632014074034848,0.0009404814463161875,0.5,0.03,0.005
0.010017843210725297,0.00395325835265147,typ,223.90411148818185,2,1.0,arrhenius,0.3,A*exp(-E/T),6,0.0,kappa_e,0.9423028840746738,0.13993570740082137,0.5,0.03,0.005
0.0005844899186453659,0.08907166527135571,typ,2620.158920788459,3,1.0,power_law_prefactor,0.3,A*T^p*exp(-E/T),6,0.9158636742559133,kappa_e,0.9999516802181114,0.004049617250072228,0.5,0.03,0.005
0.010295220312565074,0.08951460064060965,typ,223.90411148818185,2,1.0,arrhenius,0.3,A*exp(-E/T),6,0.0,c_v_electronic,0.9355849013801624,0.15249668589972895,0.5,0.03,0.005
1.0799873342007278e-05,2.6713145353466903,typ,2620.158920788459,3,1.0,power_law_prefactor,0.3,A*T^p*exp(-E/T),6,0.9984919253440334,c_v_electronic,0.9999999804126222,8.409200690835293e-05,0.5,0.03,0.005
-8.397955220157917e-06,0.040205804604571425,arith,223.90411148818185,2,1.2,arrhenius,0.3,A*exp(-E/T),6,0.0,sigma,0.5786836660605699,0.00040451032918626436,0.5,0.03,0.005
1.7581964241754252e-05,0.039862370642830144,arith,2620.158920788459,3,1.2,power_law_prefactor,0.3,A*T^p*exp(-E/T),6,-0.0025223336557544814,sigma,0.9607912867193021,0.0001234004554630843,0.5,0.03,0.005
0.010263355042215072,0.004389164432404303,arith,223.90411148818185,2,1.2,arrhenius,0.3,A*exp(-E/T),6,0.0,kappa_e,0.9363763595534381,0.15102398134734324,0.5,0.03,0.005
7.832380616753453e-05,0.12675355567271934,arith,2620.158920788459,3,1.2,power_law_prefactor,0.3,A*T^p*exp(-E/T),6,0.9888424446150313,kappa_e,0.999999111313196,0.00056443121436693,0.5,0.03,0.005
0.010277967233186278,0.07707143583937444,arith,223.90411148818185,2,1.2,arrhenius,0.3,A*exp(-E/T),6,0.0,c_v_electronic,0.9360064388040386,0.15170799728915044,0.5,0.03,0.005
4.675949652675894e-05,2.259923108874846,arith,2620.158920788459,3,1.2,power_law_prefactor,0.3,A*T^p*exp(-E/T),6,0.9933256202372563,c_v_electronic,0.9999996888782283,0.00033450725183309317,0.5,0.03,0.005
-7.65418419505179e-05,0.01751186188433152,typ,223.90411148818185,2,1.2,arrhenius,0.3,A*exp(-E/T),6,0.0,sigma,0.5860279843956966,0.0036315978352998044,0.5,0.03,0.005
0.00015730781736286555,0.01621053144908756,typ,2620.158920788459,3,1.2,power_law_prefactor,0.3,A*T^p*exp(-E/T),6,-0.022703952833191935,sigma,0.9634350298849433,0.0010793066874800546,0.5,0.03,0.005
0.009975570630955303,0.0018430359917923525,typ,223.90411148818185,2,1.2,arrhenius,0.3,A*exp(-E/T),6,0.0,kappa_e,0.9433041869850072,0.13805746214551579,0.5,0.03,0.005
0.0006701639701037885,0.03980797456324785,typ,2620.158920788459,3,1.2,power_law_prefactor,0.3,A*T^p*exp(-E/T),6,0.9034416151898171,kappa_e,0.9999363258261271,0.004626643656186123,0.5,0.03,0.005
0.010304223336637832,0.08131778638095788,typ,223.90411148818185,2,1.2,arrhenius,0.3,A*exp(-E/T),6,0.0,c_v_electronic,0.9353530870043051,0.1529233812173861,0.5,0.03,0.005
-8.974243548295117e-06,2.4498724016577658,typ,2620.158920788459,3,1.2,power_law_prefactor,0.3,A*T^p*exp(-E/T),6,1.0012858351278686,c_v_electronic,0.9999999889396667,6.325343351527051e-05,0.5,0.03,0.005
-5.236533452475414e-06,0.031915299147034504,arith,223.90411148818185,2,1.36,arrhenius,0.3,A*exp(-E/T),6,0.0,sigma,0.5795360748794591,0.000251791195539171,0.5,0.03,0.005
1.0939821788911031e-05,0.031745279778615805,arith,2620.158920788459,3,1.36,power_law_prefactor,0.3,A*T^p*exp(-E/T),6,-0.0015705270107770678,sigma,0.9611024051602128,7.658391149353597e-05,0.5,0.03,0.005
0.010277252666863879,0.0034902977344083174,arith,223.90411148818185,2,1.36,arrhenius,0.3,A*exp(-E/T),6,0.0,kappa_e,0.9360248870582152,0.1516740877507623,0.5,0.03,0.005
4.8333577226467667e-05,0.10226675752376649,arith,2620.158920788459,3,1.36,power_law_prefactor,0.3,A*T^p*exp(-E/T),6,0.9931034204949372,kappa_e,0.9999996666626455,0.00034621657286501437,0.5,0.03,0.005
0.010285634714770632,0.07053695360592087,arith,223.90411148818185,2,1.36,arrhenius,0.3,A*exp(-E/T),6,0.0,c_v_electronic,0.9358137543828096,0.15206522067890674,0.5,0.03,0.005
3.032118087962881e-05,2.084845082709925,arith,2620.158920788459,3,1.36,power_law_prefactor,0.3,A*T^p*exp(-E/T),6,0.9956659994576276,c_v_electronic,0.9999998707461945,0.00021578963431068474,0.5,0.03,0.005
-9.545478452807583e-05,0.007766852219881938,typ,223.90411148818185,2,1.36,arrhenius,0.3,A*exp(-E/T),6,0.0,sigma,0.5868054943056243,0.00452168610046353,0.5,0.03,0.005
0.00019579022356764475,0.007054710979376484,typ,2620.158920788459,3,1.36,power_law_prefactor,0.3,A*T^p*exp(-E/T),6,-0.028276341928925128,sigma,0.9637103497981415,0.001340030032962565,0.5,0.03,0.005
0.009895780870611846,0.0008091632806764051,typ,223.90411148818185,2,1.36,arrhenius,0.3,A*exp(-E/T),6,0.0,kappa_e,0.9452009438873801,0.13450767336548522,0.5,0.03,0.005
0.0008327762075207226,0.01613284339611991,typ,2620.158920788459,3,1.36,power_law_prefactor,0.3,A*T^p*exp(-E/T),6,0.8799073344900626,kappa_e,0.9999005749655063,0.005729390145366627,0.5,0.03,0.005
0.010306862311156606,0.07531992262001784,typ,223.90411148818185,2,1.36,arrhenius,0.3,A*exp(-E/T),6,0.0,c_v_electronic,0.9352863920717099,0.153046886261758,0.5,0.03,0.005
-1.466295403739004e-05,2.275422296308552,typ,2620.158920788459,3,1.36,power_law_prefactor,0.3,A*T^p*exp(-E/T),6,1.002094351882528,c_v_electronic,0.9999999697261258,0.00010467927173202652,0.5,0.03,0.005
-3.5826276574381855e-06,0.02653620326496485,arith,223.90411148818185,2,1.5,arrhenius,0.3,A*exp(-E/T),6,0.0,sigma,0.5802769406401427,0.00017200376681420293,0.5,0.03,0.005
7.470699233045116e-06,0.026439527490531654,arith,2620.158920788459,3,1.5,power_law_prefactor,0.3,A*T^p*exp(-E/T),6,-0.001073143373857879,sigma,0.9613725765487664,5.218004067188102e-05,0.5,0.03,0.005
0.010284491816286094,0.0029047144107268823,arith,223.90411148818185,2,1.5,arrhenius,0.3,A*exp(-E/T),6,0.0,kappa_e,0.9358424967311959,0.1520119422582778,0.5,0.03,0.005
3.277316331979459e-05,0.08575214812273016,arith,2620.158920788459,3,1.5,power_law_prefactor,0.3,A*T^p*exp(-E/T),6,0.9953169803177659,kappa_e,0.9999998486255398,0.00023349645122064245,0.5,0.03,0.005
0.010289890707378221,0.06546239651807712,arith,223.90411148818185,2,1.5,arrhenius,0.3,A*exp(-E/T),6,0.0,c_v_electronic,0.9357071835883919,0.1522630520053718,0.5,0.03,0.005
2.1230054350721245e-05,1.9434037056823845,arith,2620.158920788459,3,1.5,power_law_prefactor,0.3,A*T^p*exp(-E/T),6,0.996961842112384,c_v_electronic,0.9999999372604946,0.00015041247257658295,0.5,0.03,0.005
-0.00013554790485190328,0.002754066971723795,typ,223.90411148818185,2,1.5,arrhenius,0.3,A*exp(-E/T),6,0.0,sigma,0.5882905900421957,0.006401249869163332,0.5,0.03,0.005
0.0002769780584117489,0.0024033468828326375,typ,2620.158920788459,3,1.5,power_law_prefactor,0.3,A*T^p*exp(-E/T),6,-0.040051245060201135,sigma,0.9642360469157992,0.0018866534825083925,0.5,0.03,0.005
0.0097267408194244,0.00028081210421005104,typ,223.90411148818185,2,1.5,arrhenius,0.3,A*exp(-E/T),6,0.0,kappa_e,0.9491767703075507,0.12705666399356347,0.5,0.03,0.005
0.001175131275512424,0.004728836133147546,typ,2620.158920788459,3,1.5,power_law_prefactor,0.3,A*T^p*exp(-E/T),6,0.8302570989538615,kappa_e,0.9997970013963673,0.00802995004651947,0.5,0.03,0.005
0.010307491335734864,0.07050776788895334,typ,223.90411148818185,2,1.5,arrhenius,0.3,A*exp(-E/T),6,0.0,c_v_electronic,0.9352715592648161,0.15307498025464983,0.5,0.03,0.005
-1.5928197037016708e-05,2.131379363866086,typ,2620.158920788459,3,1.5,power_law_prefactor,0.3,A*T^p*exp(-E/T),6,1.0022782621856832,c_v_electronic,0.9999999647126334,0.00011302285253495773,0.5,0.03,0.005
-2.189505508539102e-06,0.020889212795709718,arith,223.90411148818185,2,1.7,arrhenius,0.3,A*exp(-E/T),6,0.0,sigma,0.5811862492694687,0.0001049231615087485,0.5,0.03,0.005
4.555266268533916e-06,0.020842741586293893,arith,2620.158920788459,3,1.7,power_law_prefactor,0.3,A*T^p*exp(-E/T),6,-0.0006548351652363067,sigma,0.9617029718885725,3.1728054203157904e-05,0.5,0.03,0.005
0.010290554790778787,0.0022883498152025685,arith,223.90411148818185,2,1.7,arrhenius,0.3,A*exp(-E/T),6,0.0,kappa_e,0.9356905714169427,0.15229390165620757,0.5,0.03,0.005
1.98129715403167e-05,0.06798169510435871,arith,2620.158920788459,3,1.7,power_law_prefactor,0.3,A*T^p*exp(-E/T),6,0.997163897995771,kappa_e,0.9999999454788965,0.00014022566444215362,0.5,0.03,0.005
0.010293636672529131,0.05917266686025196,arith,223.90411148818185,2,1.7,arrhenius,0.3,A*exp(-E/T),6,0.0,c_v_electronic,0.9356138322576811,0.15243662741995895,0.5,0.03,0.005
1.3266964420064604e-05,1.763483494251914,arith,2620.158920788459,3,1.7,power_law_prefactor,0.3,A*T^p*exp(-E/T),6,0.998098648704579,c_v_electronic,0.9999999757876332,9.347848497127252e-05,0.5,0.03,0.005
-0.0003020825242441516,0.00012143462340570004,typ,223.90411148818185,2,1.7,arrhenius,0.3,A*exp(-E/T),6,0.0,sigma,0.6050462294126386,0.01377770810365931,0.5,0.03,0.005
0.0005903176158442789,9.044163879252983e-05,typ,2620.158920788459,3,1.7,power_law_prefactor,0.3,A*T^p*exp(-E/T),6,-0.08664118112633859,sigma,0.9693574927339214,0.0038376555878638498,0.5,0.03,0.005
0.009088700388153946,1.142280728560473e-05,typ,223.90411148818185,2,1.7,arrhenius,0.3,A*exp(-E/T),6,0.0,kappa_e,0.9623358413159535,0.10150212090911172,0.5,0.03,0.005
0.002312529334257972,0.00010703001797222811,typ,2620.158920788459,3,1.7,power_law_prefactor,0.3,A*T^p*exp(-E/T),6,0.6578836524672792,kappa_e,0.9992427602958979,0.014392216059551065,0.5,0.03,0.005
0.01030618277616266,0.06409932915144306,typ,223.90411148818185,2,1.7,arrhenius,0.3,A*exp(-E/T),6,0.0,c_v_electronic,0.9354651880645484,0.15281063289244068,0.5,0.03,0.005
5.897157595381382e-07,1.9262864964748592,typ,2620.158920788459,3,1.7,power_law_prefactor,0.3,A*T^p*exp(-E/T),6,1.0005475289058892,c_v_electronic,0.9999999796939892,8.571737367903504e-05,0.5,0.03,0.005
-1.407687126612853e-06,0.016847081460937614,arith,223.90411148818185,2,1.9,arrhenius,0.3,A*exp(-E/T),6,0.0,sigma,0.5819014141917118,6.735863953733425e-05,0.5,0.03,0.005
2.9234272971761423e-06,0.01682300503669676,arith,2620.158920788459,3,1.9,power_law_prefactor,0.3,A*T^p*exp(-E/T),6,-0.000420498442807595,sigma,0.9619616496490543,2.031724393021743e-05,0.5,0.03,0.005
0.010293935772652885,0.0018463416263564709,arith,223.90411148818185,2,1.9,arrhenius,0.3,A*exp(-E/T),6,0.0,kappa_e,0.9356063830676475,0.15245048175051623,0.5,0.03,0.005
1.2631540868195756e-05,0.05504226945686858,arith,2620.158920788459,3,1.9,power_law_prefactor,0.3,A*T^p*exp(-E/T),6,0.9981893795678075,kappa_e,0.9999999780854761,8.893514362102205e-05,0.5,0.03,0.005
0.010295817690163297,0.053855813284694805,arith,223.90411148818185,2,1.9,arrhenius,0.3,A*exp(-E/T),6,0.0,c_v_electronic,0.9355597721737925,0.15253732736414113,0.5,0.03,0.005
8.655629953022902e-06,1.6086327193919063,arith,2620.158920788459,3,1.9,power_law_prefactor,0.3,A*T^p*exp(-E/T),6,0.9987581033396116,c_v_electronic,0.9999999897876152,6.072411367253615e-05,0.5,0.03,0.005
-0.00027813029559976355,4.418243744935034e-06,typ,223.90411148818185,2,1.9,arrhenius,0.3,A*exp(-E/T),6,0.0,sigma,0.9405842295659483,0.003946143212201869,0.5,0.03,0.005
-0.00016638331038729777,4.258186334329604e-06,typ,2620.158920788459,3,1.9,power_law_prefactor,0.3,A*T^p*exp(-E/T),6,-0.010849270804854219,sigma,0.9510600660742865,0.0035814068947508247,0.5,0.03,0.005
0.010042521953972415,4.6552203425452215e-07,typ,223.90411148818185,2,1.9,arrhenius,0.3,A*exp(-E/T),6,0.0,kappa_e,0.9544938516989258,0.12378379296671578,0.5,0.03,0.005
0.001699018739937051,7.318723155629339e-06,typ,2620.158920788459,3,1.9,power_law_prefactor,0.3,A*T^p*exp(-E/T),6,0.8100525097674658,kappa_e,0.9999508144057974,0.004069562366149071,0.5,0.03,0.005
0.01167463407631657,0.06271774800425213,typ,223.90411148818185,2,1.9,arrhenius,0.3,A*exp(-E/T),6,0.0,c_v_electronic,0.9682879969297116,0.11926839239561887,0.5,0.03,0.005
0.0037022166329784834,0.8723086936273724,typ,2620.158920788459,3,1.9,power_law_prefactor,0.3,A*T^p*exp(-E/T),6,0.774024602522612,c_v_electronic,0.9994420129396194,0.015820696236165353,0.5,0.03,0.005
-9.442928813159791e-07,0.013862959068058046,arith,223.90411148818185,2,2.1,arrhenius,0.3,A*exp(-E/T),6,0.0,sigma,0.5824537786637428,4.513368423260166e-05,0.5,0.03,0.005
1.9583415918798747e-06,0.013849678448115419,arith,2620.158920788459,3,2.1,power_law_prefactor,0.3,A*T^p*exp(-E/T),6,-0.0002818104433615443,sigma,0.9621608776187165,1.3586857945984457e-05,0.5,0.03,0.005
0.010295929408579213,0.0015196848999790378,arith,223.90411148818185,2,2.1,arrhenius,0.3,A*exp(-E/T),6,0.0,kappa_e,0.9355569994081865,0.15254249029915806,0.5,0.03,0.005
8.419113874545256e-06,0.04539706709510462,arith,2620.158920788459,3,2.1,power_law_prefactor,0.3,A*T^p*exp(-E/T),6,0.9987919126663333,kappa_e,0.999999990346491,5.9039892612920733e-05,0.5,0.03,0.005
0.010297143311339232,0.049339360586114656,arith,223.90411148818185,2,2.1,arrhenius,0.3,A*exp(-E/T),6,0.0,c_v_electronic,0.9355270599974715,0.1525983516968221,0.5,0.03,0.005
5.865308439037894e-06,1.4757339568497108,arith,2620.158920788459,3,2.1,power_law_prefactor,0.3,A*T^p*exp(-E/T),6,0.9991577112285713,c_v_electronic,0.9999999953432032,4.10114146273901e-05,0.5,0.03,0.005
4.646360411226599e-05,1.012775317230732e-06,typ,223.90411148818185,2,2.1,arrhenius,0.3,A*exp(-E/T),6,0.0,sigma,0.18464386074326644,0.005511777226407579,0.5,0.03,0.005
0.0004168424107856513,8.96188068643511e-07,typ,2620.158920788459,3,2.1,power_law_prefactor,0.3,A*T^p*exp(-E/T),6,-0.035959269651347596,sigma,0.9941447369301379,0.00046707991160278324,0.5,0.03,0.005
0.009881088839256171,1.0577944389303371e-07,typ,223.90411148818185,2,2.1,arrhenius,0.3,A*exp(-E/T),6,0.0,kappa_e,0.9369217798297623,0.14473227110523518,0.5,0.03,0.005
0.00012537075725505922,2.6510271998906016e-06,typ,2620.158920788459,3,2.1,power_law_prefactor,0.3,A*T^p*exp(-E/T),6,0.9471613678550529,kappa_e,0.9999344950160224,0.004664046096289951,0.5,0.03,0.005
0.009089691719674517,0.048606417260687346,typ,223.90411148818185,2,2.1,arrhenius,0.3,A*exp(-E/T),6,0.0,c_v_electronic,0.8923400933746363,0.1782310950516418,0.5,0.03,0.005
-0.002917336596361118,2.5618536105333454,typ,2620.158920788459,3,2.1,power_law_prefactor,0.3,A*T^p*exp(-E/T),6,1.1657361629455698,c_v_electronic,0.9997685041543614,0.00826471870847243,0.5,0.03,0.005
-6.564172393738579e-07,0.01160104296098436,arith,223.90411148818185,2,2.3,arrhenius,0.3,A*exp(-E/T),6,0.0,sigma,0.5829127889683292,3.134470221605973e-05,0.5,0.03,0.005
1.3597188396276916e-06,0.011593322370975276,arith,2620.158920788459,3,2.3,power_law_prefactor,0.3,A*T^p*exp(-E/T),6,-0.00019574224985704968,sigma,0.9623145070985941,9.421885269098025e-06,0.5,0.03,0.005
0.010297163084775098,0.0012719288371665428,arith,223.90411148818185,2,2.3,arrhenius,0.3,A*exp(-E/T),6,0.0,kappa_e,0.9355265693976603,0.15259926533151627,0.5,0.03,0.005
5.8234606498028256e-06,0.03804400272738037,arith,2620.158920788459,3,2.3,power_law_prefactor,0.3,A*T^p*exp(-E/T),6,0.9991636938987819,kappa_e,0.9999999954112166,4.0710911678007625e-05,0.5,0.03,0.005
0.010297981781145946,0.04547480761251174,arith,223.90411148818185,2,2.3,arrhenius,0.3,A*exp(-E/T),6,0.0,c_v_electronic,0.9355064429361933,0.1526368581685445,0.5,0.03,0.005
4.106699852037105e-06,1.3613125756270714,arith,2620.158920788459,3,2.3,power_law_prefactor,0.3,A*T^p*exp(-E/T),6,0.9994098558993418,c_v_electronic,0.9999999977293212,2.8640401395357484e-05,0.5,0.03,0.005
-0.0001466503650654979,3.921973311180835e-07,typ,223.90411148818185,2,2.3,arrhenius,0.3,A*exp(-E/T),6,0.0,sigma,0.964670465755636,0.0015842916684716928,0.5,0.03,0.005
-0.0001838317164827262,3.970421403885277e-07,typ,2620.158920788459,3,2.3,power_law_prefactor,0.3,A*T^p*exp(-E/T),6,0.00360985622700102,sigma,0.96894884235943,0.0014852688755425435,0.5,0.03,0.005
0.010277488833970762,4.2724286997628356e-08,typ,223.90411148818185,2,2.3,arrhenius,0.3,A*exp(-E/T),6,0.0,kappa_e,0.9431708564166862,0.14241308944109177,0.5,0.03,0.005
0.0006737848665299847,1.0183292887458826e-06,typ,2620.158920788459,3,2.3,power_law_prefactor,0.3,A*T^p*exp(-E/T),6,0.9324026493814302,kappa_e,0.9999919853333701,0.0016912471726608154,0.5,0.03,0.005
0.011996447588534171,0.052551758841939654,typ,223.90411148818185,2,2.3,arrhenius,0.3,A*exp(-E/T),6,0.0,c_v_electronic,0.9694031299112528,0.12031270148361155,0.5,0.03,0.005
0.003906616239432743,0.7598094166306943,typ,2620.158920788459,3,2.3,power_law_prefactor,0.3,A*T^p*exp(-E/T),6,0.785424062270543,c_v_electronic,0.9998185636963011,0.009264779167183455,0.5,0.03,0.005
0.05297170380865408,0.0013247659498568495,arith,223.90411148818185,2,0.4,arrhenius,0.9,A*exp(-E/T),6,0.0,sigma,0.8492684694563755,1.2597838060174134,0.5,0.03,0.005
-0.02532979264159906,224345996.13423815,arith,2620.158920788459,3,0.4,power_law_prefactor,0.9,A*T^p*exp(-E/T),6,7.602121326132689,sigma,0.9772989053167894,0.488896993886072,0.5,0.03,0.005
0.07413466288324917,0.003982483468806141,arith,223.90411148818185,2,0.4,arrhenius,0.9,A*exp(-E/T),6,0.0,kappa_e,0.9800931633340838,0.5964324839596284,0.5,0.03,0.005
0.03821925239975403,563.0952905821814,arith,2620.158920788459,3,0.4,power_law_prefactor,0.9,A*T^p*exp(-E/T),6,3.486948785798141,kappa_e,0.9959640934003521,0.26855343748998955,0.5,0.03,0.005
0.039745866031740296,0.025916024181541483,arith,223.90411148818185,2,0.4,arrhenius,0.9,A*exp(-E/T),6,0.0,c_v_electronic,0.8601197026086045,0.9048223402403475,0.5,0.03,0.005
-0.01843027033691733,5705350.671275265,arith,2620.158920788459,3,0.4,power_law_prefactor,0.9,A*T^p*exp(-E/T),6,5.6481940577107,c_v_electronic,0.9872592617476424,0.27307524890324547,0.5,0.03,0.005
0.03973944363434721,8.217556121249326e-05,typ,223.90411148818185,2,0.4,arrhenius,0.9,A*exp(-E/T),6,0.0,sigma,0.670395657215327,1.5729871473070691,0.5,0.03,0.005
-0.0648198161245216,81096227869.44263,typ,2620.158920788459,3,0.4,power_law_prefactor,0.9,A*T^p*exp(-E/T),6,10.151430234319424,sigma,0.9906010268241733,0.2656249811251371,0.5,0.03,0.005
0.07028667405400658,0.0004143134167409393,typ,223.90411148818185,2,0.4,arrhenius,0.9,A*exp(-E/T),6,0.0,kappa_e,0.8516964710304186,1.6556892804395131,0.5,0.03,0.005
-0.03296750929457367,265725523905.05698,typ,2620.158920788459,3,0.4,power_law_prefactor,0.9,A*T^p*exp(-E/T),6,10.024723215160456,kappa_e,0.978511334132681,0.6302426952964737,0.5,0.03,0.005
0.034995048247847146,0.00909792007030883,typ,223.90411148818185,2,0.4,arrhenius,0.9,A*exp(-E/T),6,0.0,c_v_electronic,0.7622122411722708,1.1034074422341957,0.5,0.03,0.005
-0.038671301197678,333442386.15477395,typ,2620.158920788459,3,0.4,power_law_prefactor,0.9,A*T^p*exp(-E/T),6,7.15210502386707,c_v_electronic,0.9952450162739117,0.15603272007091104,0.5,0.03,0.005
0.0019656594491616504,0.011247170186940362,arith,223.90411148818185,2,0.8,arrhenius,0.9,A*exp(-E/T),6,0.0,sigma,0.8325592991149557,0.0497626766328115,0.5,0.03,0.005
-0.001386003083005694,0.034016249104687306,arith,2620.158920788459,3,0.8,power_law_prefactor,0.9,A*T^p*exp(-E/T),6,0.32540559719668793,sigma,0.9995664901236466,0.0025320525432083233,0.5,0.03,0.005
0.013471673219769262,0.00174445840249817,arith,223.90411148818185,2,0.8,arrhenius,0.9,A*exp(-E/T),6,0.0,kappa_e,0.9281616644313433,0.21157306716353777,0.5,0.03,0.005
-0.0007958951481778048,0.19395130587467302,arith,2620.158920788459,3,0.8,power_law_prefactor,0.9,A*T^p*exp(-E/T),6,1.385207060901286,kappa_e,0.9999901079366531,0.0024827082974252707,0.5,0.03,0.005
0.011742118361330638,0.05223154038887514,arith,223.90411148818185,2,0.8,arrhenius,0.9,A*exp(-E/T),6,0.0,c_v_electronic,0.9316748272887505,0.17950525505066836,0.5,0.03,0.005
-0.0003635444279411082,2.8440560456383293,arith,2620.158920788459,3,0.8,power_law_prefactor,0.9,A*T^p*exp(-E/T),6,1.1753123685926021,c_v_electronic,0.9999974582468857,0.0010948471198765927,0.5,0.03,0.005
0.024658854636675522,0.0008345083564333547,typ,223.90411148818185,2,0.8,arrhenius,0.9,A*exp(-E/T),6,0.0,sigma,0.9285835267011336,0.38604162765743766,0.5,0.03,0.005
-0.0005226056675646353,3.408496964518499,typ,2620.158920788459,3,0.8,power_law_prefactor,0.9,A*T^p*exp(-E/T),6,2.444812999501878,sigma,0.9953952972435149,0.09802474889514164,0.5,0.03,0.005
0.03517120192790192,0.00042819767644717156,typ,223.90411148818185,2,0.8,arrhenius,0.9,A*exp(-E/T),6,0.0,kappa_e,0.9788251250630436,0.29202336951529057,0.5,0.03,0.005
0.015541977145361211,0.2796156795104769,typ,2620.158920788459,3,0.8,power_law_prefactor,0.9,A*T^p*exp(-E/T),6,1.905758575503234,kappa_e,0.9998606313225314,0.02369134789696157,0.5,0.03,0.005
0.02212574247570911,0.09324534487682129,typ,223.90411148818185,2,0.8,arrhenius,0.9,A*exp(-E/T),6,0.0,c_v_electronic,0.99400119912147,0.09703069617923975,0.5,0.03,0.005
0.015602883596944337,0.8035887116725625,typ,2620.158920788459,3,0.8,power_law_prefactor,0.9,A*T^p*exp(-E/T),6,0.6332901264679609,c_v_electronic,0.9999617054106833,0.00775256885899578,0.5,0.03,0.005
-0.00016754819489058368,0.025038809711242765,arith,223.90411148818185,2,1.0,arrhenius,0.9,A*exp(-E/T),6,0.0,sigma,0.6167540231428639,0.007455814341085217,0.5,0.03,0.005
0.00031760749664725807,0.021332424561201227,arith,2620.158920788459,3,1.0,power_law_prefactor,0.9,A*T^p*exp(-E/T),6,-0.04710270679791613,sigma,0.9735424257466035,0.0019589858298686242,0.5,0.03,0.005
0.009685548411921487,0.002543176160482873,arith,223.90411148818185,2,1.0,arrhenius,0.9,A*exp(-E/T),6,0.0,kappa_e,0.9479038135618285,0.12817920468609426,0.5,0.03,0.005
0.0010491986211535764,0.04404199762701866,arith,2620.158920788459,3,1.0,power_law_prefactor,0.9,A*T^p*exp(-E/T),6,0.8384843444984429,kappa_e,0.9999024875839777,0.005545549222839695,0.5,0.03,0.005
0.010024809509081365,0.06177665055437703,arith,223.90411148818185,2,1.0,arrhenius,0.9,A*exp(-E/T),6,0.0,c_v_electronic,0.9410664407519874,0.1416184530731884,0.5,0.03,0.005
0.0004755590340464176,1.4462018025293204,arith,2620.158920788459,3,1.0,power_law_prefactor,0.9,A*T^p*exp(-E/T),6,0.9271158786980056,c_v_electronic,0.9999809930547868,0.00254328290578408,0.5,0.03,0.005
-0.00027988959269837065,0.0095014335006142,typ,223.90411148818185,2,1.0,arrhenius,0.9,A*exp(-E/T),6,0.0,sigma,0.6037776702107872,0.012799418083738674,0.5,0.03,0.005
0.0005494881637438999,0.007225247245200027,typ,2620.158920788459,3,1.0,power_law_prefactor,0.9,A*T^p*exp(-E/T),6,-0.08052247550179913,sigma,0.9695613272071658,0.0035475915159987647,0.5,0.03,0.005
0.009186412944916305,0.0009051551551298951,typ,223.90411148818185,2,1.0,arrhenius,0.9,A*exp(-E/T),6,0.0,kappa_e,0.9599496687288337,0.10592471731175475,0.5,0.03,0.005
0.0020946625553084457,0.009412635543543246,typ,2620.158920788459,3,1.0,power_law_prefactor,0.9,A*T^p*exp(-E/T),6,0.6885225611326519,kappa_e,0.9994207843217193,0.012738386204566292,0.5,0.03,0.005
0.009803707862570262,0.06638002690832688,typ,223.90411148818185,2,1.0,arrhenius,0.9,A*exp(-E/T),6,0.0,c_v_electronic,0.9451141772846466,0.13336775378489024,0.5,0.03,0.005
0.000813269214540803,1.292129047733648,typ,2620.158920788459,3,1.0,power_law_prefactor,0.9,A*T^p*exp(-E/T),6,0.8728620585290456,c_v_electronic,0.9999521387314662,0.003938336768530136,0.5,0.03,0.005
-8.812854389786622e-05,0.028691253525092365,arith,223.90411148818185,2,1.2,arrhenius,0.9,A*exp(-E/T),6,0.0,sigma,0.5780303506763051,0.004250640793231132,0.5,0.03,0.005
0.00018487536506080963,0.026218000120213164,arith,2620.158920788459,3,1.2,power_law_prefactor,0.9,A*T^p*exp(-E/T),6,-0.026505353441498264,sigma,0.9607415468984036,0.0012965234909616313,0.5,0.03,0.005
0.009915433687501099,0.0029961429867017934,arith,223.90411148818185,2,1.2,arrhenius,0.9,A*exp(-E/T),6,0.0,kappa_e,0.9449910242199022,0.13504769534537356,0.5,0.03,0.005
0.0008160328450529547,0.060458401366261946,arith,2620.158920788459,3,1.2,power_law_prefactor,0.9,A*T^p*exp(-E/T),6,0.8834409600760668,kappa_e,0.9999003146589179,0.005748917115824113,0.5,0.03,0.005
0.010122789573546622,0.06614108869855177,arith,223.90411148818185,2,1.2,arrhenius,0.9,A*exp(-E/T),6,0.0,c_v_electronic,0.9399258325135126,0.14446738835750983,0.5,0.03,0.005
0.000381612990688432,1.649677034100583,arith,2620.158920788459,3,1.2,power_law_prefactor,0.9,A*T^p*exp(-E/T),6,0.9457495654533135,c_v_electronic,0.9999784557401679,0.0027358465226286375,0.5,0.03,0.005
-0.000155461418457722,0.014307984630213542,typ,223.90411148818185,2,1.2,arrhenius,0.9,A*exp(-E/T),6,0.0,sigma,0.583173204755446,0.00741949224340791,0.5,0.03,0.005
0.00032184386970711,0.012221676560612993,typ,2620.158920788459,3,1.2,power_law_prefactor,0.9,A*T^p*exp(-E/T),6,-0.04634052827507464,sigma,0.9624539403429522,0.002226786365150457,0.5,0.03,0.005
0.009623485759151394,0.0014393923473716413,typ,223.90411148818185,2,1.2,arrhenius,0.9,A*exp(-E/T),6,0.0,kappa_e,0.9520162177528091,0.12196353358583492,0.5,0.03,0.005
0.0014262522113833527,0.02156247222847908,typ,2620.158920788459,3,1.2,power_law_prefactor,0.9,A*T^p*exp(-E/T),6,0.795851507236126,kappa_e,0.9996735943138435,0.010059157719032123,0.5,0.03,0.005
0.010166439494715516,0.07141896817098767,typ,223.90411148818185,2,1.2,arrhenius,0.9,A*exp(-E/T),6,0.0,c_v_electronic,0.9392100777558711,0.1460077227238729,0.5,0.03,0.005
0.0003211982887688651,1.843590601757321,typ,2620.158920788459,3,1.2,power_law_prefactor,0.9,A*T^p*exp(-E/T),6,0.9558529724932958,c_v_electronic,0.9999807006846999,0.002601542853316755,0.5,0.03,0.005
-4.230806423663513e-05,0.02656633049453542,arith,223.90411148818185,2,1.36,arrhenius,0.9,A*exp(-E/T),6,0.0,sigma,0.5718469536547457,0.002066594615023866,0.5,0.03,0.005
9.01024726052824e-05,0.025429821834498025,arith,2620.158920788459,3,1.36,power_law_prefactor,0.9,A*T^p*exp(-E/T),6,-0.012855449915570923,sigma,0.958298080342307,0.0006449615103368971,0.5,0.03,0.005
0.010108536767703971,0.00284316424030528,arith,223.90411148818185,2,1.36,arrhenius,0.9,A*exp(-E/T),6,0.0,kappa_e,0.9404112522896371,0.14364285914452987,0.5,0.03,0.005
0.00042356165271663473,0.0696097380687682,arith,2620.158920788459,3,1.36,power_law_prefactor,0.9,A*T^p*exp(-E/T),6,0.9402930876485499,kappa_e,0.999971189118648,0.0031584949267488846,0.5,0.03,0.005
0.010208746264929042,0.06479772920349391,arith,223.90411148818185,2,1.36,arrhenius,0.9,A*exp(-E/T),6,0.0,c_v_electronic,0.9378387171634983,0.14836820416565077,0.5,0.03,0.005
0.0002032824941960414,1.7635481494223033,arith,2620.158920788459,3,1.36,power_law_prefactor,0.9,A*T^p*exp(-E/T),6,0.9714086314769407,c_v_electronic,0.9999933877927458,0.0015302207425981046,0.5,0.03,0.005
-0.00012762184440819055,0.012761301673126597,typ,223.90411148818185,2,1.36,arrhenius,0.9,A*exp(-E/T),6,0.0,sigma,0.5840450271888252,0.006079915410237605,0.5,0.03,0.005
0.00026361345035546163,0.011214763317498003,typ,2620.158920788459,3,1.36,power_law_prefactor,0.9,A*T^p*exp(-E/T),6,-0.03798418054178512,sigma,0.9627389490152145,0.001819708932110675,0.5,0.03,0.005
0.009748404242787055,0.0013045384311289228,typ,223.90411148818185,2,1.36,arrhenius,0.9,A*exp(-E/T),6,0.0,kappa_e,0.9489506119300651,0.1276378618086574,0.5,0.03,0.005
0.0011580203024901582,0.022251317867014966,typ,2620.158920788459,3,1.36,power_law_prefactor,0.9,A*T^p*exp(-E/T),6,0.8340216204384885,kappa_e,0.9997920332201174,0.008146690805272418,0.5,0.03,0.005
0.010265081878552091,0.06906949917944635,typ,223.90411148818185,2,1.36,arrhenius,0.9,A*exp(-E/T),6,0.0,c_v_electronic,0.9364851821991236,0.15091138892493988,0.5,0.03,0.005
8.770244076291294e-05,1.9896070224108733,typ,2620.158920788459,3,1.36,power_law_prefactor,0.9,A*T^p*exp(-E/T),6,0.9880995482291446,c_v_electronic,0.9999983816206272,0.0007617713854007254,0.5,0.03,0.005
-2.2699742553162883e-05,0.023674742200526858,arith,223.90411148818185,2,1.5,arrhenius,0.9,A*exp(-E/T),6,0.0,sigma,0.5720295718250479,0.0011083861669555627,0.5,0.03,0.005
4.8316556014914086e-05,0.0231260366110117,arith,2620.158920788459,3,1.5,power_law_prefactor,0.9,A*T^p*exp(-E/T),6,-0.006894817370319058,sigma,0.958315302984774,0.00034591750588964176,0.5,0.03,0.005
0.010197101501849845,0.0025626086504787204,arith,223.90411148818185,2,1.5,arrhenius,0.9,A*exp(-E/T),6,0.0,kappa_e,0.9381328457890814,0.14782475446683851,0.5,0.03,0.005
0.0002284285005933861,0.0689023230695926,arith,2620.158920788459,3,1.5,power_law_prefactor,0.9,A*T^p*exp(-E/T),6,0.9678366959977862,kappa_e,0.9999916529218601,0.0017170555121046266,0.5,0.03,0.005
0.010249184893876313,0.062067583641863336,arith,223.90411148818185,2,1.5,arrhenius,0.9,A*exp(-E/T),6,0.0,c_v_electronic,0.9367812903960708,0.1503022777666126,0.5,0.03,0.005
0.00011291689083024948,1.7638038070652287,arith,2620.158920788459,3,1.5,power_law_prefactor,0.9,A*T^p*exp(-E/T),6,0.98410812879304,c_v_electronic,0.9999979735546729,0.0008509620535283452,0.5,0.03,0.005
-0.00012396736253063358,0.009465164738709009,typ,223.90411148818185,2,1.5,arrhenius,0.9,A*exp(-E/T),6,0.0,sigma,0.5850465811953955,0.005893649943940124,0.5,0.03,0.005
0.00025541637004761626,0.008350699971029026,typ,2620.158920788459,3,1.5,power_law_prefactor,0.9,A*T^p*exp(-E/T),6,-0.03683353824601547,sigma,0.9630964714602493,0.0017575941980228671,0.5,0.03,0.005
0.009767512306695944,0.0009700007006516559,typ,223.90411148818185,2,1.5,arrhenius,0.9,A*exp(-E/T),6,0.0,kappa_e,0.9484156185852745,0.12859268278702915,0.5,0.03,0.005
0.0011109773424129847,0.016910531431117724,typ,2620.158920788459,3,1.5,power_law_prefactor,0.9,A*T^p*exp(-E/T),6,0.8404440789225256,kappa_e,0.9998122814465115,0.00775730277964575,0.5,0.03,0.005
0.010294080827485732,0.06587514145587181,typ,223.90411148818185,2,1.5,arrhenius,0.9,A*exp(-E/T),6,0.0,c_v_electronic,0.9356416260539137,0.15240803470468273,0.5,0.03,0.005
1.564220560092503e-05,1.9619814217900327,typ,2620.158920788459,3,1.5,power_law_prefactor,0.9,A*T^p*exp(-E/T),6,0.9979111637594292,c_v_electronic,0.999999940917384,0.00014602768147131838,0.5,0.03,0.005
-1.0185853148463485e-05,0.019615126909196343,arith,223.90411148818185,2,1.7,arrhenius,0.9,A*exp(-E/T),6,0.0,sigma,0.5746826788783,0.0004946664052965612,0.5,0.03,0.005
2.1538268604502284e-05,0.01941072441355089,arith,2620.158920788459,3,1.7,power_law_prefactor,0.9,A*T^p*exp(-E/T),6,-0.0030800257142468454,sigma,0.9592996874303799,0.0001530223101418784,0.5,0.03,0.005
0.010254483932155667,0.0021388758991831122,arith,223.90411148818185,2,1.7,arrhenius,0.9,A*exp(-E/T),6,0.0,kappa_e,0.9366262569241361,0.15057672571608427,0.5,0.03,0.005
9.966695865786876e-05,0.06115486733411024,arith,2620.158920788459,3,1.7,power_law_prefactor,0.9,A*T^p*exp(-E/T),6,0.985909007834197,kappa_e,0.9999984730184944,0.0007391286867963087,0.5,0.03,0.005
0.01027629386167367,0.057444904827512154,arith,223.90411148818185,2,1.7,arrhenius,0.9,A*exp(-E/T),6,0.0,c_v_electronic,0.9360646277346102,0.1516096069735074,0.5,0.03,0.005
5.172928903342536e-05,1.680734320374379,arith,2620.158920788459,3,1.7,power_law_prefactor,0.9,A*T^p*exp(-E/T),6,0.992680649947357,c_v_electronic,0.9999995927649162,0.00038262973391297136,0.5,0.03,0.005
-0.00014653542504742916,0.004326255247494076,typ,223.90411148818185,2,1.7,arrhenius,0.9,A*exp(-E/T),6,0.0,sigma,0.5867772060537421,0.00694177720413463,0.5,0.03,0.005
0.00030059338150851666,0.00373243196886152,typ,2620.158920788459,3,1.7,power_law_prefactor,0.9,A*T^p*exp(-E/T),6,-0.04341075956328011,sigma,0.9637146336566752,0.0020570473665647484,0.5,0.03,0.005
0.009674337173660407,0.00043814051038733765,typ,223.90411148818185,2,1.7,arrhenius,0.9,A*exp(-E/T),6,0.0,kappa_e,0.9505382352550635,0.12457868800907096,0.5,0.03,0.005
0.001294371342122545,0.006971679074158519,typ,2620.158920788459,3,1.7,power_law_prefactor,0.9,A*T^p*exp(-E/T),6,0.813592585687953,kappa_e,0.9997453194133777,0.008939369110265301,0.5,0.03,0.005
0.010306797614562265,0.061107358795274236,typ,223.90411148818185,2,1.7,arrhenius,0.9,A*exp(-E/T),6,0.0,c_v_electronic,0.9352852290413607,0.15304739599902992,0.5,0.03,0.005
-1.4761936048435128e-05,1.8460802398966623,typ,2620.158920788459,3,1.7,power_law_prefactor,0.9,A*T^p*exp(-E/T),6,1.002097680578779,c_v_electronic,0.9999999685793388,0.00010664288742383265,0.5,0.03,0.005
-5.099943999583064e-06,0.01622560915847187,arith,223.90411148818185,2,1.9,arrhenius,0.9,A*exp(-E/T),6,0.0,sigma,0.5772636685564074,0.00024636874259164666,0.5,0.03,0.005
1.0715047304598491e-05,0.016141097882448278,arith,2620.158920788459,3,1.9,power_law_prefactor,0.9,A*T^p*exp(-E/T),6,-0.0015354429751201551,sigma,0.9602623763214714,7.553561441736311e-05,0.5,0.03,0.005
0.010277545276735743,0.0017745111144643953,arith,223.90411148818185,2,1.9,arrhenius,0.9,A*exp(-E/T),6,0.0,kappa_e,0.9360253072452791,0.15167787399988894,0.5,0.03,0.005
4.837179254818872e-05,0.05199806902595176,arith,2620.158920788459,3,1.9,power_law_prefactor,0.9,A*T^p*exp(-E/T),6,0.9931281191063654,kappa_e,0.9999996547750821,0.0003523458785286576,0.5,0.03,0.005
0.010287715745821024,0.052903556628671064,arith,223.90411148818185,2,1.9,arrhenius,0.9,A*exp(-E/T),6,0.0,c_v_electronic,0.9357669289320897,0.15215526265626445,0.5,0.03,0.005
2.6327515222217612e-05,1.566798325552029,arith,2620.158920788459,3,1.9,power_law_prefactor,0.9,A*T^p*exp(-E/T),6,0.9962557784974353,c_v_electronic,0.9999998987578436,0.00019102417305515295,0.5,0.03,0.005
-0.0002493745103998783,0.0008607078432014068,typ,223.90411148818185,2,1.9,arrhenius,0.9,A*exp(-E/T),6,0.0,sigma,0.5925721039705997,0.011672916118602364,0.5,0.03,0.005
0.0005041538684001963,0.0006711142724715271,typ,2620.158920788459,3,1.9,power_law_prefactor,0.9,A*T^p*exp(-E/T),6,-0.07315842503675868,sigma,0.9658672057660419,0.0033786243319709327,0.5,0.03,0.005
0.009252069435243811,8.261030489460068e-05,typ,223.90411148818185,2,1.9,arrhenius,0.9,A*exp(-E/T),6,0.0,kappa_e,0.9598203974196123,0.10686100132815941,0.5,0.03,0.005
0.002107746063259706,0.0008741010381531828,typ,2620.158920788459,3,1.9,power_law_prefactor,0.9,A*T^p*exp(-E/T),6,0.6936267572032299,kappa_e,0.9993070573000011,0.014033470399772648,0.5,0.03,0.005
0.01030764482170882,0.056607381564275826,typ,223.90411148818185,2,1.9,arrhenius,0.9,A*exp(-E/T),6,0.0,c_v_electronic,0.9352339791528366,0.15312476646971845,0.5,0.03,0.005
-1.9132239597579918e-05,1.7130827478554498,typ,2620.158920788459,3,1.9,power_law_prefactor,0.9,A*T^p*exp(-E/T),6,1.0026042373002546,c_v_electronic,0.9999999638423269,0.00011441212939362701,0.5,0.03,0.005
-2.8054554979479166e-06,0.01353571025785501,arith,223.90411148818185,2,2.1,arrhenius,0.9,A*exp(-E/T),6,0.0,sigma,0.5791735172681813,0.00013499668140864315,0.5,0.03,0.005
5.866274159397658e-06,0.013497007375199809,arith,2620.158920788459,3,2.1,power_law_prefactor,0.9,A*T^p*exp(-E/T),6,-0.0008419192984935133,sigma,0.9609677565414366,4.1113392873239737e-05,0.5,0.03,0.005
0.010287769253141878,0.0014822670706916505,arith,223.90411148818185,2,2.1,arrhenius,0.9,A*exp(-E/T),6,0.0,kappa_e,0.9357630639204655,0.15216094593949148,0.5,0.03,0.005
2.599738026689576e-05,0.04390456770887842,arith,2620.158920788459,3,2.1,power_law_prefactor,0.9,A*T^p*exp(-E/T),6,0.9962930254883995,kappa_e,0.999999903262098,0.00018672786112880935,0.5,0.03,0.005
0.010293019059656166,0.048779138634779826,arith,223.90411148818185,2,2.1,arrhenius,0.9,A*exp(-E/T),6,0.0,c_v_electronic,0.9356311982692136,0.1524055094123472,0.5,0.03,0.005
1.474849030386256e-05,1.4527248230345688,arith,2620.158920788459,3,2.1,power_law_prefactor,0.9,A*T^p*exp(-E/T),6,0.9978948479059634,c_v_electronic,0.9999999691378606,0.00010553000749798792,0.5,0.03,0.005
-0.0001687350104567174,2.885279592971937e-05,typ,223.90411148818185,2,2.1,arrhenius,0.9,A*exp(-E/T),6,0.0,sigma,0.29605713724127547,0.014687864762088049,0.5,0.03,0.005
0.0008106494922996716,2.088045011822601e-05,typ,2620.158920788459,3,2.1,power_law_prefactor,0.9,A*T^p*exp(-E/T),6,-0.09508630297529094,sigma,0.9842141954097706,0.002199496733562112,0.5,0.03,0.005
0.00906984912970633,2.7207735638011155e-06,typ,223.90411148818185,2,2.1,arrhenius,0.9,A*exp(-E/T),6,0.0,kappa_e,0.9542834890608878,0.11206511007737392,0.5,0.03,0.005
0.0015669364657616709,3.2407318144044715e-05,typ,2620.158920788459,3,2.1,power_law_prefactor,0.9,A*T^p*exp(-E/T),6,0.7284414086124447,kappa_e,0.9993395322641874,0.013469754694591385,0.5,0.03,0.005
0.009840138537214478,0.05062781110997711,typ,223.90411148818185,2,2.1,arrhenius,0.9,A*exp(-E/T),6,0.0,c_v_electronic,0.920234158025008,0.16354340662266054,0.5,0.03,0.005
-0.0011855777860119297,1.9298581656811933,typ,2620.158920788459,3,2.1,power_law_prefactor,0.9,A*T^p*exp(-E/T),6,1.0704627241695417,c_v_electronic,0.999946494015297,0.0042357053699013415,0.5,0.03,0.005
-1.6651897142573607e-06,0.011417511761443134,arith,223.90411148818185,2,2.3,arrhenius,0.9,A*exp(-E/T),6,0.0,sigma,0.5805295922452416,7.990514197335996e-05,0.5,0.03,0.005
3.470131920864996e-06,0.011398167634984305,arith,2620.158920788459,3,2.3,power_law_prefactor,0.9,A*T^p*exp(-E/T),6,-0.0004985771650419477,sigma,0.9614622490481424,2.4219615616382334e-05,0.5,0.03,0.005
0.010292779150523757,0.0012511073519750066,arith,223.90411148818185,2,2.3,arrhenius,0.9,A*exp(-E/T),6,0.0,kappa_e,0.9356362950710763,0.1523955082624607,0.5,0.03,0.005
1.5183177336899436e-05,0.03725178318045955,arith,2620.158920788459,3,2.3,power_law_prefactor,0.9,A*T^p*exp(-E/T),6,0.9978293528371895,kappa_e,0.9999999676899765,0.0001079742723627576,0.5,0.03,0.005
0.010295727271129066,0.04512736995336526,arith,223.90411148818185,2,2.3,arrhenius,0.9,A*exp(-E/T),6,0.0,c_v_electronic,0.9355628595849065,0.15253208194336215,0.5,0.03,0.005
8.919031936224785e-06,1.347763197470399,arith,2620.158920788459,3,2.3,power_law_prefactor,0.9,A*T^p*exp(-E/T),6,0.9987237516295522,c_v_electronic,0.999999988932397,6.321495786759235e-05,0.5,0.03,0.005
-0.0003061430968809269,3.327153230121445e-06,typ,223.90411148818185,2,2.3,arrhenius,0.9,A*exp(-E/T),6,0.0,sigma,0.9595408880591743,0.0035487338273925023,0.5,0.03,0.005
-0.00030701718646048153,3.3281136686825108e-06,typ,2620.158920788459,3,2.3,power_law_prefactor,0.9,A*T^p*exp(-E/T),6,8.48634487941276e-05,sigma,0.9595414277467373,0.0035487101588811834,0.5,0.03,0.005
0.010162977873457688,3.554356317467313e-07,typ,223.90411148818185,2,2.3,arrhenius,0.9,A*exp(-E/T),6,0.0,kappa_e,0.953935914759481,0.12607098057458416,0.5,0.03,0.005
0.0016647079368976225,5.880987677384154e-06,typ,2620.158920788459,3,2.3,power_law_prefactor,0.9,A*T^p*exp(-E/T),6,0.8250784729382782,kappa_e,0.9999567256476747,0.0038641074417390176,0.5,0.03,0.005
0.012349065546153849,0.053834215213626954,typ,223.90411148818185,2,2.3,arrhenius,0.9,A*exp(-E/T),6,0.0,c_v_electronic,0.9766432613450313,0.10780644933963274,0.5,0.03,0.005
0.005179773375437881,0.5743365207778591,typ,2620.158920788459,3,2.3,power_law_prefactor,0.9,A*T^p*exp(-E/T),6,0.6960509233549911,c_v_electronic,0.999354264041131,0.017925287404592868,0.5,0.03,0.005
0.00871514410373091,2.7124471938156927e-08,arith,223.90411148818185,2,0.4,arrhenius,1.5,A*exp(-E/T),6,0.0,sigma,0.2664874279687718,0.8162299303402183,0.5,0.03,0.005
-0.036096473930576745,0.07236765785169426,arith,2620.158920788459,3,0.4,power_law_prefactor,1.5,A*T^p*exp(-E/T),6,4.350662152843379,sigma,0.7525865251906252,0.47404591596027484,0.5,0.03,0.005
0.035486551127174144,3.592643744691734e-08,arith,223.90411148818185,2,0.4,arrhenius,1.5,A*exp(-E/T),6,0.0,kappa_e,0.48848769468457387,2.049922994672201,0.5,0.03,0.005
-0.0890160751748781,25682580270.53467,arith,2620.158920788459,3,0.4,power_law_prefactor,1.5,A*T^p*exp(-E/T),6,12.08768814746317,kappa_e,0.9033452946621935,0.8910888403005892,0.5,0.03,0.005
0.012258938732316567,5.1163410335094006e-05,arith,223.90411148818185,2,0.4,arrhenius,1.5,A*exp(-E/T),6,0.0,c_v_electronic,0.8426480788682479,0.29904621291109074,0.5,0.03,0.005
-0.00706057125413282,0.030162145795862003,arith,2620.158920788459,3,0.4,power_law_prefactor,1.5,A*T^p*exp(-E/T),6,1.8756890421849164,c_v_electronic,0.9870419245113405,0.08581684321902189,0.5,0.03,0.005
0.003349224292093439,1.2237532951403922e-08,typ,223.90411148818185,2,0.4,arrhenius,1.5,A*exp(-E/T),6,0.0,sigma,0.2701883211961147,0.3107340715083596,0.5,0.03,0.005
-0.013717122539598992,3.428333894490175e-06,typ,2620.158920788459,3,0.4,power_law_prefactor,1.5,A*T^p*exp(-E/T),6,1.6569343510671437,sigma,0.7542216046138472,0.18032474362239195,0.5,0.03,0.005
0.0270335749551711,9.805525347276152e-09,typ,223.90411148818185,2,0.4,arrhenius,1.5,A*exp(-E/T),6,0.0,kappa_e,0.46681490511842394,1.6309575186821321,0.5,0.03,0.005
-0.0670271035867022,302124.60452450055,typ,2620.158920788459,3,0.4,power_law_prefactor,1.5,A*T^p*exp(-E/T),6,9.132145906661997,kappa_e,0.8567299117087641,0.8454373168957493,0.5,0.03,0.005
0.011432468127151492,4.525141080912571e-05,typ,223.90411148818185,2,0.4,arrhenius,1.5,A*exp(-E/T),6,0.0,c_v_electronic,0.8889932312745391,0.2280541752131336,0.5,0.03,0.005
-0.003685473152281359,0.006662104361404162,typ,2620.158920788459,3,0.4,power_law_prefactor,1.5,A*T^p*exp(-E/T),6,1.4677679101652183,c_v_electronic,0.9962487746394731,0.041922760796511284,0.5,0.03,0.005
0.023860681557040755,5.045432249727592e-07,arith,223.90411148818185,2,0.8,arrhenius,1.5,A*exp(-E/T),6,0.0,sigma,0.4143709016484257,1.6012976575711204,0.5,0.03,0.005
-0.07567385389671893,94752085.28569636,arith,2620.158920788459,3,0.8,power_law_prefactor,1.5,A*T^p*exp(-E/T),6,9.663590722566365,sigma,0.9118640822557433,0.621208243372903,0.5,0.03,0.005
0.05775332832332674,2.5777732324465384e-06,arith,223.90411148818185,2,0.8,arrhenius,1.5,A*exp(-E/T),6,0.0,kappa_e,0.676876692026666,2.2525731651355776,0.5,0.03,0.005
-0.09201771401407227,7745888950113216.0,arith,2620.158920788459,3,0.8,power_law_prefactor,1.5,A*T^p*exp(-E/T),6,14.540943489038332,kappa_e,0.9909472399634871,0.377038125172663,0.5,0.03,0.005
0.020452199223410714,0.00023813422362161068,arith,223.90411148818185,2,0.8,arrhenius,1.5,A*exp(-E/T),6,0.0,c_v_electronic,0.6223759199447896,0.8993235975194429,0.5,0.03,0.005
-0.03515821909713557,22469.8680612043,arith,2620.158920788459,3,0.8,power_law_prefactor,1.5,A*T^p*exp(-E/T),6,5.399094094432365,c_v_electronic,0.9398447266485699,0.35894094450205016,0.5,0.03,0.005
0.0003285459272996166,1.3178654331912887e-08,typ,223.90411148818185,2,0.8,arrhenius,1.5,A*exp(-E/T),6,0.0,sigma,0.4525742324968406,0.02039794043382492,0.5,0.03,0.005
-0.0009068131038934757,1.981650167262393e-08,typ,2620.158920788459,3,0.8,power_law_prefactor,1.5,A*T^p*exp(-E/T),6,0.11993831104403772,sigma,0.8940430365572134,0.008974049341568535,0.5,0.03,0.005
0.01494841874590484,2.7675786104730066e-09,typ,223.90411148818185,2,0.8,arrhenius,1.5,A*exp(-E/T),6,0.0,kappa_e,0.7173972423036112,0.5296343286420209,0.5,0.03,0.005
-0.017548644871570086,0.00012656741069812198,typ,2620.158920788459,3,0.8,power_law_prefactor,1.5,A*T^p*exp(-E/T),6,3.1550689522268685,kappa_e,0.951320507418073,0.219816834797872,0.5,0.03,0.005
0.014145548065984895,9.120764687301853e-05,typ,223.90411148818185,2,0.8,arrhenius,1.5,A*exp(-E/T),6,0.0,c_v_electronic,0.7524806120601278,0.45798289466204906,0.5,0.03,0.005
-0.014351310485067506,1.1132845224816583,typ,2620.158920788459,3,0.8,power_law_prefactor,1.5,A*T^p*exp(-E/T),6,2.766697776413222,c_v_electronic,0.9631811837204808,0.17663613668245548,0.5,0.03,0.005
0.03973130250291823,1.3150600688039385e-05,arith,223.90411148818185,2,1.0,arrhenius,1.5,A*exp(-E/T),6,0.0,sigma,0.6361965202775379,1.6960674027877602,0.5,0.03,0.005
-0.07319479118755581,205610065255.00955,arith,2620.158920788459,3,1.0,power_law_prefactor,1.5,A*T^p*exp(-E/T),6,10.963747872515103,sigma,0.9907896184392299,0.26986620023183655,0.5,0.03,0.005
0.07210119578274915,7.7147876160464e-05,arith,223.90411148818185,2,1.0,arrhenius,1.5,A*exp(-E/T),6,0.0,kappa_e,0.8169301910232094,1.9267744711780082,0.5,0.03,0.005
-0.04980817652812856,23424182387683.195,arith,2620.158920788459,3,1.0,power_law_prefactor,1.5,A*T^p*exp(-E/T),6,11.835914779595303,kappa_e,0.9780653030039689,0.6669424169456708,0.5,0.03,0.005
0.03042667219043699,0.0016334532910440224,arith,223.90411148818185,2,1.0,arrhenius,1.5,A*exp(-E/T),6,0.0,c_v_electronic,0.702071727578339,1.118902122205371,0.5,0.03,0.005
-0.043879547672842585,73951270.91505307,arith,2620.158920788459,3,1.0,power_law_prefactor,1.5,A*T^p*exp(-E/T),6,7.2142286456278555,c_v_electronic,0.9909659743900913,0.19483945096385194,0.5,0.03,0.005
0.00030903270994703805,2.0369759749136e-08,typ,223.90411148818185,2,1.0,arrhenius,1.5,A*exp(-E/T),6,0.0,sigma,0.5288923909019834,0.01646468306731809,0.5,0.03,0.005
-0.0007270468227245804,2.8679017642167587e-08,typ,2620.158920788459,3,1.0,power_law_prefactor,1.5,A*T^p*exp(-E/T),6,0.10059069964132336,sigma,0.939059272288709,0.005921709982375642,0.5,0.03,0.005
0.012087250136008108,2.824480216309102e-09,typ,223.90411148818185,2,1.0,arrhenius,1.5,A*exp(-E/T),6,0.0,kappa_e,0.8757847006610145,0.25697383315433814,0.5,0.03,0.005
-0.00494474293325969,7.823503741523693e-07,typ,2620.158920788459,3,1.0,power_law_prefactor,1.5,A*T^p*exp(-E/T),6,1.6535990192816479,kappa_e,0.9957592871439513,0.047481102105309196,0.5,0.03,0.005
0.019711640921515106,0.0002824602040761051,typ,223.90411148818185,2,1.0,arrhenius,1.5,A*exp(-E/T),6,0.0,c_v_electronic,0.6252249793613247,0.8615142437319605,0.5,0.03,0.005
-0.033200308511873895,10933.612117036686,typ,2620.158920788459,3,1.0,power_law_prefactor,1.5,A*T^p*exp(-E/T),6,5.137105642040645,c_v_electronic,0.9360487831260734,0.3558783351241375,0.5,0.03,0.005
0.0531974276583027,0.0011288992388418064,arith,223.90411148818185,2,1.2,arrhenius,1.5,A*exp(-E/T),6,0.0,sigma,0.9200186962598047,0.8854398640253383,0.5,0.03,0.005
0.00014514763560254776,45770.49385686175,arith,2620.158920788459,3,1.2,power_law_prefactor,1.5,A*T^p*exp(-E/T),6,5.150730032557786,sigma,0.9831492323962666,0.40641962965478967,0.5,0.03,0.005
0.0678759170317995,0.0018153607972266476,arith,223.90411148818185,2,1.2,arrhenius,1.5,A*exp(-E/T),6,0.0,kappa_e,0.9964923289979235,0.22733205692701428,0.5,0.03,0.005
0.05339774855923663,0.21636949153769425,arith,2620.158920788459,3,1.2,power_law_prefactor,1.5,A*T^p*exp(-E/T),6,1.4056537652321708,kappa_e,0.9996204660669433,0.07477846754147886,0.5,0.03,0.005
0.040574368431054,0.02833282983897461,arith,223.90411148818185,2,1.2,arrhenius,1.5,A*exp(-E/T),6,0.0,c_v_electronic,0.9177502571291225,0.6856923599607216,0.5,0.03,0.005
-0.002034640037871643,36526.602114455636,arith,2620.158920788459,3,1.2,power_law_prefactor,1.5,A*T^p*exp(-E/T),6,4.136815599338947,c_v_electronic,0.9875798994466711,0.26645544045321046,0.5,0.03,0.005
0.0005512157037738727,3.996909295267036e-08,typ,223.90411148818185,2,1.2,arrhenius,1.5,A*exp(-E/T),6,0.0,sigma,0.5029762686259844,0.030932065581311594,0.5,0.03,0.005
-0.0013789291768511885,7.559891496619797e-08,typ,2620.158920788459,3,1.2,power_law_prefactor,1.5,A*T^p*exp(-E/T),6,0.18739355216344147,sigma,0.9284768256070209,0.01173393694872289,0.5,0.03,0.005
0.013066369951744062,6.249816607776009e-09,typ,223.90411148818185,2,1.2,arrhenius,1.5,A*exp(-E/T),6,0.0,kappa_e,0.855727284011143,0.30286695385754475,0.5,0.03,0.005
-0.006998685648426688,4.712860072716652e-06,typ,2620.158920788459,3,1.2,power_law_prefactor,1.5,A*T^p*exp(-E/T),6,1.9480724379898267,kappa_e,0.994953877419167,0.05664201359085887,0.5,0.03,0.005
0.031553623905103426,0.00321236568157691,typ,223.90411148818185,2,1.2,arrhenius,1.5,A*exp(-E/T),6,0.0,c_v_electronic,0.7198614200709845,1.111178377473354,0.5,0.03,0.005
-0.04252523185498021,134914580.25327983,typ,2620.158920788459,3,1.2,power_law_prefactor,1.5,A*T^p*exp(-E/T),6,7.192154361277437,c_v_electronic,0.9936119216857234,0.16779632168144545,0.5,0.03,0.005
0.018368560604055825,0.0037375259323850956,arith,223.90411148818185,2,1.36,arrhenius,1.5,A*exp(-E/T),6,0.0,sigma,0.9933822832334962,0.08463374007207188,0.5,0.03,0.005
0.012665924338524946,0.024567861224481343,arith,2620.158920788459,3,1.36,power_law_prefactor,1.5,A*T^p*exp(-E/T),6,0.553656503830839,sigma,0.9999882059087786,0.0035729067919314664,0.5,0.03,0.005
0.02262159711629688,0.0007617691860064666,arith,223.90411148818185,2,1.36,arrhenius,1.5,A*exp(-E/T),6,0.0,kappa_e,0.9760104466714937,0.2002071744064029,0.5,0.03,0.005
0.009121235259377037,0.06574075712590736,arith,2620.158920788459,3,1.36,power_law_prefactor,1.5,A*T^p*exp(-E/T),6,1.3107206558715359,kappa_e,0.9999940670336409,0.003148505805073095,0.5,0.03,0.005
0.01774544295769384,0.03733023280380681,arith,223.90411148818185,2,1.36,arrhenius,1.5,A*exp(-E/T),6,0.0,c_v_electronic,0.9736687585894267,0.16473634245703686,0.5,0.03,0.005
0.006636375895714191,1.4626816123141722,arith,2620.158920788459,3,1.36,power_law_prefactor,1.5,A*T^p*exp(-E/T),6,1.0785550654062894,c_v_electronic,0.9999962031244648,0.00197818512742111,0.5,0.03,0.005
0.0011539085290110534,9.766226113301365e-08,typ,223.90411148818185,2,1.36,arrhenius,1.5,A*exp(-E/T),6,0.0,sigma,0.5760111795151588,0.055886338248757966,0.5,0.03,0.005
-0.0024629593813266944,3.224048377855079e-07,typ,2620.158920788459,3,1.36,power_law_prefactor,1.5,A*T^p*exp(-E/T),6,0.35115380831135695,sigma,0.9664647745624514,0.015717340699096347,0.5,0.03,0.005
0.014089461251298152,1.685456734799823e-08,typ,223.90411148818185,2,1.36,arrhenius,1.5,A*exp(-E/T),6,0.0,kappa_e,0.8798128917533576,0.2939684309730012,0.5,0.03,0.005
-0.005703331969087755,1.1616926916294138e-05,typ,2620.158920788459,3,1.36,power_law_prefactor,1.5,A*T^p*exp(-E/T),6,1.9216390779967454,kappa_e,0.999605964726118,0.016832138737093078,0.5,0.03,0.005
0.03924922013020775,0.052354945791069,typ,223.90411148818185,2,1.36,arrhenius,1.5,A*exp(-E/T),6,0.0,c_v_electronic,0.9383640182067291,0.5678518472239785,0.5,0.03,0.005
0.00524854667939048,3933.724232850295,typ,2620.158920788459,3,1.36,power_law_prefactor,1.5,A*T^p*exp(-E/T),6,3.3010511479502767,c_v_electronic,0.9869488053434642,0.2613021705957138,0.5,0.03,0.005
-2.0922824739494478e-07,0.006875187698829685,arith,223.90411148818185,2,1.5,arrhenius,1.5,A*exp(-E/T),6,0.0,sigma,0.5839104423073855,9.970412572779843e-06,0.5,0.03,0.005
4.323179863393096e-07,0.00687373141949442,arith,2620.158920788459,3,1.5,power_law_prefactor,1.5,A*T^p*exp(-E/T),6,-6.228632307145382e-05,sigma,0.9626821310724791,2.985919800843285e-06,0.5,0.03,0.005
0.01029906906616578,0.000753972651006896,arith,223.90411148818185,2,1.5,arrhenius,1.5,A*exp(-E/T),6,0.0,kappa_e,0.9354798071739023,0.15268666708423007,0.5,0.03,0.005
1.8347113256107653e-06,0.02259562266389102,arith,2620.158920788459,3,1.5,power_law_prefactor,1.5,A*T^p*exp(-E/T),6,0.999736000433274,kappa_e,0.9999999995513279,1.2732620446675512e-05,0.5,0.03,0.005
0.010299300202538577,0.035560442915847805,arith,223.90411148818185,2,1.5,arrhenius,1.5,A*exp(-E/T),6,0.0,c_v_electronic,0.935474170045115,0.15269722393959184,0.5,0.03,0.005
1.3538738657727067e-06,1.0659528190675138,arith,2620.158920788459,3,1.5,power_law_prefactor,1.5,A*T^p*exp(-E/T),6,0.9998051244181697,c_v_electronic,0.9999999997563015,9.384059984358503e-06,0.5,0.03,0.005
1.6445392672285654e-07,3.791072106552792e-07,typ,223.90411148818185,2,1.5,arrhenius,1.5,A*exp(-E/T),6,0.0,sigma,0.7945477203800879,4.72076369725528e-06,0.5,0.03,0.005
-1.4876168418678425e-07,3.7914642148844366e-07,typ,2620.158920788459,3,1.5,power_law_prefactor,1.5,A*T^p*exp(-E/T),6,3.0409419800835126e-05,sigma,0.993401694121272,8.460051404535698e-07,0.5,0.03,0.005
0.010299874447162493,4.1578835991584475e-08,typ,223.90411148818185,2,1.5,arrhenius,1.5,A*exp(-E/T),6,0.0,kappa_e,0.9354804370577955,0.15269781031342294,0.5,0.03,0.005
1.8887166775485615e-06,1.2463751980618242e-06,typ,2620.158920788459,3,1.5,power_law_prefactor,1.5,A*T^p*exp(-E/T),6,0.9998089498540872,kappa_e,0.9999999979592752,2.7156845375812734e-05,0.5,0.03,0.005
0.01029995805417328,0.03654406286915986,typ,223.90411148818185,2,1.5,arrhenius,1.5,A*exp(-E/T),6,0.0,c_v_electronic,0.9354581900222614,0.1527271897130479,0.5,0.03,0.005
-9.1945548562326e-09,1.0961688565445238,typ,2620.158920788459,3,1.5,power_law_prefactor,1.5,A*T^p*exp(-E/T),6,1.0000013311338438,c_v_electronic,0.9999999999988104,6.556964897796708e-07,0.5,0.03,0.005
-0.00018842298217578216,0.013001340879187064,arith,223.90411148818185,2,1.7,arrhenius,1.5,A*exp(-E/T),6,0.0,sigma,0.5831348334804495,0.00899331300995535,0.5,0.03,0.005
0.0003906389321137833,0.010738611192135296,arith,2620.158920788459,3,1.7,power_law_prefactor,1.5,A*T^p*exp(-E/T),6,-0.056219856929152316,sigma,0.9631205091483698,0.002674941965282853,0.5,0.03,0.005
0.009506866354038628,0.0012892434847834695,arith,223.90411148818185,2,1.7,arrhenius,1.5,A*exp(-E/T),6,0.0,kappa_e,0.9540416829051085,0.11778996629285524,0.5,0.03,0.005
0.0015929941793752435,0.017588104655560648,arith,2620.158920788459,3,1.7,power_law_prefactor,1.5,A*T^p*exp(-E/T),6,0.7683405702152672,kappa_e,0.999654470874291,0.010213358338024872,0.5,0.03,0.005
0.009910325311640043,0.045579729093638645,arith,223.90411148818185,2,1.7,arrhenius,1.5,A*exp(-E/T),6,0.0,c_v_electronic,0.9448032304708914,0.13522175908649375,0.5,0.03,0.005
0.0007977072311969114,0.9237645108067768,arith,2620.158920788459,3,1.7,power_law_prefactor,1.5,A*T^p*exp(-E/T),6,0.8847241928543633,c_v_electronic,0.9999179839740615,0.005212416511952102,0.5,0.03,0.005
-0.000973727850548683,3.6059880275447097e-06,typ,223.90411148818185,2,1.7,arrhenius,1.5,A*exp(-E/T),6,0.0,sigma,0.6397724641681866,0.04124637619456825,0.5,0.03,0.005
0.001728060630368815,1.4776647822965062e-06,typ,2620.158920788459,3,1.7,power_law_prefactor,1.5,A*T^p*exp(-E/T),6,-0.26231074450193825,sigma,0.9796081917907672,0.009813529081169664,0.5,0.03,0.005
0.00667102454865344,2.496099368916386e-07,typ,223.90411148818185,2,1.7,arrhenius,1.5,A*exp(-E/T),6,0.0,kappa_e,0.9933605961642542,0.03078762173111708,0.5,0.03,0.005
0.0058371258869569466,3.2873550178346355e-07,typ,2620.158920788459,3,1.7,power_law_prefactor,1.5,A*T^p*exp(-E/T),6,0.0809614003219564,kappa_e,0.9944315343105263,0.02819547228142818,0.5,0.03,0.005
0.00930035587288319,0.054973482449193055,typ,223.90411148818185,2,1.7,arrhenius,1.5,A*exp(-E/T),6,0.0,c_v_electronic,0.9659082260656385,0.09863452548075048,0.5,0.03,0.005
0.0027980954727379265,0.47055024599952927,typ,2620.158920788459,3,1.7,power_law_prefactor,1.5,A*T^p*exp(-E/T),6,0.6312902651537042,c_v_electronic,0.9984830014834933,0.02080639013916394,0.5,0.03,0.005
-5.772132812670787e-05,0.013585990358585376,arith,223.90411148818185,2,1.9,arrhenius,1.5,A*exp(-E/T),6,0.0,sigma,0.5626428225850721,0.0028728343033472825,0.5,0.03,0.005
0.00012574330333871216,0.0127873828069968,arith,2620.158920788459,3,1.9,power_law_prefactor,1.5,A*T^p*exp(-E/T),6,-0.017812180490576233,sigma,0.9548186680356943,0.0009233619280874463,0.5,0.03,0.005
0.010027294079177391,0.0014386953575215862,arith,223.90411148818185,2,1.9,arrhenius,1.5,A*exp(-E/T),6,0.0,kappa_e,0.9427586202466576,0.13947972029932795,0.5,0.03,0.005
0.0006264025023383924,0.03206993384651464,arith,2620.158920788459,3,1.9,power_law_prefactor,1.5,A*T^p*exp(-E/T),6,0.9127120372003801,kappa_e,0.9999311065491421,0.004838881542545228,0.5,0.03,0.005
0.010165074592855924,0.04804996361964358,arith,223.90411148818185,2,1.9,arrhenius,1.5,A*exp(-E/T),6,0.0,c_v_electronic,0.9391338594450487,0.14608553918552092,0.5,0.03,0.005
0.0003144323965309856,1.242563245092989,arith,2620.158920788459,3,1.9,power_law_prefactor,1.5,A*T^p*exp(-E/T),6,0.9563773428565407,c_v_electronic,0.9999825772760157,0.0024715953744853273,0.5,0.03,0.005
-0.0005642748708280904,7.1185868524381524e-06,typ,223.90411148818185,2,1.9,arrhenius,1.5,A*exp(-E/T),6,0.0,sigma,0.6214637119050732,0.02486045696943967,0.5,0.03,0.005
0.0010570969458532043,4.167560705758675e-06,typ,2620.158920788459,3,1.9,power_law_prefactor,1.5,A*T^p*exp(-E/T),6,-0.1574154495631277,sigma,0.9754737504555833,0.006328064819894555,0.5,0.03,0.005
0.008119720504496638,5.925196851089137e-07,typ,223.90411148818185,2,1.9,arrhenius,1.5,A*exp(-E/T),6,0.0,kappa_e,0.9788300002368148,0.06740938984263295,0.5,0.03,0.005
0.0038246737108276617,2.4469854919173206e-06,typ,2620.158920788459,3,1.9,power_law_prefactor,1.5,A*T^p*exp(-E/T),6,0.41699671535183197,kappa_e,0.9977263053986427,0.022091542201628137,0.5,0.03,0.005
0.010187257832314256,0.05664025244142322,typ,223.90411148818185,2,1.9,arrhenius,1.5,A*exp(-E/T),6,0.0,c_v_electronic,0.9381220264244406,0.14769581780343205,0.5,0.03,0.005
0.0002308632730287282,1.5167568829431577,typ,2620.158920788459,3,1.9,power_law_prefactor,1.5,A*T^p*exp(-E/T),6,0.9666446088756795,c_v_electronic,0.9999471393135371,0.0043168460006500166,0.5,0.03,0.005
-2.0497493666278277e-05,0.012347701264316262,arith,223.90411148818185,2,2.1,arrhenius,1.5,A*exp(-E/T),6,0.0,sigma,0.5668451111824675,0.0010114925618754436,0.5,0.03,0.005
4.418469861219119e-05,0.012086774029832445,arith,2620.158920788459,3,2.1,power_law_prefactor,1.5,A*T^p*exp(-E/T),6,-0.00627985282060766,sigma,0.9562920810155788,0.0003213077108120419,0.5,0.03,0.005
0.010204065256693207,0.0013376752744906507,arith,223.90411148818185,2,2.1,arrhenius,1.5,A*exp(-E/T),6,0.0,kappa_e,0.9380269607146915,0.14806059474352012,0.5,0.03,0.005
0.0002194794882310637,0.03615632131522246,arith,2620.158920788459,3,2.1,power_law_prefactor,1.5,A*T^p*exp(-E/T),6,0.9693816318216959,kappa_e,0.9999917466404332,0.001708651432042587,0.5,0.03,0.005
0.010251882287662882,0.04651923903024149,arith,223.90411148818185,2,2.1,arrhenius,1.5,A*exp(-E/T),6,0.0,c_v_electronic,0.9367529415981768,0.15037781457162597,0.5,0.03,0.005
0.000110525694781976,1.3241822605108924,arith,2620.158920788459,3,2.1,power_law_prefactor,1.5,A*T^p*exp(-E/T),6,0.9846021688696319,c_v_electronic,0.9999979033827858,0.0008658111549112193,0.5,0.03,0.005
-0.0003664933244054414,4.953461805050364e-06,typ,223.90411148818185,2,2.1,arrhenius,1.5,A*exp(-E/T),6,0.0,sigma,0.6859577884159376,0.013998577672379825,0.5,0.03,0.005
0.0005275928498583589,3.687168005750895e-06,typ,2620.158920788459,3,2.1,power_law_prefactor,1.5,A*T^p*exp(-E/T),6,-0.08680487450311862,sigma,0.9676274009113337,0.0044944720316281135,0.5,0.03,0.005
0.009081284461131645,4.6483335673051024e-07,typ,223.90411148818185,2,2.1,arrhenius,1.5,A*exp(-E/T),6,0.0,kappa_e,0.9649155754445562,0.09775350208689572,0.5,0.03,0.005
0.0025489163388210485,4.018533757554954e-06,typ,2620.158920788459,3,2.1,power_law_prefactor,1.5,A*T^p*exp(-E/T),6,0.6342133581612591,kappa_e,0.9993626259932994,0.013175658215629991,0.5,0.03,0.005
0.010747521115700945,0.053558987433889926,typ,223.90411148818185,2,2.1,arrhenius,1.5,A*exp(-E/T),6,0.0,c_v_electronic,0.9498361659763267,0.1394285921982417,0.5,0.03,0.005
0.001356565960807888,1.189971754693178,typ,2620.158920788459,3,2.1,power_law_prefactor,1.5,A*T^p*exp(-E/T),6,0.9117473316889246,c_v_electronic,0.9998704401819745,0.007085844964391868,0.5,0.03,0.005
-8.755878026583116e-06,0.010823101373053414,arith,223.90411148818185,2,2.3,arrhenius,1.5,A*exp(-E/T),6,0.0,sigma,0.5725414140030014,0.00042708645432561144,0.5,0.03,0.005
1.8612347864853924e-05,0.010725733506290018,arith,2620.158920788459,3,2.3,power_law_prefactor,1.5,A*T^p*exp(-E/T),6,-0.002657121295755917,sigma,0.9584787325682261,0.0001331079748150601,0.5,0.03,0.005
0.010260314086902254,0.0011810444891606337,arith,223.90411148818185,2,2.3,arrhenius,1.5,A*exp(-E/T),6,0.0,kappa_e,0.9364906689739997,0.15083433829610615,0.5,0.03,0.005
8.810003226099558e-05,0.03396303690241393,arith,2620.158920788459,3,2.3,power_law_prefactor,1.5,A*T^p*exp(-E/T),6,0.9875980524574677,kappa_e,0.9999987671963276,0.0006645511487086402,0.5,0.03,0.005
0.01027958356954141,0.04392973808474586,arith,223.90411148818185,2,2.3,arrhenius,1.5,A*exp(-E/T),6,0.0,c_v_electronic,0.9359886715152546,0.15175435763265926,0.5,0.03,0.005
4.5250287506747477e-05,1.289457534058189,arith,2620.158920788459,3,2.3,power_law_prefactor,1.5,A*T^p*exp(-E/T),6,0.9936290726133953,c_v_electronic,0.999999676252443,0.00034128405663474975,0.5,0.03,0.005
-0.00011382517758483536,2.4804132810240517e-06,typ,223.90411148818185,2,2.3,arrhenius,1.5,A*exp(-E/T),6,0.0,sigma,0.27356870512207376,0.010470680960691862,0.5,0.03,0.005
0.0005856084176513727,1.9688933518838734e-06,typ,2620.158920788459,3,2.3,power_law_prefactor,1.5,A*T^p*exp(-E/T),6,-0.06790648061159865,sigma,0.986255483831909,0.0014402649186425107,0.5,0.03,0.005
0.009422729462031395,2.443753070606595e-07,typ,223.90411148818185,2,2.3,arrhenius,1.5,A*exp(-E/T),6,0.0,kappa_e,0.9481657481255276,0.12436997106061146,0.5,0.03,0.005
0.001063980227274226,3.8613462276081644e-06,typ,2620.158920788459,3,2.3,power_law_prefactor,1.5,A*T^p*exp(-E/T),6,0.8115327126310294,kappa_e,0.9996446642734754,0.010297375584125945,0.5,0.03,0.005
0.00938472948854505,0.04499952125247311,typ,223.90411148818185,2,2.3,arrhenius,1.5,A*exp(-E/T),6,0.0,c_v_electronic,0.9005811877206779,0.1760220739517126,0.5,0.03,0.005
-0.0024652422830840678,2.25188388307493,typ,2620.158920788459,3,2.3,power_law_prefactor,1.5,A*T^p*exp(-E/T),6,1.1504878859678656,c_v_electronic,0.9996484059115707,0.01046775696004142,0.5,0.03,0.005
