disorder_correlation_lambda,expected_grid_points,largest_metal_component_fraction,largest_metal_component_points,localized_points,metal_components,metal_fraction,metal_points,missing_points,points,regular_grid_complete
0.0,1369,0.3754565376186998,514,819,1,0.3754565376186998,514,36,1333,False
0.1,1369,0.03579254930606282,49,585,73,0.15047479912344777,206,578,791,False
0.25,1369,0.021183345507669833,29,448,103,0.14317019722425128,196,725,644,False
0.5,1369,0.295836376917458,405,270,72,0.39006574141709277,534,565,804,False
0.75,1369,0.13951789627465302,191,0,157,0.3725346968590212,510,859,510,False
1.0,1369,0.04163623082542001,57,0,143,0.3783783783783784,518,851,518,False
1.25,1369,0.03287070854638422,45,0,89,0.4397370343316289,602,767,602,False
1.5,1369,0.19138056975894813,262,320,30,0.40175310445580714,550,499,870,False
2.0,1369,0.002191380569758948,3,74,14,0.01241782322863404,17,1278,91,False
